codigo_estructura,potencia,tipo,potencia2,porcentaje_perdida,doblenivel,descripcion_larga,desc_nemot,perdidas_w,perdidas2_w
TUT0085,35,C,0,0,,Banco de 3 transformadores 13 kV 1F convenc. Frente muerto 35 kVA,TUT-3R35,,
TRV0385,960,C,0,0,,Transformador 22 kV 3F conv. 960 kVA en cámara,TRV-3O960,,
APO0521,400,C,0,12,,Proy. 240 V Na 400 W en poste con red aerea hilo piloto pot. cte. C,APD-0PPCS400PC,48,
MEV0003,,,0,0,,Medidor 22kV 3F4H - Espec. Electr.  Energía A-R-D-M - 20 A_ Forma 5S,MEV-3R20_5S,,
ESV0116,,,0,0,,Est. 22 kV 3F Dos Postes Angular deriv. 3F Semi Centrada Retención,ESV-3HA+3SR,,
TUT0111,318,C,0,0,,Banco de 3 transformadores 13 kV 1F convenc. Frente muerto 318 kVA,TUT-3R318,,
APO0911,75,C,0,10,,Lum. 240 V Led 75 W en poste con red aérea Autocontrolada pot. cte. C,APD-0PLCL75AC,7.5,
AOD0087,250,C,0,12,C,Lum. 240 V Ornamental Na 250 W en poste Hilo Piloto. pot. cte.,AOD-0PLS250PC,30,
APO0371,250,D,150,12,S,Lum. 240 V Na 250 W en fachada con red subt Autocont. Dob.niv.pot. C,APD-0ALCS250AD,30,19.5
ESV0079,,,0,0,,Est. 22 kV 3F Tres Postes Doble retenc. deriv. 1F Centrada Retenc.,ESV-3TD+1CR,,
TAR0008,,,0,0,,Tensor poste a poste en V Simple en redes de dist. 34.5 kV,TAR-0SS,,
TRR0305,57.5,C,0,0,,Banco de 2 transformadores 34.5 kV monofásicos 57.5 kVA en poste,TRR-3B57.5,,
TRV0079,120,C,0,0,,Transformador 22 kV 3F conv. 120 kVA en cámara,TRV-3O120,,
TRT0287,315,C,0,0,,Banco de 3 transformadores 13 kV monofásicos 315 KVA en cámara,TRT-3I315,,
MEC0008,,,0,0,,Medidor 120V 1F2H - Masivos Electrónico. Energía Activa - 100 A_Forma 1S,MEC-1E100_1S,,
CSP0007,50,,0,0,,Sem. 110V en poste camara,CSC-0PC50,,
SST0026,,,0,0,,"Secc. red subt. 13kV 3F con barraje desc., 4 vias,  200 A",SST-3B4_200,,
SPT0119,,,0,0,,Secc. 13kV 3F con reconectador 600A BIL 75,SPT-3R600_75,,
APO0766,500,C,0,10,,Lum. 240 V Led 500 W en fachada con red subt Autocontrolada pot. cte. C,APD-0ALCL500AC,50,
SPR0060,,,0,0,,Secc. 34.5kV 3F con reconectador 400A BIL 125,SPR-3R400_125,,
APO0943,90,C,0,10,,Lum. 240 V Led 90 W en fachada con red subt Autocontrolada pot. cte. C,APD-0ALCL90AC,9,
SPO0051,,,0,0,,Secc. 3F con fusible 165K,SPO-3F165K,,
TRR0129,52.5,C,0,0,,Banco de 2 transformadores 34.5 kV monofásicos 52.5 KVA en cámara,TRR-3V52.5,,
TRV0082,1500,C,0,0,,Transformador 22 kV 3F conv. 1500 kVA en cámara,TRV-3O1500,,
TRS0098,700,C,0,0,,Transformador 6 kV 3F Pedestal o Padmounted 700 kVA,TRS-3P700,,
AOD0186,90,C,0,10,C,Lum. 240 V Ornamental Led 90 W en poste Hilo Piloto. pot. cte.,AOD-0PLL90PC,9,
AOD0187,8,C,0,10,C,Lum. 240 V Ornamental Led 8 W en piso Hilo Piloto. pot. cte.,AOD-0ILL8PC,0.8,
AOD0185,87,C,0,10,C,Lum. 240 V Ornamental Led 87 W en poste Hilo Piloto. pot. cte.,AOD-0PLL87PC,8.7,
AOD0182,7,C,0,10,C,Proy. 240 V Ornamental Led 7 W en piso hilo piloto pot. cte.,AOD-0IPL7PC,0.7,
AOD0183,50,C,0,10,C,Lum. 240 V Ornamental Led 50 W en poste Hilo Piloto. pot. cte.,AOD-0PLL50PC,5,
AOD0180,6,C,0,10,C,Proy. 240 V Ornamental Led 6 W en piso Autocont. pot. cte.,AOD-0IPL6AC,0.6,
AOD0181,7.5,C,0,10,C,Proy. 240 V Ornamental Led 7.5 W en piso Hilo Piloto. pot. cte.,AOD-0IPL7.5PC,0.75,
APO1052,6.5,C,0,10,C,Lum. 240 V Led 6.5 W en poste con red aérea hilo piloto pot. cte. C,APD-0PLCL6.5PC,0.65,
AOD0184,80,C,0,10,C,Lum. 240 V Ornamental Led 80 W en poste Hilo Piloto. pot. cte.,AOD-0PLL80PC,8,
APO1046,314,C,0,10,C,Lum. 240 V Led 314 W en poste con red aérea hilo piloto pot. cte. C,APD-0PLCL314PC,31.4,
APO1045,314,C,0,10,C,Lum. 240 V Led 314 W en poste con red aérea Autocontrolada pot. cte. C,APD-0PLCL314AC,31.4,
APO1040,230,C,0,10,C,Lum. 240 V Led 230 W en poste con red aerea Autocontrolada pot. cte. C,APD-0PLCL230AC,23,
TRT0511,730,C,0,0,,Transformador 13 kV 3F conv. 730 kVA en cámara,TRT-3O730,,
TRT0510,925,C,0,0,,Transformador 13 kV 3F conv. 925 kVA en cámara,TRT-3O925,,
APO1039,215,C,0,10,C,Lum. 240 V Led 215 W en poste con red aérea hilo piloto pot. cte. C,APD-0PLCL215PC,21.5,
APO1038,213,C,0,10,C,Lum. 240 V Led 213 W en poste con red aérea hilo piloto pot. cte. C,APD-0PLCL213PC,21.3,
APO1037,212,C,0,10,C,Lum. 240 V Led 212 W en poste con red aérea hilo piloto pot. cte. C,APD-0PLCL212PC,21.2,
APO1036,1,C,0,10,C,Lum. 240 V Led 1 W en poste con red aérea hilo piloto pot. cte. C,APD-0PLCL1PC,0.1,
APO1035,179,C,0,10,C,Lum. 240 V Led 179 W en poste con red aérea hilo piloto pot. cte. C,APD-0PLCL179PC,17.9,
APO1034,175,C,0,10,C,Lum. 240 V Led 175 W en poste con red aérea hilo piloto pot. cte. C,APD-0PLCL175PC,17.5,
APO1033,164,C,0,10,C,Lum. 240 V Led 164 W en poste con red aerea Autocontrolada pot. cte. C,APD-0PLCL164AC,16.4,
APO1032,14,C,0,10,C,Lum. 240 V Led 14 W en poste con red aérea hilo piloto pot. cte. C,APD-0PLCL14PC,1.4,
APO1031,142,C,0,10,C,Lum. 240 V Led 142 W en poste con red aérea hilo piloto pot. cte. C,APD-0PLCL142PC,14.2,
APO1030,140,C,0,10,C,Lum. 240 V Led 140 W en poste con red aérea hilo piloto pot. cte. C,APD-0PLCL140PC,14,
APO1019,7.8,C,0,10,C,Lum. 240 V Led 7.8 W en fachada con red preen Autocontrolada pot. cte. C,APD-0FLCL7.8AC,0.78,
APO1018,50,C,0,10,C,Lum. 240 V Led 50 W en fachada con red preen Autocontrolada pot. cte. C,APD-0FLCL50AC,5,
APO1011,52,C,0,10,C,Lum. 240 V Led 52 W en fachada con red subt hilo piloto pot. cte. C,APD-0ALCL52PC,5.2,
APO1010,5.7,C,0,10,C,Lum. 240 V Led 5.7 W en fachada con red subt hilo piloto pot. cte. C,APD-0ALCL5.7PC,0.57,
APO1013,18,C,0,10,C,Lum. 240 V Led 18 W en fachada con red preen Autocontrolada pot. cte. C,APD-0FLCL18AC,1.8,
APO1012,175,C,0,10,C,Lum. 240 V Led 175 W en fachada con red preen hilo piloto pot. cte. C,APD-0FLCL175PC,17.5,
APO1015,20,C,0,10,C,Lum. 240 V Led 20 W en fachada con red preen hilo piloto pot. cte. C,APD-0FLCL20PC,2,
APO1014,200,C,0,10,C,Lum. 240 V Led 200 W en fachada con red preen Autocontrolada pot. cte. C,APD-0FLCL200AC,20,
APO1017,32,C,0,10,C,Lum. 240 V Led 32 W en fachada con red preen hilo piloto pot. cte. C,APD-0FLCL32PC,3.2,
EU0029,,,,0,,Est.red subt.  banco de ductos  config. 1x2  de 160 mm. en calzada,EU0-0B1x2C2,,
TRV0265,110,C,0,0,,Banco de 2 transformadores 22 kV monofásicos 110 kVA en cámara,TRV-3V110,,
APO0706,180,C,0,10,,Lum. 240 V Led 180 W en poste con red aerea Autocontrolada pot. cte. C,APD-0PLCL180AC,18,
MED0010,,,0,0,,Medidor 240V 1F3H - Masivos Electromecánico. Energía Activa - 100 A_Forma 2A,MED-1L100_2A,,
SDT0318,555,,,,,"SGDA 13,8kV 3F Fotovoltaica de 555kW",SDT-3F555,,
ESS0060,,,0,0,,Est. 6 kV 3F En Volado Pasante deriv. 2F Centrada Retención,ESS-3VP+2CR,,
TRV0273,192,C,0,0,,Banco de 2 transformadores 22 kV monofásicos 192 kVA en cámara,TRV-3V192,,
APO0987,200,C,0,10,C,Lum. 240 V Led 200 W en poste con red subt Autocontrolada pot. cte. C,APD-0SLCL200AC,20,0
TRR0400,112.5,C,0,0,,Banco de 2 transformadores en paralelo 34.5 kV monofásicos 112.5 KVA en cámara,TRR-1V112.5,,
COO0005,,,0,0,,Conductor TW Cu # 3/0 AWG,CO0-0O3/0,,
COO0131,,,0,0,,Conductor TW Cu # 12 AWG,CO0-0O12,,
SPR0068,,,0,0,,Protección 34.5kV 2F con descargador 30kV,SPR-2P30,,
TRV0049,3,C,0,0,,Transformador 22 kV 1F conv. 3 kVA en cámara,TRV-1O3,,
TRT0123,25,C,0,0,,Banco de 2 transformadores 13 kV monofásicos 25 KVA en cámara,TRT-3V25,,
EST0123,,,0,0,,Est. 13 kV 1F Bandera Angular dos deriv. 1F Centrada Retención,EST-1BA+1CR+1CR,,
COO0108,,,0,0,,Conductor Clase 15kV Al 4/0 AWG,CO0-0Z4/0,,
MEC0012,,,0,0,,Medidor 120V 1F2H - Masivos Electromecánico. Energía Activa - 45 A_Forma 13A,MEC-1L45_13A,,
TRT0133,75,C,0,0,,Banco de 2 transformadores 13 kV monofásicos 75 KVA en cámara,TRT-3V75,,
APO0127,250,C,0,12,C,Lum. 240  V Hg 250 W en poste con red preen Autocontrolada pot. cte. A,APD-0OLAM250AC,30,
SPV0027,,,0,0,,Secc. 22kV 3F con seccionador fus. unipolar ab. 100A,SPV-3S100,,
APO0972,63,C,0,10,C,Lum. 240V Led 63 W en poste  con red aérea Autocontrolada pot. Cte. C,APD-0PLCL63AC,6.3,
COO0261,,,0,0,,Conductor Clase 15kV Cu 400 MCM,CO0-0V400,,
SPV0036,,,0,0,,Secc. 22kV 3F con seccionador de cuchilla con disp. rompearco 200A,SPV-3O200,,
SDD0036,3.92,,,,,SGDA 240V 1F Fotovoltaica de 3.92kW,SDD-1F3.92,,
TRR0369,87.5,C,0,0,,Banco de 2 transformadores en paralelo 34.5 kV monofásicos 87.5 KVA en poste,TRR-1B87.5,,
TUT0026,400,C,0,0,,Transformador  13kV 3F conv. frente muerto 400 kVA,TUT-3M400,,
APO0350,400,C,0,12,,Lum. 240 V Na 400 W en fachada con red preen Autocontrolada pot. cte. C,APD-0FLCS400AC,48,
ECS0032,300,M,0,0,,Regulador de voltaje bobina múltiple 6kV 1F 300 kVA ctrl manual,ECS-1EM300,,
ECS0024,300,M,0,0,,Regulador de voltaje bobina fija 6kV 3F 300 kVA ctrl manual,ECS-3RM300,,
ECR0041,600,C,0,0,,Capacitor fijo 34.5kV 3F 600kVAR,ECR-3C600,,
TRR0025,125,C,0,0,,Transformador 34.5 kV 3F conv. 125 kVA en poste,TRR-3C125,,
TRS0047,330,C,0,0,,Transformador 6 kV 3F conv. 330 kVA en poste,TRS-3C330,,
TUT0109,300,C,0,0,,Banco de 3 transformadores 13 kV 1F convenc. Frente muerto 300 kVA,TUT-3R300,,
SPD0039,,,0,0,,Secc. 240V 3F con Interruptor Termomagnetico de 100 A,SPD-3M100,,
SPR0078,,,0,0,,Secc. 34.5 kV 3F con reconectador 560A BIL 95,SPR-3R560_95,,
ESS0041,,,0,0,,Est. 6 kV 2F Centrada Angular deriv. 2F Bandera Angular,ESS-2CA+2BA,,
ECT0067,1200,A,0,0,,Capacitor automático 13kV 3F 1200kVAR,ECT-3A1200,,
AOD0120,3,C,0,10,C,Lum. 240 V Ornamental Led 3 W en piso Hilo Piloto. pot. cte.,AOD-0ILL3PC,0.3,
TRV0227,45,C,0,0,,Banco de 2 transformadores 22 kV monofásicos 45 kVA en poste,TRV-3B45,,
AOD0094,38,C,0,16,C,Proy. 240 V Ornamental Hg 38 W en poste Hilo Piloto. pot. cte.,AOD-0PPM38PC,6.08,
APO0506,250,C,0,12,,Proy. 240 V Na 250 W en poste con red subt hilo piloto pot. cte. C,APD-0SPCS250PC,30,
POO9004,,,0,0,,Poste Hormigón armado Ornamental de 8m carga de rotura 500kg,PO0-0HO8_500,,
ESD0020,,,0,0,,Est. 240V 3 vías Vertical Pasante deriv. 3 vías Vertical Retención,ESD-3EP+3ER,,
ECR0019,200,E,0,0,,Regulador de voltaje bobina fija 34.5kV 1F 200 kVA ctrl electrónico,ECR-1RE200,,
COO0161,,,0,0,,Conductor TTU Cu #500 MCM,CO0-0P500,,
TRT0280,6,C,0,0,,Banco de 2 transformadores 13 kV monofasicos 6KVA en poste,TRT-3B6,,
TAV0003,,,0,0,,Tensor Farol Doble en redes de dist. 22 kV,TAV-0FD,,
ESE0008,,,0,0,,Est. 0V Preensamblado Pasante con 1 conduct.,ESD-1PP1,,
SPT0073,,,0,0,,Secc. 13 kV 3F con seccionador fus. unipolar cerrado 100A,SPT-3D100,,
POO4109,,,0,0,,Poste Hormigón armado Circular de 16.5 m carga de rotura 1000 kg,PO0-0HC16.5_1000,,
ESE0002,,,0,0,,Est. 0V 1 vía Vertical Retención,ESE-1ER,,
TRS0032,180,C,0,0,,Transformador 6 kV 3F conv. 180 kVA en poste,TRS-3C180,,
ESR0068,,,0,0,,Est. 34.5 kV 3F Semi Centrada Angular deriv. 1F Centrada Retención,ESR-3SA+1CR,,
POO8701,,,0,0,,Poste Hormigón armado Circular de 19m carga de rotura 350kg,PO0-0HC19_350,,
APO0438,400,C,0,12,,Proy. 240 V Hg 400 W en poste con red aerea hilo piloto pot. cte. C,APD-0PPCM400PC,48,
ESV0067,,,0,0,,Est. 22 kV 3F Semi Centrada Retención deriv. 3F Semi Centrada Retención,ESV-3SR+3SR,,
APO0218,175,C,0,12,C,Lum. 240 V Hg175 W en fachada con red preen hilo piloto pot. cte. C,APD-0FLCM175PC,21,
TRR0115,55,C,0,0,,Banco de 3 transformadores 34.5 kV monofásicos 55 KVA en poste,TRR-3N55,,
COO0281,,,0,0,,Multiconductor Cu 2X4,CO0-0N2X4,,
SDD0148,5.04,,,,,SGDA 220V 2F Fotovoltaica de 5.04kW,SDD-2F5.04,,
TRR0069,5,C,0,0,,Transformador 34.5 kV 1F conv. 5 kVA en cámara,TRR-1O5,,
EST0063,,,0,0,,Est. 13 kV 3F Line Poste Pasante,EST-3LP,,
TRT0358,850,C,0,0,,Transformador 13 kV 3F conv. 850 kVA en cámara,TRT-3O850,,
SDD0251,24.08,,,,,SGDA 220V 3F Fotovoltaica de 24.08kW,SDD-3F24.08,,
TRR0360,50,C,0,0,,Banco de 2 transformadores en paralelo 34.5 kV monofásicos 50 KVA en poste,TRR-1B50,,
EST0136,,,0,0,,Est. 13 kV 2F Semiaislado o Ecologico Angular,EST-2MA,,
TRT0424,87.5,C,0,0,,Banco de 2 transformadores en paralelo 13 kV monofásicos 87.5 KVA en cámara,TRT-1V87.5,,
POO1512,,,0,0,,Poste Hormigón armado Circular de 11.5m carga de rotura 2000kg,PO0-0HC11.5_2000,,
AOD0053,50,C,0,16,C,Lum. 240 V Ornamental Na 50 W en poste Autocont. pot. cte.,AOD-0PLS50AC,8,
TRR0405,175,C,0,0,,Banco de 2 transformadores en paralelo 34.5 kV monofásicos 175 KVA en cámara,TRR-1V175,,
TRV0005,25,C,0,0,,Transformador 22 kV 1F conv. 25 kVA en poste,TRV-1C25,,
COO0246,,,0,0,,CONDUCTOR AAAC 6201 #397.5 MCM,CO0-0D397.5,,
ECR0055,400,A,0,0,,Capacitor automático 34.5kV 3F 400kVAR,ECR-3A400,,
SDT0315,500,,,,,"SGDA 13,8kV 3F Fotovoltaica de 500kW",SDT-3F500,,
ECS0054,600,C,0,0,,Capacitor fijo 6kV 3F 600kVAR,ECS-3C600,,
SPO0013,,,0,0,,Secc. 1F con conector de compresión 3/0 a 4/0 ACSR,SPO-1CB,,
ECS0040,300,E,0,0,,Regulador de voltaje bobina múltiple 6kV 3F 300 kVA ctrl electrónico,ECS-3EE300,,
SPV0002,,,0,0,,Secc. 22kV 1F con seccionador fus. unipolar ab. 200A,SPV-1S200,,
TOO0003,,,0,0,,Torre Metálica de 26 m,TO0-0ET26,,
COO0121,,,0,0,,Conductor Clase 25kV Al 4 AWG,CO0-0E4,,
TRV0376,60,C,0,0,,Transformador 22 kV 1F conv. 60 kVA en poste,TRV-1C60,,
SPO0053,,,0,0,,Secc. 3F con grapa derivación en caliente 8 a 2/0 - 8 A 1/0 ACSR,SPO-3GA,,
TRT0299,250,C,0,0,,Banco de 3 transformadores 13 kV monofásicos 250 KVA en poste,TRT-3N250,,
TRT0069,5,C,0,0,,Transformador 13 kV 1F conv. 5 kVA en cámara,TRT-1O5,,
POO1009,,,0,0,,Poste Hormigón armado Circular de 11m carga de rotura 1000kg,PO0-0HC11_1000,,
POO10600,,,0,0,,Poste Madera Circular de 19m,PO0-0MC19,,
COO0356,,,0,0,,Conductor Semiaislado o Ecológico Clase 25kV Al 795 MCM,CO0-0H795,,
TRT0471,192.5,C,0,0,,Transformador 13 kV 3F Pedestal o Padmounted 192.5KVA,TRT-3P192.5,,
AOD0133,125,C,0,13,C,Proy. 240 V Ornamental Hg 125 W en piso Autocont. pot. cte.,AOD-0IPM125AC,16.25,
MED0040,,,0,0,,Medidor 240V 2F3H - Masivo Electrónico. Energía Activa - 100 A_ Forma 13A,MED-2E100_13A,,
TRT0426,100,C,0,0,,Banco de 2 transformadores en paralelo 13 kV monofásicos 100 KVA en cámara,TRT-1V100,,
APO0609,100,D,70,15,S,Lum. 240 V Na 100 W en poste con red preen Autocont. Dob.niv.pot C,APD-0OLCS100AD,15,11.2
TRV0414,450,C,0,0,,Banco de 3 transformadores 22 kV monofásicos 450 KVA en poste,TRV-3N450,,
TUS0043,75,C,0,0,,Transformador  6kV 3F seco 75 kVA,TUS-3D75,,
POO2308,,,0,0,,Poste Hormigón armado Circular de 14m carga de rotura 800kg,PO0-0HC14_800,,
TRT0485,916,C,0,0,,Banco de 3 transformadores 13 kV monofásicos 916 KVA en cámara (333KVA-333KVA-250KVA),TRT-3I916,0,0
ECV0016,300,M,0,0,,Regulador de voltaje bobina fija 22kV 1F 300 kVA ctrl manual,ECV-1RM300,,
ESS0098,,,0,0,,Est. 6 kV 3F Centrada Retención deriv. 3F Semicentrada Retención,ESS-3CR+3SR,,
EST0088,,,0,0,,Est. 13 kV 3F Dos Postes Angular,EST-3HA,,
COO0094,,,0,0,,Conductor Concéntrico Al 4x4,CO0-0X4x4,,
SSD0036,,,0,0,,"Secc. red subt. 220V 2F, Transición, inst. de bornes del transformador",SSD-2RB,,
ESV0062,,,0,0,,Est. 22 kV 3F Semi Centrada Pasante deriv. 3F Semi Centrada Retención,ESV-3SP+3SR,,
ECT0021,50,M,0,0,,Regulador de voltaje bobina fija 13kV 3F 50 kVA ctrl manual,ECT-3RM50,,
TRT0279,315,C,0,0,,Transformador 13 kV 3F Pedestal o Padmounted 315KVA,TRT-3P315,,
ECS0069,100,A,0,0,,Capacitor automático 6kV 2F 100kVAR,ECS-2A100,,
TRR0067,4500,C,0,0,,Transformador 34.5 kV 3F Pedestal o Padmounted 4500KVA,TRR-3P4500,,
ESS0074,,,0,0,,Est. 6 kV 3F Semicen. Doble Retenc. deriv. 3F Semi Centr. Retenc.,ESS-3SD+3SR,,
POO6524,,,0,0,,Poste Hormigón armado rectangular de 7m carga de rotura 300kg,PO0-0HR7_300,,
SSS0048,,,0,0,,Secc. red subt. 6 kV 3F con fusible 3 A,SSS-3F3,,
SDD0104,17,,,,,SGDA 240V 1F Fotovoltaica de 17kW,SDD-1F17,,
MEC0011,,,0,0,,Medidor 120V 1F2H - Masivos Electromecánico. Energía Activa - 60 A_Forma 13A,MEC-1L60_13A,,
APO0977,107,C,0,10,C,Lum. 240V Led 107 W en poste  con red aérea Autocontrolada pot. Cte. C,APD-0PLCL107AC,10.7,
ESS0096,,,0,0,,Est. 6 kV 3F Bandera Doble Retención dos deriv. 2F Centrada Retención,ESS-3BD+2CR+2CR,,
POO0604,,,0,0,,Poste Hormigón armado Circular de 10m carga de rotura 500kg,PO0-0HC10_500,,
SPR0049,,,0,0,,Secc. 34.5kV 3F con secc. trip. oper. con carga con disp. rompearco 100A,SPR-3N100,,
APO0937,210,C,0,10,,Lum. 240 V Led 210 W en poste con red subt Autocontrolada pot. cte. C,APD-0SLCL210AC,21,
APO0701,3.6,C,0,10,,Lum. 240 V Led 3.6 W en poste con red aérea hilo piloto pot. cte. C,APD-0PLCL3.6PC,0.36,
TRT0005,25,C,0,0,,Transformador 13 kV 1F conv. 25 kVA en poste,TRT-1C25,,
APO1016,30,C,0,10,C,Lum. 240 V Led 30 W en fachada con red preen Autocontrolada pot. cte. C,APD-0FLCL30AC,3,
AOD0170,6.5,C,0,10,C,Lum. 240 V Ornamental Led 6.5 W en piso Hilo Piloto. pot. cte.,AOD-0ILL6.5PC,0.65,
AOD0175,2,C,0,10,C,Proy. 240 V Ornamental Led 2 W en piso hilo piloto pot. cte.,AOD-0IPL2PC,0.2,
APO1059,92,C,0,10,C,Lum. 240 V Led 92 W en poste con red aérea hilo piloto pot. cte. C,APD-0PLCL92PC,9.2,
APO1058,88,C,0,10,C,Lum. 240 V Led 88 W en poste con red aerea Autocontrolada pot. cte. C,APD-0PLCL88AC,8.8,
APO1054,70,C,0,10,C,Lum. 240 V Led 70 W en poste con red aérea hilo piloto pot. cte. C,APD-0PLCL70PC,7,
APO1056,77,C,0,10,C,Lum. 240 V Led 77 W en poste con red aérea hilo piloto pot. cte. C,APD-0PLCL77PC,7.7,
APO1050,40,C,0,10,C,Lum. 240 V Led 40 W en poste con red aérea hilo piloto pot. cte. C,APD-0PLCL40PC,4,
APO1053,6,C,0,10,C,Lum. 240V Led 6 W en poste  con red aérea Autocontrolada pot. Cte. C,APD-0PLCL6AC,0.6,
ECT0076,171.6,M,0,0,,Regulador de voltaje bobina fija 13kV 3F 171.6 kVA ctrl manual,ECT-3RM171.6,,
ECT0077,171.6,E,0,0,,Regulador de voltaje bobina fija 13kV 3F 171.6 kVA ctrl electrónico,ECT-3RE171.6,,
ECT0074,57.2,M,0,0,,Regulador de voltaje bobina fija 13kV 1F 57.2 kVA ctrl manual,ECT-1RM57.2,,
ECT0075,57.2,E,0,0,,Regulador de voltaje bobina fija 13kV 1F 57.2 kVA ctrl electrónico,ECT-1RE57.2,,
ECT0078,167,E,0,0,,Regulador de voltaje bobina fija 13kV 1F 167 kVA ctrl electrónico,ECT-1RE167,,
ECT0079,501,E,0,0,,Regulador de voltaje bobina fija 13kV 3F 501 kVA ctrl electrónico,ECT-3RE501,,
SPT0129,0,,0,0,,Secc. 13kV 3F con seccionador fus. unipolar ab. 300A,SPT-3S300,,
AOD0179,6.5,C,0,10,C,Proy. 240 V Ornamental Led 6.5 W en piso Autocont. pot. cte.,AOD-0IPL6.5AC,0.65,
AOD0178,4.5,C,0,10,C,Proy. 240 V Ornamental Led 4.5 W en piso Hilo Piloto. pot. cte.,AOD-0IPL4.5PC,0.45,
TRT0314,320,C,0,0,,Transformador 13 kV 3F conv. 320 kVA en cámara,TRT-3O320,,
TRS0292,1250,C,0,0,,Transformador 6 kV 3F Pedestal o Padmounted 1250KVA,TRS-3P1250,,
SSD0034,,,0,0,,"Secc. red subt. 220V 2F, Transición, inst. en red desnuda",SSD-2RD,,
SPR0083,,,0,0,,Secc. 34.5 kV 3F con interruptor 600A BIL 125,SPR-3I600_125,,
TRV0158,150,C,0,0,,Banco de 3 transformadores 22 kV monofásicos 150 kVA en cámara,TRV-3I150,,
SDD0136,3,,,,,SGDA 220V 2F Fotovoltaica de 3kW,SDD-2F3,,
COO0397,,,0,0,,Conductor TTU Al #700 MCM,CO0-0M700,,
APO0302,100,C,0,15,C,Lum. 120 V Na 100 W en poste con red aerea hilo piloto pot. cte. C,APC-0PLCS100PC,15,
APO0309,100,C,0,15,C,Lum. 120 V Na 100 W en poste con red aerea Autocontrolada pot. cte. C,APC-0PLCS100AC,15,
ECV0059,400,C,0,0,,Capacitor fijo 22kV 1F 400kVAR,ECV-1C400,,
APO0411,500,C,0,12,,Proy. 240 V Hg 500 W en poste con red subt hilo piloto pot. cte. C,APD-0SPCM500PC,60,
COO0365,,,0,0,,Conductor Semiaislado o Ecológico Clase 35kV Al 397.5 MCM,CO0-0K397.5,,
TRV0331,40,C,0,0,,Banco de 2 transformadores en paralelo 22 kV monofásicos 40 kVA en cámara,TRV-1V40,,
TRS0236,85,C,0,0,,Banco de 2 transformadores en paralelo 6 kV bifasicos 85 KVA en poste,TRS-2B85,,
TAE0003,,,0,0,,Tensor a tierra doble con un cable ligado para tensar,TAE-0TD,,
SPV0052,,,0,0,,Protección 22kV 2F con descargador 18kV,SPV-2P18,,
ESR0089,,,0,0,,Est. 34.5 kV 3F Volada Retención deriv.1F Centrada Retención,ESR-3VR+1CR,,
SDD0268,45.04,,,,,SGDA 220V 3F Fotovoltaica de 45.04kW,SDD-3F45.04,,
TRR0440,80,C,0,0,,Banco de 3 transformadores 34.5 kV monofásicos 80 KVA en cámara,TRR-3I80,,
APO0320,400,D,250,12,S,Lum. 240 V Na400 W en poste con red aerea Autocontrolada Dob.niv.pot. C,APD-0PLCS400AD,48,30
SPV0006,,,0,0,,Secc. 22kV 1F con seccionador de cuchilla 200A,SPV-1C200,,
APO0772,120,C,0,10,,Lum. 240 V Led 120 W en poste con red aerea Autocontrolada pot. cte. C,APD-0PLCL120AC,12,
ESR0032,,,0,0,,Est. 34.5 kV 3F Dos Postes Retención,ESR-3HR,,
APO0216,400,C,0,12,C,Lum. 240 V Hg 400 W en poste con red subt Autocontrolada pot. cte. C,APD-0SLCM400AC,48,
TRV0268,125,C,0,0,,Banco de 2 transformadores 22 kV monofásicos 125 kVA en cámara,TRV-3V125,,
SSV0011,,,0,0,,"Secc. red subt. 22kV 1F con barraje desc., 2 vias,  600 A",SSV-1B2_600,,
TUT0136,17.5,C,0,0,,Transformador  13kV 1F conv. frente muerto 17.5 kVA,TUT-1M17.5,0,0
SST0036,,,0,0,,Secc. red subt. 13 kV 1F con fusible 30 A,SST-1F30,,
SPV0034,,,0,0,,Secc. 22kV 3F con seccionador de cuchilla 600A,SPV-3C600,,
TRT0075,75,C,0,0,,Transformador 13 kV 1F conv. 75 kVA en cámara,TRT-1O75,,
ECV0070,150,A,0,0,,Capacitor automático 22kV 1F 150kVAR,ECV-1A150,,
AOD0066,400,C,0,12,C,Proy. 240 V Ornamental Hg 400 W en poste Autocont. pot. cte.,AOD-0PPM400AC,48,
APO0800,139,C,0,10,,Lum. 240 V Led 139 W en poste con red subt hilo piloto pot. cte. C,APD-0SLCL139PC,13.9,
SST0045,,,0,0,,Secc. red subt. 13 kV 2F con fusible 25 A,SST-2F25,,
APO0441,1500,C,0,12,,Proy. 240 V Hg 1500 W en poste con red subt hilo piloto pot. cte. C,APD-0SPCM1500PC,180,
TRS0015,30,C,0,0,,Transformador 6 kV 3F Pedestal o Padmounted 30KVA,TRS-3P30,,
SDD0242,14,,,,,SGDA 220V 3F Fotovoltaica de 14kW,SDD-3F14,,
POO9911,0,,0,0,,Poste Hormigón armado Rectangular de 21 m carga de rotura 3500 kg,PO0-0HR21_3500,0,0
SDT0325,780,,,,,"SGDA 13,8kV 3F Fotovoltaica de 780kW",SDT-3F780,,
COO0092,,,0,0,,Conductor Concéntrico Al 4x6,CO0-0X4x6,,
SPT0014,,,0,0,,Secc. 13kV 1F con interruptor 100A BIL 125,SPT-1I100_125,,
SPO0031,,,0,0,,Secc. 2F con conector de compresión 3/0 a 4/0 ACSR,SPO-2CB,,
SSV0010,,,0,0,,"Secc. red subt. 22kV 1F con barraje desc., 2 vias,  200 A",SSV-1B2_200,,
TRR0394,75,C,0,0,,Banco de 2 transformadores en paralelo 34.5 kV monofásicos 75 KVA en cámara,TRR-1V75,,
APO0426,150,C,0,13,,Proy. 240 V Hg 150 W en fachada con red subt hilo piloto pot. cte. C,APD-0APCM150PC,19.5,
TRV0091,500,C,0,0,,Transformador 22 kV 3F conv. 500 kVA en cámara,TRV-3O500,,
TRR0057,600,C,0,0,,Transformador 34.5 kV 3F Pedestal o Padmounted 600KVA,TRR-3P600,,
EU0017,,,,0,,"Est.red subt. banco ductos,config.2x2 de Ø160 mm+1x2 de Ø110 mm acera",EU0-0B(2X2C+1x2B)1,,
ESV0045,,,0,0,,Est. 22 kV 1F Centrada Retención deriv. 1F Bandera Doble Retenc.,ESV-1CR+1BD,,
MED0038,,,0,0,,Medidor 240V 3F4H - Masivos Electrónico. Energía Activa - 100 A_Forma 16A,MED-3E100_16A,,
AOD0129,500,C,0,10,C,Proy. 240 V Ornamental Led 500 W en poste Hilo Piloto. pot. cte.,AOD-0PPL500PC,50,
TRS0070,50,C,0,0,,Transformador 6 kV 2F Pedestal o Padmounted 50 kVA,TRS-2P50,,
COO0101,,,0,0,,Conductor Clase 15kV Cu 500 MCM,CO0-0V500,,
TRR0355,35,C,0,0,,Banco de 2 transformadores en paralelo 34.5 kV monofásicos 35 KVA en poste,TRR-1B35,,
SSS0054,,,0,0,,Secc. red subt. 6 kV 3F con fusible 20 A,SSS-3F20,,
POO0800,,,0,0,,Poste Metálico Circular de 10m,PO0-0EC10,,
PTO0001,,,0,0,,P. a Tierra en Acometida Cond. de Cu Cal. 8 AWG 1 Var.,PT0-0AC8_1,,
TRT0149,267,C,0,0,,Banco de 2 transformadores 13 kV monofásicos 267 KVA en cámara,TRT-3V267,,
TRR0427,35,A,0,0,,Transformador 34.5 kV 1F autoproteg. 35 kVA en poste,TRR-1A35,,
SSV0027,,,0,0,,"Secc. red subt. 22kV 3F con barraje desc., 4 vias,  600 A",SSV-3B4_600,,
EST0066,,,0,0,,Est. 13 kV 3F Centrada Angular deriv. 1F Centrada Retención,EST-3CA+1CR,,
SSS0021,,,0,0,,"Secc. red subt. 6kV 2F con barraje desc., 4 vias,  600 A",SSS-2B4_600,,
TRT0093,60,C,0,0,,Banco de 2 transformadores 13 kV monofásicos 60 KVA en poste,TRT-3B60,,
TRV0270,150,C,0,0,,Banco de 2 transformadores 22 kV monofásicos 150 kVA en cámara,TRV-3V150,,
COO0364,,,0,0,,Conductor Semiaislado o Ecológico Clase 35kV Al 336.4 MCM,CO0-0K336.4,,
TRR0209,125,C,0,0,,Transformador 34.5 kV 1F Pedestal o Padmounted 125KVA,TRR-1P125,,
AOD0098,115,C,0,10,C,Lum. 240 V Ornamental Led 115 W en poste Autocont. pot. cte.,AOD-0PLL115AC,11.5,
TRR0009,3,A,0,0,,Transformador 34.5 kV 1F autoproteg. 3 kVA en poste,TRR-1A3,,
SPT0105,,,0,0,,Secc. 13kV 3F con reconectador 630A BIL 150,SPT-3R630_150,,
TRR0404,150,C,0,0,,Banco de 2 transformadores en paralelo 34.5 kV monofásicos 150 KVA en cámara,TRR-1V150,,
SST0013,,,0,0,,"Secc. red subt. 13kV 1F con barraje desc., 3 vias,  600 A",SST-1B3_600,,
SPV0074,,,0,0,,Secc. 22kV 3F con reconectador 100A BIL 125,SPV-3R100_125,,
SPO0046,,,0,0,,Secc. 3F con fusible 40K,SPO-3F40K,,
APO0311,100,C,0,15,C,Lum. 240 V Na 100 W en poste con red aerea Autocontrolada pot. cte. C,APD-0PLCS100AC,15,
POO2404,,,0,0,,Poste Hormigón armado Circular de 14.5m carga de rotura 500kg,PO0-0HC14.5_500,,
TRT0166,137.5,C,0,0,,Banco de 3 transformadores 13 kV monofásicos 137.5 KVA en cámara,TRT-3I137.5,,
SSD0030,,,0,0,,"Secc. red subt. 220 V 3F con tablero de distribución,  800A, 4 circuitos",SSD-3L800_4,,
TRS0058,3,A,0,0,,Transformador 6 kV 2F autoproteg. 3 kVA en poste,TRS-2A3,,
SPR0029,,,0,0,,Secc. 34.5kV 2F con seccionador de cuchilla   con disp. rompearco 100A,SPR-2O100,,
TRS0250,15,C,0,0,,Banco de 2 transformadores en paralelo 6 kV bifasicos 15 kVA en cámara,TRS-2V15,,
APO0528,1500,C,0,12,,Proy. 240 V Na 1500 W en fachada con red preen hilo piloto pot. cte. C,APD-0FPCS1500PC,180,
EST0086,,,0,0,,Est. 13 kV 1F Centrada Retención tres deriv.1F Centrada Retención,EST-1CR+1CR+1CR+1CR,,
TRR0446,225,C,0,0,,Transformador 34.5 kV 1F Pedestal o Padmounted 225KVA,TRR-1P225,,
TRV0290,500,C,0,0,,Transformador 22 kV 1F conv. 500 kVA en cámara,TRV-1O500,,
TUT0115,400,C,0,0,,Banco de 3 transformadores 13 kV 1F convenc. Frente muerto 400 kVA,TUT-3R400,,
TRT0026,10,C,0,0,,Transformador 13 kV 1F Pedestal o Padmounted 10KVA,TRT-1P10,,
SPD0050,,,0,0,,Secc. 240V 3F con Interruptor Termomagnetico de 400 A,SPD-3M400,,
SPS0032,,,0,0,,Secc. 6 kV 2F con reconectador 600A BIL 125,SPS-2R600_125,,
SDD0263,35.28,,,,,SGDA 220V 3F Fotovoltaica de 35.28kW,SDD-3F35.28,,
TRR0218,50,C,0,0,,Transformador 34.5 kV 2F conv. 50 kVA en poste,TRR-2C50,,
SPR0019,,,0,0,,Secc. 34.5kV 1F con reconectador 600A BIL 95,SPR-1R600_95,,
TRR0116,65,C,0,0,,Banco de 3 transformadores 34.5 kV monofásicos 65 KVA en poste,TRR-3N65,,
EST0122,,,0,0,,Est. 13 kV 3F Semi Centrada Doble Reten. deriv. 3F Centrada Pasante,EST-3SD+3CP,,
SPS0110,,,0,0,,Secc. 6kV 3F con interruptor 800A BIL 95,SPS-3I800_95,,
ECR0048,144,M,0,0,,Regulador de voltaje bobina fija 34.5kV 1F 144 kVA ctrl manual,ECR-1RM144,,
EST0012,,,0,0,,Est. 13 kV 2F Centrada Angular,EST-2CA,,
SPR0115,,,0,0,,Secc. 34.5kV 1F con seccionador fus. unipolar ab. disp. rompearco 300A,SPR-1E300,,
SDD0059,6,,,,,SGDA 240V 1F Fotovoltaica de 6kW,SDD-1F6,,
COO0171,,,0,0,,Conductor Concéntrico Cu 4x2,CO0-0W4x2,,
TUV0003,25,C,0,0,,Transformador  22kV 1F conv. frente muerto  25 kVA,TUV-1M25,,
APO0355,250,D,150,12,S,Lum. 240 V Na250 W en fachada con red preen Autocont. Dob.niv.pot. C,APD-0FLCS250AD,30,19.5
TRR0076,15,C,0,0,,Transformador 34.5 kV 3F conv. 15 kVA  en cámara,TRR-3O15,,
TRV0419,204.5,C,0,0,,Banco de 2 transformadores 22 kV monofásicos  204.5 kVA en poste,TRV-3B204.5,,
TRV0028,15,C,0,0,,Transformador 22 kV 1F Pedestal o Padmounted 15KVA.,TRV-1P15,,
ESR0109,,,0,0,,Est. 34.5 kV 3F Semicentrada Pasante deriv. 2F Centrada Retención,ESR-3SP+2CR,,
SST0038,,,0,0,,Secc. red subt. 13 kV 2F con fusible 3 A,SST-2F3,,
ECS0042,127,M,0,0,,Regulador de voltaje bobina fija 6kV 1F 127 kVA ctrl manual,ECS-1RM127,,
TRT0063,1050,C,0,0,,Transformador 13 kV 3F Pedestal o Padmounted 1050KVA,TRT-3P1050,,
TRV0016,75,A,0,0,,Transformador 22 kV 1F autoproteg. 75 kVA en poste,TRV-1A75,,
TUV0025,300,C,0,0,,Transformador  22kV 3F conv. frente muerto 300 kVA,TUV-3M300,,
SDD0167,8.36,,,,,SGDA 220V 2F Fotovoltaica de 8.36kW,SDD-2F8.36,,
SPR0041,,,0,0,,Secc. 34.5kV 3F con seccionador de cuchilla   con disp. rompearco 100A,SPR-3O100,,
SDD0106,17.5,,,,,SGDA 240V 1F Fotovoltaica de 17.5kW,SDD-1F17.5,,
TRS0128,800,C,0,0,,Transformador 6 kV 3F conv. 800 kVA en cámara,TRS-3O800,,
APO0345,400,C,0,12,,Lum. 240 V Na  400 W en fachada con red preen hilo piloto pot. cte. C,APD-0FLCS400PC,48,
POO2001,,,0,0,,Poste Hormigón armado Circular de 12.5m carga de rotura 350kg,PO0-0HC12.5_350,,
SST0032,,,0,0,,Secc. red subt. 13 kV 1F con fusible  12 A,SST-1F12,,
SPO0043,,,0,0,,Secc. 3F con fusible 15K,SPO-3F15K,,
TRT0338,125,C,0,0,,Transformador 13 kV 1F conv. 125 kVA en poste,TRT-1C125,,
TRT0032,100,C,0,0,,Transformador 13 kV 1F Pedestal o Padmounted 100KVA,TRT-1P100,,
ECR0032,300,M,0,0,,Regulador de voltaje bobina múltiple 34.5kV 1F 300 kVA ctrl manual,ECR-1EM300,,
POO9801,,,0,0,,Poste Hormigón armado rectangular de 8m carga de rotura 350kg,PO0-0HR8_350,,
SPV0038,,,0,0,,Secc. 22kV 3F con seccionador de cuchilla con disp. rompearco 600A,SPV-3O600,,
SDD0062,6.44,,,,,SGDA 240V 1F Fotovoltaica de 6.44kW,SDD-1F6.44,,
ESR0073,,,0,0,,Est. 34.5 kV 3F Semi Centrada Doble Retenc. deriv. 1F Centrada Retenc.,ESR-3SD+1CR,,
TRT0341,6,C,0,0,,Banco de 2 transformadores en paralelo 13 kV monofasicos 6KVA en poste,TRT-1B6,,
ECT0014,100,M,0,0,,Regulador de voltaje bobina fija 13kV 1F 100 kVA ctrl manual,ECT-1RM100,,
ESD0053,,,0,0,,Est. 240V 4 vías Vertical en volado Retención,ESD-4OR,,
SPD0021,,,0,0,,Secc. 240V 3F con fusible NH 100 A,SPD-3L100,,
COO0412,,,0,0,,Conductor Multiplex Al 2x6+10 AWG,CO0-0J2x6(10),,
TUV0001,10,C,0,0,,Transformador  22kV 1F conv. frente muerto 10 kVA,TUV-1M10,,
SDD0044,4.38,,,,,SGDA 220V 1F Fotovoltaica de 4.38kW,SDD-1F4.38,,
TRT0335,5,C,0,0,,Transformador 13 kV 3F conv. 5 kVA en poste,TRT-3C5,,
TRV0263,90,C,0,0,,Banco de 2 transformadores 22 kV monofásicos 90 kVA en cámara,TRV-3V90,,
TRR0375,125,C,0,0,,Banco de 2 transformadores en paralelo 34.5 kV monofásicos 125 KVA en poste,TRR-1B125,,
TRT0468,220,C,0,0,,Transformador 13 kV 3F conv. 220 kVA en poste,TRT-3C220,,
SPO0041,,,0,0,,Secc. 3F con fusible 10K,SPO-3F10K,,
APO0365,250,C,0,12,,Lum. 240 V Na 250 W en fachada con red subt Autocontrolada pot. cte. C,APD-0ALCS250AC,30,
TRS0238,90,C,0,0,,Banco de 2 transformadores en paralelo 6 kV bifasicos 90 KVA en poste,TRS-2B90,,
TRT0286,310,C,0,0,,Banco de 3 transformadores 13 kV monofásicos 310 KVA en cámara,TRT-3I310,,
TUT0039,250,C,0,0,,Transformador  13kV 3F sumerg. 250 kVA,TUT-3S250,,
ESD0012,,,0,0,,Est. 240V 5 vías En volado Pasante,ESD-5OP,,
TRR0256,200,C,0,0,,Banco de 3 transformadores 34.5 kV monofásicos 200 KVA en poste,TRR-3N200,,
POO7100,,,0,0,,Poste Metálico Circular de 19m,PO0-0EC19,,
AOD0068,150,C,0,13,C,Proy. 240 V Ornamental Na 150 W en poste Autocont. pot. cte.,AOD-0PPS150AC,19.5,
SDD0022,2.61,,,,,SGDA 220V 1F Fotovoltaica de 2.61kW,SDD-1F2.61,,
APO0956,71,C,0,10,C,Lum. 240 V Led 71 W en poste con red aérea Autocontrolada pot. cte. C,APD-0PLCL71AC,7.1,
ECT0029,50,M,0,0,,Regulador de voltaje bobina múltiple 13kV 1F 50 kVA ctrl manual,ECT-1EM50,,
TRR0135,87.5,C,0,0,,Banco de 2 transformadores 34.5 kV monofásicos 87.5 KVA en cámara,TRR-3V87.5,,
ESR0092,,,0,0,,Est. 34.5 kV 3F Centrada Retención dos deriv.1F Centrada Retención,ESR-3CR+1CR+1CR,,
TAD0001,,,0,0,,Tensor Farol Simple en redes de dist. 240/120 V,TAD-0FS,,
SPO0024,,,0,0,,Secc. 2F con fusible 8K,SPO-2F8K,,
ESD0033,,,0,0,,Est. 240V Preensamblado Doble retención con 3 conduct.,ESD-1PD3,,
SDD0110,20.24,,,,,SGDA 240V 1F Fotovoltaica de 20.24kW,SDD-1F20.24,,
SST0023,,,0,0,,"Secc. red subt. 13kV 3F con barraje desc., 2 vias,  600 A",SST-3B2_600,,
TRT0219,37.5,C,0,0,,Transformador 13 kV 2F conv. 37.5 kVA en poste,TRT-2C37.5,,
TRT0044,112.5,C,0,0,,Transformador 13 kV 3F Pedestal o Padmounted 112.5KVA,TRT-3P112.5,,
SDV0331,1000,,,,,SGDA 22kV 3F Fotovoltaica de 1000kW,SDV-3F1000,,
ESS0064,,,0,0,,Est. 6 kV 2F Centrada Retención deriv. 2F Bandera Doble Retenc.,ESS-2CR+2BD,,
APO0605,150,C,0,13,,Lum. 240 V Na 150 W en poste con red aérea Autocontrolada pot. cte. A,APD-0PLAS150AC,19.5,
ESV0054,,,0,0,,Est. 22 kV 3F Centrada Pasante deriv. 3F Centrada Retención,ESV-3CP+3CR,,
TRV0167,275,C,0,0,,Banco de 3 transformadores 22 kV monofásicos 275 kVA en cámara,TRV-3I275,,
APO0993,115,C,0,10,C,Lum. 240 V Led 115 W en poste con red subt Autocontrolada pot. cte. C,APD-0SLCL115AC,11.5,0
TRT0210,300,C,0,0,,Banco de 3 transformadores 13 kV monofásicos 300 KVA en poste,TRT-3N300,,
APO0995,300,C,0,10,C,Proy. 240 V Led 300 W en poste con red aerea Autocontrolada pot. cte. C_x000D_,"APD-0PPCL300AC_x000D_
_x000D_",30,0
ESE0007,,,0,0,,Est. 0V Preensamblado Retención con 1 conduct.,ESD-1PR1,,
SDV0239,12.42,,,,,SGDA 22kV 3F Fotovoltaica de 12.42kW,SDV-3F12.42,,
TRR0419,97.5,C,0,0,,Banco de 3 transformadores 34.5 kV monofásicos 97.5 kVA en poste,TRR-3N97.5,,
ESS0026,,,0,0,,Est. 6 kV 3F Semicentrada Doble retención,ESS-3SD,,
SDD0009,1.92,,,,,SGDA 240V 1F Fotovoltaica de 1.92kW,SDD-1F1.92,,
ECR0071,150,A,0,0,,Capacitor automático 34.5kV 1F 150kVAR,ECR-1A150,,
POO9504,,,0,0,,Poste Hormigón armado Ornamental de 12.5m carga de rotura 500kg,PO0-0HO12.5_500,,
APO0423,500,C,0,12,,Proy. 240 V Hg 500 W en fachada con red preen Autocontrolado pot. cte. C,APD-0FPCM500AC,60,
APO0631,250,C,0,12,,Lum. 240 V Na 250 W en poste con red aérea hilo piloto pot. cte. A,APD-0PLAS250PC,30,
APO0717,50,C,0,10,,Lum. 240 V Led 50 W en poste con red aérea Autocontrolada pot. cte. C,APD-0PLCL50AC,5,
ESD0031,,,0,0,,Est. 240V Preensamblado Retención con 3 conduct.,ESD-1PR3,,
TRR0415,350,C,0,0,,Banco de 3 transformadores 34.5 kV monofásicos 350 KVA en cámara,TRR-3I350,,
TRR0126,40,C,0,0,,Banco de 2 transformadores 34.5 kV monofásicos 40 KVA en cámara,TRR-3V40,,
SDD0289,110,,,,,SGDA 220V 3F Fotovoltaica de 110kW,SDD-3F110,,
SDU0302,198.4,,,,,SGDA 440V 3F Fotovoltaica de 198.4kW,SDU-3F198.4,,
TRV0111,300,C,0,0,,Transformador 22 kV 3F conv. 300 kVA en poste,TRV-3C300,,
APO0526,1500,C,0,12,,Proy. 240 V Na 1500 W en poste con red subt hilo piloto pot. cte. C,APD-0SPCS1500PC,180,
SPS0057,,,0,0,,Secc. 6 kV 3F con seccionador tripolar para  oper. con carga 600A,SPS-3A600,,
APO0628,70,C,0,16,,Lum. 120 V Na 70 W en poste con red aerea Autocontrolada pot. cte. C,APC-0PLCS70AC,11.2,
EU0001,,,0,0,,Est.red subt.  cámara eléctrica subterránea,EU0-0CS,,
SPE0003,,,0,0,,Secc. 69kV 3F con seccionador de cuchilla 1250A,SPE-3C1250,,
TRS0073,125,C,0,0,,Transformador 6 kV 2F Pedestal o Padmounted 125 kVA,TRS-2P125,,
POO1017,,,0,0,,Poste Hormigón armado Circular de 11m carga de rotura 450kg,PO0-0HC11_450,,
COO0117,,,0,0,,Conductor Clase 25kV Cu 4/0 AWG,CO0-0Y4/0,,
APO0433,2000,C,0,12,,Proy. 240 V Hg 2000 W en poste con red aerea Autocontrolados pot. cte. C,APD-0PPCM2000AC,240,
SDD0163,7.6,,,,,SGDA 220V 2F Fotovoltaica de 7.6kW,SDD-2F7.6,,
SDD0145,5,,,,,SGDA 220V 2F Fotovoltaica de 5kW,SDD-2F5,,
TRT0489,2500,C,0,0,,Transformador 13 kV 3F Pedestal o Padmounted 2500KVA,TRT-3P2500,0,0
SPR0119,,,0,0,,Secc. 34.5 kV 3F con interruptor 300A BIL 95,SPR-3I300_95,,
ECS0021,50,M,0,0,,Regulador de voltaje bobina fija 6kV 3F 50 kVA ctrl manual,ECS-3RM50,,
SPV0094,,,0,0,,Secc. 22kV 3F con reconectador 1250A BIL 125,SPV-3R1250_125,,
SPR0046,,,0,0,,Secc. 34.5kV 3F con seccionador tripolar para  oper. con carga 200A,SPR-3A200,,
COO0250,,,0,0,,Conductor TW Cu # 500 MCM,CO0-0O500,,
COO0068,,,0,0,,Conductor TTU Cu #2/0 AWG,CO0-0P2/0,,
TRV0107,37.5,C,0,0,,Transformador 22 kV 2F conv. 37.5 kVA en poste,TRV-2C37.5,,
TRV0411,450,C,0,0,,Transformador 22 kV 3F Pedestal o Padmounted 450 kVA,TRV-3P450,,
TRV0254,47.5,C,0,0,,Banco de 2 transformadores 22 kV monofásicos 47.5 kVA en cámara,TRV-3V47.5,,
TRV0129,4500,C,0,0,,Transformador 22 kV 3F Pedestal o Padmounted 4500 kVA,TRV-3P4500,,
TRV0178,471,C,0,0,,Banco de 3 transformadores 22 kV monofásicos 471 kVA en cámara,TRV-3I471,,
SDD0134,2.52,,,,,SGDA 220V 2F Fotovoltaica de 2.52kW,SDD-2F2.52,,
TRV0189,1500,C,0,0,,Banco de 3 transformadores 22 kV monofásicos 1500kVA en cámara,TRV-3I1500,,
SPS0060,,,0,0,,Secc. 6 kV 3F con secc. trip. oper. con carga con disp. rompearco 300A,SPS-3N300,,
APO0606,150,C,0,13,,Lum. 240 V Na 150 W en poste con red aérea hilo piloto pot. cte. A,APD-0PLAS150PC,19.5,
APO0327,400,C,0,12,,Lum. 240 V Na  400 W en poste con red subt hilo piloto pot. cte. C,APD-0SLCS400PC,48,
TRV0389,220,C,0,0,,Transformador 22 kV 3F conv. 220 kVA en poste,TRV-3C220,,
TRR0154,35,C,0,0,,Banco de 3 transformadores 34.5 kV monofásicos 35 KVA en cámara,TRR-3I35,,
ECR0056,150,C,0,0,,Capacitor fijo 34.5kV 3F 150kVAR,ECR-3C150,,
ECR0013,50,M,0,0,,Regulador de voltaje bobina fija 34.5kV 1F 50 kVA ctrl manual,ECR-1RM50,,
ESN0016,,,0,0,,Est. 69 kV 3F Suspensión sencilla con dos postes  y aisladores tipo disco,ESN-1HP,,
TRT0451,350,C,0,0,,Banco de 3 transformadores 13 kV monofásicos 350 KVA en cámara,TRT-3I350,,
SPV0030,,,0,0,,Secc. 22kV 3F con seccionador fus. unipolar ab. disp. rompearco 200A,SPV-3E200,,
TUT0134,300,C,0,0,,Transformador  13kV 1F conv. frente muerto 300 kVA,TUT-1M300,0,0
TRS0054,150,C,0,0,,Transformador 6 kV 2F conv. 150 kVA en poste,TRS-2C150,,
TRV0248,15,C,0,0,,Banco de 2 transformadores 22 kV monofásicos 15 kVA en cámara,TRV-3V15,,
COO0183,,,0,0,,Conductor Clase 15 kV Cu 350 MCM,CO0-0V350,,
TRR0102,112.5,C,0,0,,Banco de 2 transformadores 34.5 kV monofásicos 112.5 KVA en poste,TRR-3B112.5,,
TRT0305,45,C,0,0,,Banco de 2 transformadores 13 kV monofásicos 45 kVA en poste,TRT-3B45,,
POO1704,,,0,0,,Poste Plástico fibra de vidrio Circular de 12m carga de rotura 500kg,PO0-0PC12_500,,
SPV0060,,,0,0,,Secc. 22 kV 1F con reconectador 400A BIL 125,SPV-1R400_125,,
ESS0045,,,0,0,,Est. 6 kV 2F Centrada Doble Retención deriv. 2F Centrada Retención,ESS-2CD+2CR,,
COO0388,,,0,0,,Conductor TTU Al #3/0 AWG,CO0-0M3/0,,
TRV0077,1100,C,0,0,,Transformador 22 kV 3F conv. 1100 kVA en cámara,TRV-3O1100,,
TRV0235,85,C,0,0,,Banco de 2 transformadores 22 kV monofásicos 85 kVA en poste,TRV-3B85,,
COO0338,,,0,0,,Conductor Semiaislado o Ecológico Clase 15kV Al 336.4 MCM,CO0-0F336.4,,
ECS0031,200,M,0,0,,Regulador de voltaje bobina múltiple 6kV 1F 200 kVA ctrl manual,ECS-1EM200,,
ESR0127,,,0,0,,Est. 34.5 kV 3F Tres Postes Doble Reten. Deriv. 3F Centrada Retención,ESR-3TD+3CR,,
TUT0098,150,C,0,0,,Banco de 3 transformadores 13 kV 1F convenc. Frente muerto 150 kVA,TUT-3R150,,
APO0236,75,C,0,15,C,Lum. 240 V Hg 75 W en poste con red aerea Autocontrolada pot. cte. C,APD-0PLCM75AC,11.25,
ESS0050,,,0,0,,Est. 6 kV 2F Centrada Retencion deriv. 2F Centrada Retención,ESS-2CR+2CR,,
SPR0062,,,0,0,,Secc. 34.5kV 3F con reconectador 600A BIL 125,SPR-3R600_125,,
APO0957,55,C,0,10,C,Lum. 127 V Led 55 W en poste con red aérea hilo piloto pot. cte. C,APC-0PLCL55PC,5.5,
TRT0155,45,C,0,0,,Banco de 3 transformadores 13 kV monofásicos 45 KVA en cámara,TRT-3I45,,
EU0037,,,0,0,,Est.red subt.  pozo de 250x200x200 cm,EU0-0PE,,
APO0759,133,C,0,10,,Lum. 240 V Led 133 W en poste con red subt Autocontrolada pot. cte. C,APD-0SLCL133AC,13.3,
ESV0064,,,0,0,,Est. 22 kV 3F Semi Centrada Angular deriv. 1F Centrada Retención,ESV-3SA+1CR,,
POO11200,,,0,0,,Poste Metálico Ornamental de 15m,PO0-0EO15,,
SDD0026,3.2,,,,,SGDA 240V 1F Fotovoltaica de 3.2kW,SDD-1F3.2,,
POO3520,,,0,0,,Poste Hormigón armado Circular de 21m carga de rotura 16000kg,PO0-0HC21_16000,,
SSV0033,,,0,0,,Secc. red subt. 22 kV 1F con fusible 18 A,SSV-1F18,,
SSS0051,,,0,0,,Secc. red subt. 6 kV 3F con fusible 10 A,SSS-3F10,,
ECT0069,50,A,0,0,,Capacitor automático 13kV 1F 50kVAR,ECT-1A50,,
COO0097,,,0,0,,Conductor Clase 15kV Cu 1/0 AWG,CO0-0V1/0,,
APO0623,100,C,0,15,,Lum. 240 V Na 100 W en poste con red preen hilo piloto pot. cte. C,APD-0OLCS100PC,15,
APO0114,175,C,0,12,C,Lum. 240 V Hg175 W en fachada con red preen hilo piloto pot. cte. A,APD-0FLAM175PC,21,
POO2314,,,0,0,,Poste Hormigón armado Circular de 14m carga de rotura 750kg,PO0-0HC14_750,,
POO9907,0,,0,0,,Poste Hormigón armado Circular de 14m carga de rotura 1600kg,PO0-0HC14_1600,0,0
APO0617,150,D,100,13,S,Lum. 240 V Na 150 W en poste con red preen Autocont. Dob.niv.pot C,APD-0OLCS150AD,19.5,15
COO0075,,,0,0,,Conductor THHN Cu #1/0 AWG,CO0-0Q1/0,,
SSV0068,,,0,0,,"Secc. red subt. 22kV 3F,  celda, protección, 400A, 150 BIL",SSV-3EP400_150,,
ECR0068,1800,A,0,0,,Capacitor automático 34.5kV 3F 1800kVAR,ECR-3A1800,,
SDD0071,8,,,,,SGDA 240V 1F Fotovoltaica de 8kW,SDD-1F8,,
SPO0048,,,0,0,,Secc. 3F con fusible 80K,SPO-3F80K,,
ECV0003,200,C,0,0,,Capacitor fijo 22kV 1F 200kVAR,ECV-1C200,,
TRT0046,125,C,0,0,,Transformador 13 kV 3F Pedestal o Padmounted 125KVA,TRT-3P125,,
SPV0119,,,0,0,,Secc. 22kV 3F con interruptor 300A BIL 150,SPV-3I300_150,,
ESE0009,,,0,0,,Est. 0V Preensamblado Doble retención con 1 conduct.,ESD-1PD1,,
COO0359,,,0,0,,Conductor Semiaislado o Ecológico Clase 35kV Al 1/0 AWG,CO0-0K1/0,,
MED0035,,,0,0,,Medidor 240V 3F4H - Masivos Electromecánico. Energía Activa - 100 A_Forma 16A,MED-3L100_16A,,
TRS0215,8,C,0,0,,Banco de 2 transformadores en paralelo 6 kV bifasicos 8KVA en poste,TRS-2B8,,
TRV0384,37.5,C,0,0,,Transformador 22 kV 3F conv. 37.5 kVA en cámara,TRV-3O37.5,,
EST0090,,,0,0,,Est. 13 kV 3F Centrada Pasante dos deriv.1F Centrada Retención,EST-3CP+1CR+1CR,,
EST0015,,,0,0,,Est. 13 kV 2F En volado Pasante,EST-2VP,,
TRR0251,1300,C,0,0,,Transformador 34.5 kV 3F conv. 34.500 kVA en cámara,TRR-3O1300,,
ECT0040,300,E,0,0,,Regulador de voltaje bobina múltiple 13kV 3F 300 kVA ctrl electrónico,ECT-3EE300,,
TRR0235,112,C,0,0,,Transformador 34.5 kV 3F conv. 112 kVA en cámara,TRR-3O112,,
TRS0057,333,C,0,0,,Transformador 6 kV 2F conv. 333 kVA en poste,TRS-2C333,,
SSV0036,,,0,0,,Secc. red subt. 22 kV 1F con fusible 30 A,SSV-1F30,,
SDD0262,33,,,,,SGDA 220V 3F Fotovoltaica de 33kW,SDD-3F33,,
TUT0081,300,C,0,0,,Banco de 2 transformadores 13 kV 1F convenc. Frente muerto 300 kVA,TUT-3T300,,
APO0375,250,C,0,12,,Lum. 240 V Na 250 W en poste con red preen Autocontrolada pot. cte. C,APD-0OLCS250AC,30,
TRV0101,125,C,0,0,,Transformador 22 kV 1F Pedestal o Padmounted 125 kVA,TRV-1P125,,
TUT0112,367,C,0,0,,Banco de 3 transformadores 13 kV 1F convenc. Frente muerto 367 kVA,TUT-3R367,,
MEC0004,,,0,0,,Medidor 120V 1F2H - Masivos Electromecánico. Energía Activa - 100 A_Forma 1A,MEC-1L100_1A,,
SPT0002,,,0,0,,Secc. 13kV 1F con seccionador fus. unipolar ab. 200A,SPT-1S200,,
SDT0312,425,,,,,"SGDA 13,8kV 3F Fotovoltaica de 425kW",SDT-3F425,,
COO0318,,,0,0,,Conductor Al. Preensamblado 2x35 + Nx50 mm² + HPx25 mm²,CO0-0T2X35(50)+25,,
TRV0284,60,C,0,0,,Banco de 3 transformadores 22 kV monofásicos 60 kVA en poste,TRV-3N60,,
EST0058,,,0,0,,Est. 13kV 3F Semi Cen. Pasante deriv. 1F Centrada Retención,EST-3SP+1CR,,
TRS0271,137.5,C,0,0,,Banco de 2 transformadores en paralelo 6 kV bifasicos 137.5 KVA en cámara,TRS-2V137.5,,
COO0158,,,0,0,,Conductor TTU Cu #6 AWG,CO0-0P6,,
ESD0057,,,0,0,,Est. 240V 5 vías Centrada Retención,ESD-5CR,,
TRS0071,75,C,0,0,,Transformador 6 kV 2F Pedestal o Padmounted 75 kVA,TRS-2P75,,
TRT0437,242,C,0,0,,Banco de 2 transformadores en paralelo 13 kV monofásicos 242 KVA en cámara,TRT-1V242,,
APO0226,175,C,0,12,C,Lum. 240 V Hg 175 W en fachada con red subt hilo piloto pot. cte. C,APD-0ALCM175PC,21,
TUT0027,500,C,0,0,,Transformador  13kV 3F conv. frente muerto 500 kVA,TUT-3M500,,
TRR0321,150,C,0,0,,Transformador 34.5 kV 1F conv. 150 kVA en cámara,TRR-1O150,,
COO0066,,,0,0,,Conductor TTU Cu #2 AWG,CO0-0P2,,
COO0232,,,0,0,,CONDUCTOR ACAR #400 MCM,CO0-0S400,,
SPO0054,,,0,0,,Secc. 3F con grapa derivación en caliente  6 a 4/0 AAC/ACSR,SPO-3GB,,
TRT0043,100,C,0,0,,Transformador 13 kV 3F Pedestal o Padmounted 100KVA,TRT-3P100,,
ESR0044,,,0,0,,Est. 34.5 kV 1F Centrada Retención deriv. 1F Centrada Retención,ESR-1CR+1CR,,
TUT0126,833,C,0,0,,Banco de 3 transformadores 13 kV 1F convenc. Frente muerto 833 kVA,TUT-3R833,,
SPT0044,,,0,0,,Secc. 13kV 3F con seccionador de cuchilla   con disp. rompearco 600A,SPT-3O600,,
TRS0030,75,C,0,0,,Transformador 6  kV  3F conv. 75 kVA en cámara,TRS-3O75,,
POO3101,,,0,0,,Poste Hormigón armado Rectangular de 14 m carga de rotura 350 kg,PO0-0HR14_350,,
TUV0041,400,C,0,0,,Transformador  22kV 3F sumerg. 400 kVA,TUV-3S400,,
SDD0249,21,,,,,SGDA 220V 3F Fotovoltaica de 21kW,SDD-3F21,,
SDD0064,6.6,,,,,SGDA 240V 1F Fotovoltaica de 6.6kW,SDD-1F6.6,,
TRV0025,112.5,C,0,0,,Transformador 22 kV 3F conv. 112.5 kVA en poste,TRV-3C112.5,,
APO0235,250,C,0,12,C,Lum. 240 V Hg 250 W en poste con red preen Autocontrolada pot. cte. C,APD-0OLCM250AC,30,
TUT0129,750,C,,,,Transformador  13kV 3F sumerg. 750 kVA,TUT-3S750,,
TRR0392,62.5,C,0,0,,Banco de 2 transformadores en paralelo 34.5 kV monofásicos 62.5 KVA en cámara,TRR-1V62.5,,
TRS0268,112.5,C,0,0,,Banco de 2 transformadores en paralelo 6 kV bifasicos 112.5 KVA en cámara,TRS-2V112.5,,
SPS0050,,,0,0,,Secc. 6 kV 3F con seccionador de cuchilla   con disp. rompearco 100A,SPS-3O100,,
TRS0288,275,C,0,0,,Transformador 6 kV 3F Pedestal o Padmounted 275 kVA,TRS-3P275,,
ESS0012,,,0,0,,Est. 6 kV 2F Centrada Angular,ESS-2CA,,
SSV0042,,,0,0,,Secc. red subt. 22 kV 2F con fusible  12 A,SSV-2F12,,
APO0201,125,C,0,13,C,Lum. 240 V Hg 125 W en poste con red aerea hilo piloto pot. cte. C,APD-0PLCM125PC,16.25,
TRS0010,45,C,0,0,,Transformador 6  kV  3F conv. 45 kVA en poste,TRS-3C45,,
TUS0010,150,C,0,0,,Transformador  6kV 3F conv. frente muerto 150 kVA,TUS-3M150,,
APO0902,110,C,0,10,,Lum. 240 V Led 110 W en poste con red aerea Autocontrolada pot. cte. C,APD-0PLCL110AC,11,
AOD0161,110,C,0,10,C,Proy. 240V Ornamental Led 110 W en piso  hilo piloto pot. Cte.,AOD-0IPL110PC,11,
SPR0080,,,0,0,,Secc. 34.5 kV 3F con reconectador 560A BIL 150,SPR-3R560_150,,
TRS0269,115,C,0,0,,Banco de 2 transformadores en paralelo 6 kV bifasicos 115 KVA en cámara,TRS-2V115,,
SDV0303,200,,,,,SGDA 22kV 3F Fotovoltaica de 200kW,SDV-3F200,,
ESV0136,,,0,0,,Est. 22 kV 2F Semiaislado o Ecologico Doble retención,ESV-2MD,,
POO4022,,,0,0,,Poste Hormigón armado Rectangular de 16.5m carga de rotura 600kg,PO0-0HR16.5_1600,,
SSD0013,,,0,0,,Secc. red subt. 220 V 3F con interruptor termomagnético 175 A,SSD-3N175,,
SDD0097,13.78,,,,,SGDA 240V 1F Fotovoltaica de 13.78kW,SDD-1F13.78,,
SDT0319,600,,,,,"SGDA 13,8kV 3F Fotovoltaica de 600kW",SDT-3F600,,
AOD0082,1000,C,0,12,C,Proy. 240 V Ornamental MH 1000 W en poste Hilo Piloto. pot. cte.,AOD-0PPH1000PC,120,
TRV0340,87.5,C,0,0,,Banco de 2 transformadores en paralelo 22 kV monofásicos 87.5 kVA en cámara,TRV-1V87.5,,
TRT0444,10,C,0,0,,Transformador 13 kV 2F conv. 10 kVA en cámara,TRT-2O10,,
SPS0108,,,0,0,,Secc. 6kV 3F con reconectador 800A BIL 150,SPS-3R800_150,,
SST0027,,,0,0,,"Secc. red subt. 13kV 3F con barraje desc., 4 vias,  600 A",SST-3B4_600,,
SDD0042,4.3,,,,,SGDA 240V 1F Fotovoltaica de 4.3kW,SDD-1F4.3,,
POO8501,,,0,0,,Poste Hormigón armado Circular de 7m carga de rotura 350kg,PO0-0HC7_350,,
TRR0099,90,C,0,0,,Banco de 2 transformadores 34.5 kV monofásicos 90 KVA en poste,TRR-3B90,,
ESR0130,,,0,0,,Est. 34.5 kV 1F Semiaislado o Ecologico Angular,ESR-1MA,,
TRV0354,267,C,0,0,,Banco de 2 transformadores en paralelo 22 kV monofásicos 267 kVA en cámara,TRV-1V267,,
COO0102,,,0,0,,Conductor Clase 15kV Cu 1000 MCM,CO0-0V1000,,
ESR0101,,,0,0,,Est. 34.5 kV 3F Volada Doble Retención deriv. 3F Semi Centrada Retención,ESR-3VD+3SR,,
TRT0109,192,C,0,0,,Banco de 2 transformadores 13 kV monofásicos 192 KVA en poste,TRT-3B192,,
ESR0115,,,0,0,,Est. 34.5 kV 3F Dos Postes Retención deriv. 3F Semi Centrada Retención,ESR-3HR+3SR,,
SSS0052,,,0,0,,Secc. red subt. 6 kV 3F con fusible  12 A,SSS-3F12,,
TRR0225,160,C,0,0,,Transformador 34.5 kV 3F conv. 160 kVA en poste,TRR-3C160,,
TUV0045,37.5,C,0,0,,Transformador  22kV 3F seco  37.5 kVA,TUV-3D37.5,,
MED0007,,,0,0,,Medidor 240V 3F4H - Espec. Electr.  Energía A-R-D-M - 20 A_ Forma 9S,MED-3R20_9S,,
SSV0031,,,0,0,,Secc. red subt. 22 kV 1F con fusible 10 A,SSV-1F10,,
TRV0379,30,A,0,0,,Transformador 22 kV 1F autoproteg. 30 kVA en poste,TRV-1A30,,
SPV0053,,,0,0,,Protección 22kV 3F con descargador 18kV,SPV-3P18,,
ESD0009,,,0,0,,Est. 240V 5 vías Vertical Doble retención,ESD-5ED,,
SPV0067,,,0,0,,Secc. 22 kV 3F con interruptor 200A BIL 95,SPV-3I200_95,,
POO3114,,,0,0,,Poste Hormigón armado Rectangular de 14m carga de rotura 750kg,PO0-0HR14_750,,
SDD0061,6.3,,,,,SGDA 240V 1F Fotovoltaica de 6.3kW,SDD-1F6.3,,
TRT0181,318,C,0,0,,Banco de 3 transformadores 13 kV monofásicos 318 KVA en cámara,TRT-3I318,,
ESN0018,,,0,0,,Est. 69 kV 3F Doble retención de pequeño angulo en dos postes con doble circuito y aisladores,ESN-2HO,,
COO0315,,,0,0,,Conductor Clase 25kV Cu 600 MCM,CO0-0Y600,,
TRV0242,137.5,C,0,0,,Banco de 2 transformadores 22 kV monofásicos 137.5 kVA en poste,TRV-3B137.5,,
SPR0054,,,0,0,,Secc. 34.5kV 3F con interruptor 100A BIL 125,SPR-3I100_125,,
ESV0095,,,0,0,,Est. 22 kV 3F Bandera Retención dos deriv.1F Centrada Retención,ESV-3BR+1CR+1CR,,
SPV0062,,,0,0,,Secc. 22 kV 1F con reconectador 600A BIL 125,SPV-1R600_125,,
TRV0210,375,C,0,0,,Transformador 22 kV 3F conv. 375 kVA en cámara,TRV-3O375,,
TRV0048,500,C,0,0,,Transformador 22 kV 3F Pedestal o Padmounted 500KVA,TRV-3P500,,
SPR0088,,,0,0,,Secc. 34.5 kV 3F con reconectador 630A BIL 150,SPR-3R630_150,,
TRS0056,250,C,0,0,,Transformador 6 kV 2F conv. 250 kVA en poste,TRS-2C250,,
SDD0298,150,,,,,SGDA 220V 3F Fotovoltaica de 150kW,SDD-3F150,,
TRV0236,87.5,C,0,0,,Banco de 2 transformadores 22 kV monofásicos 87.5 kVA en poste,TRV-3B87.5,,
APO0724,114,C,0,10,,Lum. 240 V Led 114 W en poste con red preen Autocont. pot. cte. C,APD-0OLCL114AC,11.4,
TRR0271,37.5,C,0,0,,Transformador 34.5 kV 3F conv. 37.5 kVA  en poste,TRR-3C37.5,,
MED0009,,,0,0,,Medidor 240V 3F4H - Espec. Electr.  Energía A-R-D-M - 200 A_ Forma 16S,MED-3R200_16S,,
TRR0081,75,C,0,0,,Transformador 34.5 kV 3F conv. 75 kVA en cámara,TRR-3O75,,
TUS0008,100,C,0,0,,Transformador  6kV 3F conv. frente muerto 100 kVA,TUS-3M100,,
EU0031,,,,0,,"Est.red subt. banco ductos,config.1x2 de Ø160 mm+2x2 de Ø110 mm calzada",EU0-0B(1x2C+2x2B)2,,
ECR0046,76.2,E,0,0,,Regulador de voltaje bobina fija 34.5kV 1F 76.2 kVA ctrl electrónico,ECR-1RE76.2,,
ESV0063,,,0,0,,Est. 22 kV 3F Semi Centrada Pasante deriv. 1F Centrada Retención,ESV-3SP+1CR,,
TUV0013,15,C,0,0,,Transformador  22kV 3F conv. frente muerto 15 kVA,TUV-3M15,,
ECV0048,501,M,0,0,,Regulador de voltaje bobina fija 22kV 3F 501 kVA ctrl manual,ECV-3RM501,,
TRT0370,450,C,0,0,,Banco de 3 transformadores 13 kV monofásicos 450 KVA en poste,TRT-3N450,,
TRS0201,10,C,0,0,,Transformador 6 kV 2F conv. 10 kVA en cámara,TRS-2O10,,
APO0431,500,C,0,12,,Proy. 240 V Hg 500 W en fachada con red subt Autocontrolado pot. cte. C,APD-0APCM500AC,60,
SPT0045,,,0,0,,Secc. 13kV 3F con seccionador tripolar para  oper. con carga 100A,SPT-3A100,,
POO7200,,,0,0,,Poste Metálico Circular de 31m,PO0-0EC31,,
SDD0274,58,,,,,SGDA 220V 3F Fotovoltaica de 58kW,SDD-3F58,,
SPR0091,,,0,0,,Secc. 34.5 kV 3F con interruptor 630A BIL 125,SPR-3I630_125,,
APO0446,1500,C,0,12,,Proy. 240 V Hg 1500 W en fachada con red subt Autocontrolado pot. cte. C,APD-0APCM1500AC,180,
SDD0215,7.02,,,,,SGDA 220V 3F Fotovoltaica de 7.02kW,SDD-3F7.02,,
COO0095,,,0,0,,Conductor Clase 15kV Cu 4 AWG,CO0-0V4,,
POO5022,,,0,0,,Poste Hormigón armado rectangular de 16m carga de rotura 1600kg,PO0-0HR16_1600,,
TRT0145,182,C,0,0,,Banco de 2 transformadores 13 kV monofásicos 182 KVA en cámara,TRT-3V182,,
POO3107,,,0,0,,Poste Hormigón armado Rectangular de 14m carga de rotura de 700kg,PO0-0HR14_700,,
POO2504,,,0,0,,Poste Hormigón armado Circular de 15m carga de rotura 500kg,PO0-0HC15_500,,
TRV0149,67.5,C,0,0,,Banco de 3 transformadores 22 kV monofásicos 67.5 kVA en cámara,TRV-3I67.5,,
POO9910,0,,0,0,,Poste Hormigón armado Rectangular de 18 m carga de rotura 1400 kg,PO0-0HR18_1400,0,0
TRR0097,85,C,0,0,,Banco de 2 transformadores 34.5 kV monofásicos 85 KVA en poste,TRR-3B85,,
TRR0299,1.5,C,0,0,,Transformador 34.5 kV 1F conv. 1.5 kVA en poste,TRR-1C1.5,,
TRT0024,112.5,C,0,0,,Transformador 13 kV 3F conv. 112.5 kVA en poste,TRT-3C112.5,,
AOD0106,125,C,0,13,C,Lum. 240 V Ornamental Na 125 W en poste Autocont. pot. cte.,AOD-0PLS125AC,16.25,
SPR0118,,,0,0,,Secc. 34.5 kV 3F con interruptor 300A BIL 75,SPR-3I300_75,,
TRT0457,60,C,0,0,,Transformador 13 kV 1F conv. 60 kVA en poste,TRT-1C60,,
AOD0026,90,C,0,15,C,Proy. 240 V Ornamental Induccion 90 W en fachada Autocont. pot. cte.,AOD-0FPI90AC,13.5,
COO0152,,,0,0,,Conductor THHN Cu #4/0 AWG,CO0-0Q4/0,,
SSS0067,,,0,0,,"Secc. red subt. 6kV 3F,  celda, seccionamiento, 600A, 150 BIL",SSS-3ES600_150,,
TRR0348,10,C,0,0,,Banco de 2 transformadores en paralelo 34.5 kV monofasicos 10KVA en poste,TRR-1B10,,
EST0047,,,0,0,,Est. 13 kV 2F Volada Pasante deriv. 1F Centrada Retención,EST-2VP+1CR,,
SST0074,,,0,0,,"Secc. red subt. 13kV 3F, Transición, inst. en cruceta semicentrada",SST-3RS,,
COO0212,,,0,0,,Conductor Clase 35KV Cu 3/0 AWG,CO0-0R3/0,,
APO0984,141,C,0,10,C,Lum. 240 V Led 141 W en poste con red aérea Autocontrolada pot. cte. C,APD-0PLCL141AC,14.1,0
ESS0043,,,0,0,,Est. 6 kV 2F Centrada Retención deriv. 2F Bandera Angular,ESS-2CR+2BA,,
SST0046,,,0,0,,Secc. red subt. 13 kV 2F con fusible 30 A,SST-2F30,,
TRT0289,22.5,C,0,0,,Banco de 3 transformadores 13 kV monofásicos 22.5 KVA en poste,TRT-3N22.5,,
APO0222,175,C,0,12,C,Lum. 240 V Hg175 W en fachada con red preen Autocontrolada pot. cte. C,APD-0FLCM175AC,21,
TRR0459,450,C,0,0,,Banco de 3 transformadores 34.5 kV monofásicos 450 KVA en poste,TRR-3N450,,
MED0020,,,0,0,,Medidor 240V 3F4H - Especiales Electrónico. Energía A-D - 20 A_Forma 6S,MED-3D20_6S,,
TRT0068,3,C,0,0,,Transformador 13 kV 1F conv.  3 kVA en cámara,TRT-1O3,,
EU0034,,,0,0,,Est.red subt.  Pozo de 90x90x90 cm,EU0-0PB,,
TRR0457,1100,C,0,0,,Transformador 34.5 kV 3F Pedestal o Padmounted 1100 kVA,TRR-3P1100,,
POO5010,,,0,0,,Poste Hormigón armado rectangular de 16m carga de rotura 1200kg,PO0-0HR16_1200,,
TRV0068,150,C,0,0,,Transformador 22kV 3F conv. 150 kVA en poste,TRV-3C150,,
COO0329,,,0,0,,Conductor Al. Preensamblado 3x50 + Nx70 mm² + HPx25 mm²,CO0-0T3X50(70)+25,,
TRT0107,175,C,0,0,,Banco de 2 transformadores 13 kV monofásicos 175 KVA en poste,TRT-3B175,,
ESV0109,,,0,0,,Est. 22 kV 3F Semicentrada Pasante deriv. 2F Centrada Retención,ESV-3SP+2CR,,
APO0429,100,C,0,15,,Proy. 240 V Hg 100 W en fachada con red subt Autocontrolado pot. cte. C,APD-0APCM100AC,15,
TRS0114,150,C,0,0,,Transformador 6 kV 3F conv. 150 kVA en cámara,TRS-3O150,,
ESV0080,,,0,0,,Est. 22 kV 3F Tres Postes Retención deriv. 1F Centrada Retención,ESV-3TR+1CR,,
AOD0113,30,C,0,10,C,Lum. 240 V Ornamental Led 30 W en poste Autocont. pot. cte.,AOD-0PLL30AC,3,
TRT0065,1500,C,0,0,,Transformador 13 kV 3F Pedestal o Padmounted 1500KVA,TRT-3P1500,,
COO0371,,,0,0,,Conductor Multiplex Al 2x12 AWG,CO0-0J2x12,,
POO4010,,,0,0,,Poste Hormigón armado Rectangular de 16.5 m carga de rotura 1200 kg,PO0-0HR16.5_1200,,
SPO0065,,,,0,,Secc. 1F con fusible 7K,SPO-1F7K,,
ECT0032,300,M,0,0,,Regulador de voltaje bobina múltiple 13kV 1F 300 kVA ctrl manual,ECT-1EM300,,
ESV0096,,,0,0,,Est. 22 kV 3F Bandera Doble Retención dos deriv.1F Centrada Retención,ESV-3BD+1CR+1CR,,
TRV0092,630,C,0,0,,Transformador 22 kV 3F conv. 630 kVA en cámara,TRV-3O630,,
APO0731,150,C,0,10,,Lum. 240 V Led 150 W en fachada con red subt Autocontrolada pot. cte. C,APD-0ALCL150AC,15,
AOD0067,1000,C,0,12,C,Proy. 240 V Ornamental Na 1000 W en poste Hilo Piloto. pot. cte.,AOD-0PPS1000PC,120,
ESN0025,,,0,0,,Est. 69 kV 3F Tipo torre de paso circuito doble y aisladores tipo disco,ESN-2OP,,
TRT0067,4500,C,0,0,,Transformador 13 kV 3F Pedestal o Padmounted 4500KVA,TRT-3P4500,,
EST0134,,,0,0,,Est. 13 kV 1F Semiaislado o Ecologico  Doble retención,EST-1MD,,
TRR0143,150,C,0,0,,Banco de 2 transformadores 34.5 kV monofásicos 150 KVA en cámara,TRR-3V150,,
SPT0006,,,0,0,,Secc. 13kV 1F con seccionador de cuchilla   200A,SPT-1C200,,
SPT0042,,,0,0,,Secc. 13kV 3F con seccionador de cuchilla   con disp. rompearco 200A,SPT-3O200,,
ECR0026,100,E,0,0,,Regulador de voltaje bobina fija 34.5kV 3F 100 kVA ctrl electrónico,ECR-3RE100,,
COO0012,,,0,0,,Conductor Cu Desnudo # 4  AWG,CO0-0G4,,
SDD0138,3.2,,,,,SGDA 220V 2F Fotovoltaica de 3.2kW,SDD-2F3.2,,
SPV0103,,,0,0,,Secc. 22kV 3F con reconectador 800A BIL 150,SPV-3R800_150,,
TUS0009,112.5,C,0,0,,Transformador  6kV 3F conv. frente muerto 112.5 kVA,TUS-3M112.5,,
COO0129,,,0,0,,Conductor Clase 25kV Al 1000 MCM,CO0-0E1000,,
ESV0102,,,0,0,,Est. 22 kV 3F Volada Retención deriv. 3F Semi Centrada Retención,ESV-3VR+3SR,,
ESV0055,,,0,0,,Est. 22 kV 3F Centrada Pasante deriv. 2F Centrada Retención,ESV-3CP+2CR,,
TRR0311,528,C,0,0,,Banco de 3 transformadores 34.5 kV monofásicos 528 kVA en cámara,TRR-3I528,,
TRV0026,125,C,0,0,,Transformador 22 kV 3F conv. 125 kVA en poste,TRV-3C125,,
EST0109,,,0,0,,Est. 13 kV 3F Semicentrada Pasante deriv. 2F Centrada Retención,EST-3SP+2CR,,
ESV0047,,,0,0,,Est. 22 kV 1F Centrada Retención dos deriv.1F Centrada Retención,ESV-1CR+1CR+1CR,,
APO0710,15,C,0,10,,Lum. 240 V Led 15 W en poste con red aérea Autocontrolada pot. cte. C,APD-0PLCL15AC,1.5,
SPR0048,,,0,0,,Secc. 34.5kV 3F con seccionador tripolar para  oper. con carga 600A,SPR-3A600,,
TRT0432,150,C,0,0,,Banco de 2 transformadores en paralelo 13 kV monofásicos 150 KVA en cámara,TRT-1V150,,
TAD0005,,,0,0,,Tensor en A en redes de dist. 240/120 V,TAD-0AS,,
SDD0037,4,,,,,SGDA 220V 1F Fotovoltaica de 4kW,SDD-1F4,,
APO0980,220,D,154,10,D,Lum. 240V Led 220 W en poste  con red aérea Autocontrolada Dob.Niv.Pot. C,APD-0PLCL220AD,22,15.4
TRV0085,225,C,0,0,,Transformador 22 kV 3F conv. 225 kVA en cámara,TRV-3O225,,
TRR0342,5,C,0,0,,Transformador 34.5 kV 3F conv. 5 kVA en poste,TRR-3C5,,
SDT0334,1206,,,,,"SGDA 13,8kV 3F Fotovoltaica de 1206kW",SDT-3F1206,,
TRS0050,850,C,0,0,,Transformador 6  kV  3F conv. 850 kVA en cámara,TRS-3O850,,
TRR0285,315,C,0,0,,Banco de 3 transformadores 34.5 kV monofásicos 315 KVA en cámara,TRR-3I315,,
TRT0226,150,C,0,0,,Transformador 13 kV 3F conv. 150 kVA en poste,TRT-3C150,,
TRR0240,250,C,0,0,,Transformador 34.5 kV 3F conv. 250 kVA en cámara,TRR-3O250,,
SPV0107,,,0,0,,Secc. 22kV 3F con interruptor 800A BIL 150,SPV-3I800_150,,
POO3102,,,0,0,,Poste Hormigón armado Rectangular de 14m carga de rotura 400kg,PO0-0HR14_400,,
COO0219,,,0,0,,Conductor Clase 35KV Al 2 AWG,CO0-0L2,,
SDD0269,47.7,,,,,SGDA 220V 3F Fotovoltaica de 47.7kW,SDD-3F47.7,,
SSV0062,,,0,0,,"Secc. red subt. 22kV 3F con int.  redes subt, 4 vías, 600A",SSV-3I4_600,,
COO0376,,,0,0,,CONDUCTOR ACSR #750 MCM,CO0-0B750,,
ECR0040,300,E,0,0,,Regulador de voltaje bobina múltiple 34.5kV 3F 300 kVA ctrl electrónico,ECR-3EE300,,
SPO0055,,,0,0,,Secc. 3F con conector de compresión 1 a 2/0 ACSR,SPO-3CA,,
ECV0004,300,C,0,0,,Capacitor fijo 22kV 1F 300kVAR,ECV-1C300,,
ESN0007,,,0,0,,Est. 69 kV 3F Angular sencilla a 90° con aisladores tipo disco,ESN-1BN,,
TRR0460,204.5,C,0,0,,Banco de 2 transformadores 34.5 kV monofásicos 204.5 KVA en cámara,TRR-3V204.5,,
TRV0054,37.5,C,0,0,,Transformador 22 kV 1F conv. 37.5 kVA en cámara,TRV-1O37.5,,
COO0221,,,0,0,,Conductor Clase 35KV Al 2/0 AWG,CO0-0L2/0,,
APO0780,240,C,0,10,,Lum. 240 V Led 240 W en fachada con red preen Autocontrolada pot. cte. C,APD-0FLCL240AC,24,
TRS0090,45,C,0,0,,Transformador 6 kV 3F Pedestal o Padmounted 45 kVA,TRS-3P45,,
COO0304,,,0,0,,CONDUCTOR ACAR #6 AWG,CO0-0S6,,
SPT0005,,,0,0,,Secc. 13kV 1F con seccionador de cuchilla   100A,SPT-1C100,,
TRV0039,112.5,C,0,0,,Transformador 22 kV 3F Pedestal o Padmounted 112.5KVA,TRV-3P112.5,,
SPV0092,,,0,0,,Secc. 22kV 3F con reconectador 1250A BIL 75,SPV-3R1250_75,,
POO0603,,,0,0,,Poste Hormigón armado Circular de 10m carga de rotura 475kg,PO0-0HC10_475,,
ESS0089,,,0,0,,Est. 6 kV 3F En Volado Retención deriv. 2F Centrada Retención,ESS-3VR+2CR,,
EST0128,,,0,0,,Est. 13 kV 1F Bandera Angular deriv. 1F Centrada Retención,EST-1BA+1CR,,
TRV0345,115,C,0,0,,Banco de 2 transformadores en paralelo 22 kV monofásicos 115 kVA en cámara,TRV-1V115,,
SDD0066,7,,,,,SGDA 240V 1F Fotovoltaica de 7kW,SDD-1F7,,
APO0636,250,C,0,12,,Lum. 240 V Na 250 W en poste con red subt Autocontrolada pot. cte. A,APD-0SLAS250AC,30,
TRT0318,333,C,0,0,,Transformador 13 kV 1F conv. 333 kVA en cámara,TRT-1O333,,
ESS0099,,,0,0,,Est. 6 kV 3F Centrada Doble Retención deriv. 3F Semicentrada Retención,ESS-3CD+3SR,,
TRV0315,100,C,0,0,,Banco de 2 transformadores en paralelo 22 kV monofásicos 100 KVA en poste,TRV-1B100,,
APO0415,500,C,0,12,,Proy. 240 V Hg 500 W en poste con red subt Autocontrolado pot. cte. C,APD-0SPCM500AC,60,
TRT0414,35,C,0,0,,Banco de 2 transformadores en paralelo 13 kV monofásicos 35 KVA en cámara,TRT-1V35,,
TRT0227,160,C,0,0,,Transformador 13 kV 3F conv. 160 kVA en poste,TRT-3C160,,
COO0267,,,0,0,,Conductor AAAC 6201 #266 AWG,CO0-0D266,,
TRT0025,125,C,0,0,,Transformador 13 kV 3F conv. 125 kVA en poste,TRT-3C125,,
EST0121,,,0,0,,Est. 13 kV 3F Semi Centrada Doble Reten. deriv. 3F Semi Centrada Pasante,EST-3SD+3SP,,
POO3805,,,0,0,,Poste Hormigón armado rectangular de 12m carga de rotura 600kg,PO0-0HR12_600,,
ECR0059,900,C,0,0,,Capacitor fijo 34.5kV 3F 900kVAR,ECR-3C900,,
SPS0094,,,0,0,,Secc. 6kV 3F con interruptor 630A BIL 95,SPS-3I630_95,,
TRT0276,1000,C,0,0,,Transformador 13 kV 3F conv. 1000 kVA  en poste,TRT-3C1000,,
POO1605,,,0,0,,Poste Hormigón armado Circular de 12m carga de rotura 600kg,PO0-0HC12_600,,
TRT0454,97.5,C,0,0,,Banco de 3 transformadores 13 kV monofásicos 97.5 KVA en cámara,TRT-3I97.5,,
POO9906,0,,0,0,,Poste Hormigón armado Circular de 14m carga de rotura 2500kg,PO0-0HC14_2500,0,0
EST0056,,,0,0,,Est. 13 kV 3F Centrada Retención deriv. 1F Centrada Retención,EST-3CR+1CR,,
TRR0105,137.5,C,0,0,,Banco de 2 transformadores 34.5 kV monofásicos 137.5 KVA en poste,TRR-3B137.5,,
ESV0071,,,0,0,,Est. 22 kV 3F Volada Pasante deriv. 1F Centrada Retención,ESV-3VP+1CR,,
TRR0371,100,C,0,0,,Banco de 2 transformadores en paralelo 34.5 kV monofásicos 100 KVA en poste,TRR-1B100,,
SPS0107,,,0,0,,Secc. 6kV 3F con reconectador 800A BIL 125,SPS-3R800_125,,
POO11009,,,0,0,,Poste Plástico fibra de vidrio Circular de 14m carga de rotura 1000kg,PO0-0PC14_1000,,
TRT0283,13,C,0,0,,Banco de 2 transformadores 13 kV monofasicos 13KVA en poste,TRT-3B13,,
SDD0188,16,,,,,SGDA 220V 2F Fotovoltaica de 16kW,SDD-2F16,,
EST0032,,,0,0,,Est. 13 kV 3F Dos Postes Retención,EST-3HR,,
COO0104,,,0,0,,Conductor Clase 15kV Al 2 AWG,CO0-0Z2,,
POO1204,,,0,0,,Poste Plástico fibra de vidrio Circular de 11m carga de rotura 500kg,PO0-0PC11_500,,
TRR0058,630,C,0,0,,Transformador 34.5 kV 3F Pedestal o Padmounted 630KVA,TRR-3P630,,
ESS0028,,,0,0,,Est. 6 kV 3F En Volado Angular,ESS-3VA,,
SPD0044,,,0,0,,Secc. 240V 3F con Interruptor Termomagnetico de 200 A,SPD-3M200,,
TRR0123,25,C,0,0,,Banco de 2 transformadores 34.5 kV monofásicos 25 KVA en cámara,TRR-3V25,,
ESS0104,,,0,0,,Est. 6 kV 3F Bandera Doble Retención deriv.  3F Bandera Retención,ESS-3BD+3BR,,
SDD0173,9.6,,,,,SGDA 220V 2F Fotovoltaica de 9.6kW,SDD-2F9.6,,
POO10400,,,0,0,,Poste Madera Circular de 7m,PO0-0MC7,,
ESV0114,,,0,0,,Est. 22 kV 3F Dos Postes Pasante deriv. 3F Centrada Retención,ESV-3HP+3CR,,
SPS0002,,,0,0,,Secc. 6kV 3F con seccionador fus. unipolar cerrado 200A,SPS-3D200,,
SDD0135,2.65,,,,,SGDA 220V 2F Fotovoltaica de 2.65kW,SDD-2F2.65,,
TRR0244,400,C,0,0,,Transformador 34.5 kV 3F conv. 400 kVA en cámara,TRR-3O400,,
ECV0019,200,E,0,0,,Regulador de voltaje bobina fija 22kV 1F 200 kVA ctrl electrónico,ECV-1RE200,,
SDV0288,100,,,,,SGDA 22kV 3F Fotovoltaica de 100kW,SDV-3F100,,
TRR0134,85,C,0,0,,Banco de 2 transformadores 34.5 kV monofásicos 85 KVA en cámara,TRR-3V85,,
ESV0078,,,0,0,,Est. 22 kV 3F Bandera Doble Retenc. deriv. 3F Semi Centrada Retenc.,ESV-3BD+3SR,,
AOD0173,12,C,0,10,C,Proy. 240 V Ornamental Led 11 W en piso Autocont. pot. cte.,AOD-0IPL12AC,1.2,
AOD0172,9,C,0,10,C,Lum. 240 V Ornamental Led 9 W en piso Autocont. pot. cte.,AOD-0ILL9AC,0.9,
AOD0171,6,C,0,10,C,Lum. 240 V Ornamental Led 6 W en piso Hilo Piloto. pot. cte.,AOD-0ILL6PC,0.6,
AOD0177,32,C,0,10,C,Proy. 240 V Ornamental Led 32 W en piso Hilo Piloto. pot. cte.,AOD-0IPL32PC,3.2,
AOD0176,30,C,0,10,C,Proy. 240 V Ornamental Led 30 W en piso Autocont. pot. cte.,AOD-0IPL30AC,3,
AOD0174,19,C,0,10,C,Proy. 240 V Ornamental Led 19 W en piso Hilo Piloto. pot. cte.,AOD-0IPL19PC,1.9,
AOD0168,120,C,0,10,C,Lum. 240 V Ornamental Led 120 W en fachada Hilo Piloto pot. cte.,AOD-0FLL120PC,12,
AOD0169,11,C,0,10,C,Lum. 240 V Ornamental Led 11 W en piso Autocont. pot. cte.,AOD-0ILL11AC,1.1,
APO1042,279,C,0,10,C,Lum. 240 V Led 279 W en poste con red aérea Autocontrolada pot. cte. C,APD-0PLCL279AC,27.9,
APO1043,279,C,0,10,C,Lum. 240 V Led 279 W en poste con red aérea hilo piloto pot. cte. C,APD-0PLCL279PC,27.9,
APO1061,9,C,0,10,C,Lum. 240 V Led 9 W en poste con red aérea hilo piloto pot. cte. C,APD-0PLCL9PC,0.9,
AOC0003,3.6,C,0,10,C,Lum. 120 V Ornamental Led 3.6 W en piso Hilo Piloto. pot. cte.,AOC-0IPL3.6PC,0.36,
APO1007,279,C,0,10,C,Lum. 240 V Led 279 W en fachada con red subt Autocontrolada pot. cte. C,APD-0ALCL279AC,27.9,
APO1004,12,C,0,10,C,Lum. 240 V Led 12 W en fachada con red subt hilo piloto pot. cte. C,APD-0ALCL12PC,1.2,
APO1005,22.1,C,0,10,C,Lum. 240 V Led 22.1 W en fachada con red subt hilo piloto pot. cte. C,APD-0ALCL22.1PC,2.21,
APO1002,130,C,0,10,C,Lum. 240 V Led 130 W en fachada con red preen Autocontrolada pot. cte. C,APD-0FLCL130AC,13,
APO1003,10,C,0,10,C,Lum. 240 V Led 10 W en fachada con red subt hilo piloto pot. cte. C,APD-0ALCL10PC,1,
APO1001,200,C,0,10,C,Lum. 240 V Led 200 W en fachada con red subt hilo piloto pot. cte. C,APD-0ALCL200PC,20,
APO1008,279,C,0,10,C,Lum. 240 V Led 279 W en fachada con red subt hilo piloto pot. cte. C,APD-0ALCL279PC,27.9,
APO1009,314,C,0,10,C,Lum. 240 V Led 314 W en fachada con red subt hilo piloto pot. cte. C,APD-0ALCL314PC,31.4,
TRT0507,475,C,0,0,,Transformador 13 kV 3F Pedestal o Padmounted 475 kVA,TRT-3P475,,
TRT0508,925,C,0,0,,Transformador 13 kV 3F Pedestal o Padmounted 925 kVA,TRT-3P925,,
TRT0509,475,C,0,0,,Transformador 13 kV 3F conv. 475 kVA en cámara,TRT-3O475,,
TRV0428,20,C,0,0,,Transformador 22 kV 3F Pedestal o Padmounted 20KVA,TRV-3P20,,
APO1028,120,C,0,10,C,Lum. 240 V Led 120 W en poste con red aérea hilo piloto pot. cte. C,APD-0PLCL120PC,12,
APO1029,12,C,0,10,C,Lum. 240 V Led 12 W en poste con red aerea Autocontrolada pot. cte. C,APD-0PLCL12AC,1.2,
APO1024,71,C,0,10,C,Lum. 240 V Led 71 W en poste con red preen Autocont. pot. cte. C,APD-0OLCL71AC,7.1,
APO1025,1.7,C,0,10,C,Lum. 240 V Led 1.7 W en poste con red aérea hilo piloto pot. cte. C,APD-0PLCL1.7PC,0.17,
APO1026,10.5,C,0,10,C,Lum. 240 V Led 10.5 W en poste con red aérea hilo piloto pot. cte. C,APD-0PLCL10.5PC,1.05,
APO0110,125,C,0,13,C,Lum. 240 V Hg 125 W en poste con red subt Autocontrolada pot. cte. A,APD-0SLAM125AC,16.25,
ESR0096,,,0,0,,Est. 34.5 kV 3F Bandera Doble Retención dos deriv.1F Centrada Retención,ESR-3BD+1CR+1CR,,
APO0940,180,C,0,10,,Lum. 240 V Led 180 W en fachada con red subt hilo piloto pot. cte. C,APD-0ALCL180PC,18,
COO0099,,,0,0,,Conductor Clase 15kV Cu 3/0 AWG,CO0-0V3/0,,
TRR0298,250,C,0,0,,Banco de 3 transformadores 34.5 kV monofásicos 250 KVA en poste,TRR-3N250,,
SDD0261,32,,,,,SGDA 220V 3F Fotovoltaica de 32kW,SDD-3F32,,
ECT0057,250,C,0,0,,Capacitor fijo 13kV 3F 250kVAR,ECT-3C250,,
SDD0019,2.43,,,,,SGDA 240V 1F Fotovoltaica de 2.43kW,SDD-1F2.43,,
AOD0147,12,C,0,10,C,Proy. 240V Ornamental Led 12 W en piso  hilo piloto pot. Cte.,AOD-0IPL12PC,1.2,
SDD0076,8.33,,,,,SGDA 240V 1F Fotovoltaica de 8.33kW,SDD-1F8.33,,
COO0021,,,0,0,,Conductor AAAC 5005 #2/0 AWG,CO0-0C2/0,,
COO0112,,,0,0,,Conductor Clase 25kV Cu 4 AWG,CO0-0Y4,,
POO2607,,,0,0,,Poste Hormigón armado Rectangular de 15m carga de rotura 700kg,PO0-0HR15_700,,
APO0343,150,C,0,13,,Lum. 240 V Na 150 W en fachada con red preen hilo piloto pot. cte. C,APD-0FLCS150PC,19.5,
SPO0029,,,0,0,,Secc. 2F con grapa derivación en caliente 6 a 4/0 AAC/ACSR,SPO-2GB,,
TRS0042,500,C,0,0,,Transformador 6  kV  3F conv. 500 kVA en poste,TRS-3C500,,
POO1010,,,0,0,,Poste Hormigón armado Circular de 11m carga de rotura 1200kg,PO0-0HC11_1200,,
TRR0172,200,C,0,0,,Banco de 3 transformadores 34.5 kV monofásicos 200 KVA en cámara,TRR-3I200,,
TRV0324,192,C,0,0,,Banco de 2 transformadores en paralelo 22 kV monofásicos 192 kVA en poste,TRV-1B192,,
COO0401,,,0,0,,"Conductor de Cu concentrico, aislado 600 V, Tipo XLPE  No.1X12+12 AWG",CO0-0W1x12(12),,
AOD0031,15,C,0,10,C,Proy. 240 V Ornamental Led 15 W en piso Autocont. pot. cte.,AOD-0IPL15AC,1.5,
ESV0120,,,0,0,,Est. 22 kV 3F Semi Centrada Retención deriv. 1F Centrada Pasante,ESV-3SR+1CP,,
ESR0069,,,0,0,,Est. 34.5 kV 3F Semi Centrada Angular deriv. 3F Semi Centrada Retención,ESR-3SA+3SR,,
TUV0040,300,C,0,0,,Transformador  22kV 3F sumerg. 300 kVA,TUV-3S300,,
SPS0067,,,0,0,,Secc. 6 kV 3F con interruptor 200A BIL 150,SPS-3I200_150,,
SPV0042,,,0,0,,Secc. 22kV 3F con seccionador tripolar para  oper. con carga 600A,SPV-3A600,,
COO0290,,,0,0,,Conductor Al. Preesamblado 2x10 + Nx10 mm,CO0-0T2X10(10),,
SSD0010,,,0,0,,Secc. red subt. 220 V 3F con interruptor termomagnético 100 A,SSD-3N100,,
ESS0068,,,0,0,,Est. 6 kV 3F Semicentrada Angular deriv. 2F Centrada Retención,ESS-3SA+2CR,,
TRT0209,125,C,0,0,,Transformador 13 kV 1F Pedestal o Padmounted 125KVA,TRT-1P125,,
TRV0184,667,C,0,0,,Banco de 3 transformadores 22 kV monofásicos 667 kVA en cámara,TRV-3I667,,
COO0260,,,0,0,,Conductor Clase 15kV Cu 300 MCM,CO0-0V300,,
ECT0047,127,M,0,0,,Regulador de voltaje bobina fija 13kV 1F 127 kVA ctrl manual,ECT-1RM127,,
TRS0115,160,C,0,0,,Transformador 6 kV 3F conv. 160 kVA en cámara,TRS-3O160,,
TRR0367,75,C,0,0,,Banco de 2 transformadores en paralelo 34.5 kV monofásicos 75 KVA en poste,TRR-1B75,,
ESR0026,,,0,0,,Est. 34.5 kV 3F Semicentrada Doble retención,ESR-3SD,,
POO7800,,,0,0,,Poste Metálico Rectangular de 8m,PO0-0ER8,,
POO0201,,,0,0,,Poste Hormigón armado Rectangular de 9m carga de rotura 350kg,PO0-0HR9_350,,
ESC0003,,,0,0,,Est. 120V 2 vías Vertical Doble Retención,ESC-2ED,,
SPS0043,,,0,0,,Secc. 6 kV 2F con seccionador de cuchilla   con disp. rompearco 600A,SPS-2O600,,
COO0160,,,0,0,,Conductor TTU Cu #400 MCM,CO0-0P400,,
TUT0128,999,C,0,0,,Banco de 3 transformadores 13 kV 1F convenc. Frente muerto 999 kVA,TUT-3R999,,
AOD0138,80,C,0,15,C,Proy. 240 V Ornamental Hg 80 W en piso Autocont. pot. cte.,AOD-0IPM80AC,12,
SDT0280,80,,,,,"SGDA 13,8kV 3F Fotovoltaica de 80kW",SDT-3F80,,
SPT0079,,,0,0,,Secc. 13kV 3F con interruptor 1200A BIL 95,SPT-3I1200_95,,
TRV0179,500,C,0,0,,Banco de 3 transformadores 22 kV monofásicos 500 kVA en cámara,TRV-3I500,,
ESV0032,,,0,0,,Est. 22 kV 3F Dos Postes Retención,ESV-3HR,,
TRT0415,40,C,0,0,,Banco de 2 transformadores en paralelo 13 kV monofásicos 40 KVA en cámara,TRT-1V40,,
SSD0016,,,0,0,,Secc. red subt. 220 V 3F con interruptor termomagnético  250 A,SSD-3N250,,
ESV0092,,,0,0,,Est. 22 kV 3F Centrada Retención dos deriv.1F Centrada Retención,ESV-3CR+1CR+1CR,,
APO0971,54,C,0,10,C,Lum. 240V Led 54 W en poste  con red aérea Autocontrolada pot. Cte. C,APD-0PLCL54AC,5.4,
ECV0064,600,A,0,0,,Capacitor automático 22kV 3F 600kVAR,ECV-3A600,,
TRR0142,137.5,C,0,0,,Banco de 2 transformadores 34.5 kV monofásicos 34.57.5 KVA en cámara,TRR-3V137.5,,
POO2505,,,0,0,,Poste Hormigón armado Circular de 15m carga de rotura 600kg,PO0-0HC15_600,,
COO0332,,,0,0,,Conductor Semiaislado o Ecológico Clase 15kV Al 2 AWG,CO0-0F2,,
AOD0151,27,C,0,10,C,Proy. 240V Ornamental Led 27 W en piso  hilo piloto pot. Cte.,AOD-0IPL27PC,2.7,
SSS0003,,,0,0,,"Secc. red subt. 6kV 3F con conector tipo Codo,  200 A",SSS-3C200,,
TAV0004,,,0,0,,Tensor Poste a poste Simple en redes de dist. 22 kV,TAV-0PS,,
EST0098,,,0,0,,Est. 13 kV 3F Centrada Retención deriv. 3F Semi Centrada Retención,EST-3CR+3SR,,
APO0604,400,C,0,12,,Lum. 240 V Na 400 W en poste con red preen Autocontrolada pot. cte. A,APD-0OLAS400AC,48,
APO0761,133,C,0,10,,Lum. 240 V Led 133 W en fachada con red subt Autocontrolada pot. cte. C,APD-0ALCL133AC,13.3,
TRT0203,500,C,0,0,,Transformador 13 kV 3F conv. 500 kVA en cámara,TRT-3O500,,
ESV0028,,,0,0,,Est. 22 kV 3F En volado Angular,ESV-3VA,,
SSV0018,,,0,0,,"Secc. red subt. 22kV 2F con barraje desc., 3 vias,  200 A",SSV-2B3_200,,
APO0757,133,C,0,10,,Lum. 240 V Led 133 W en poste con red aerea Autocontrolada pot. cte. C,APD-0PLCL133AC,13.3,
SDT0120,80,,,,,"SGDA 13,8kV 1F Fotovoltaica de 80kW",SDT-1F80,,
COO0284,,,0,0,,Multiconductor Cu 3X10,CO0-0N3X10,,
ESD0030,,,0,0,,Est. 240V Preensamblado Angular con 4 conduct.,ESD-1PA4,,
APO0529,1500,C,0,12,,Proy. 240 V Na 1500 W en fachada con red preen Autocont. pot. cte. C,APD-0FPCS1500AC,180,
TRV0086,250,C,0,0,,Transformador 22 kV 3F conv. 250 kVA en cámara,TRV-3O250,,
TRR0275,1200,C,0,0,,Transformador 34.5 kV 3F conv. 1200 kVA  en poste,TRR-3C1200,,
SPD0003,,,0,0,,Secc. 240V 1F con conector doble tipo estanco 3 a 4/0 AWG,SPD-1TC,,
TUT0015,45,C,0,0,,Transformador  13kV 3F conv. frente muerto  45 kVA,TUT-3M45,,
TRR0179,300,C,0,0,,Banco de 3 transformadores 34.5 kV monofásicos 300 KVA en cámara,TRR-3I300,,
SPR0037,,,0,0,,Secc. 34.5kV 3F con seccionador de cuchilla   100A,SPR-3C100,,
SPT0082,,,0,0,,Secc. 13kV 3F con interruptor 630A BIL 95,SPT-3I630_95,,
ECT0028,300,E,0,0,,Regulador de voltaje bobina fija 13kV 3F 300 kVA ctrl electrónico,ECT-3RE300,,
AOD0119,20,C,0,10,C,Proy. 240 V Ornamental Led 20 W en piso Hilo Piloto. pot. cte.,AOD-0IPL20PC,2,
TRS0272,150,C,0,0,,Banco de 2 transformadores en paralelo 6 kV bifasicos 150 KVA en cámara,TRS-2V150,,
EU0004,,,0,0,,Est.red subt.  banco de ductos  config. 1x3  de 110 mm.  en acera,EU0-0B1x3B1,,
TRR0108,182,C,0,0,,Banco de 2 transformadores 34.5 kV monofásicos 182 KVA en poste,TRR-3B182,,
TUV0022,150,C,0,0,,Transformador  22kV 3F conv. frente muerto 150 kVA,TUV-3M150,,
COO0206,,,0,0,,Conductor Clase 25kV Cu 250 MCM,CO0-0Y250,,
TRV0074,200,C,0,0,,Transformador 22kV 3F conv. 200 kVA en poste,TRV-3C200,,
COO0354,,,0,0,,Conductor Semiaislado o Ecológico Clase 25kV Al 556.5 MCM,CO0-0H556.5,,
COO0357,,,0,0,,Conductor Semiaislado o Ecológico Clase 35kV Al 4 AWG,CO0-0K4,,
TRT0177,275,C,0,0,,Banco de 3 transformadores 13 kV monofásicos 275 KVA en cámara,TRT-3I275,,
TRR0109,192,C,0,0,,Banco de 2 transformadores 34.5 kV monofásicos 192 KVA en poste,TRR-3B192,,
ESV0027,,,0,0,,Est. 22 kV 3F En volado Pasante,ESV-3VP,,
TUT0019,90,C,0,0,,Transformador  13kV 3F conv. frente muerto 90 kVA,TUT-3M90,,
SPR0045,,,0,0,,Secc. 34.5kV 3F con seccionador tripolar para  oper. con carga 100A,SPR-3A100,,
SPV0039,,,0,0,,Secc. 22kV 3F con seccionador tripolar para  oper. con carga 100A,SPV-3A100,,
APO0109,250,C,0,12,C,Lum. 240 V Hg 250 W  en poste con red subt hilo piloto pot. cte. A,APD-0SLAM250PC,30,
COO0047,,,0,0,,Conductor Multiplex Al 2x2 AWG,CO0-0J2x2,,
TRR0059,700,C,0,0,,Transformador 34.5 kV 3F Pedestal o Padmounted 700KVA,TRR-3P700,,
SDD0008,1.74,,,,,SGDA 240V 1F Fotovoltaica de 1.74kW,SDD-1F1.74,,
TRR0297,750,C,0,0,,Banco de 3 transformadores 34.5 kV monofásicos 750 KVA en poste,TRR-3N750,,
ESV0081,,,0,0,,Est. 22 kV 2F Dos Postes retención,ESV-2HR,,
EU0009,,,0,0,,Est.red subt.  banco de ductos  config. 3x2  de 110 mm.  en acera,EU0-0B3x2B1,,
ESV0089,,,0,0,,Est. 22 kV 3F Volada Retención deriv.1F Centrada Retención,ESV-3VR+1CR,,
ECT0044,400,C,0,0,,Capacitor fijo 13 kV 1F 400kVAR,ECT-1C400,,
POO10700,,,0,0,,Poste Metálico Circular de 10.5m,PO0-0EC10.5,,
SDD0267,45,,,,,SGDA 220V 3F Fotovoltaica de 45kW,SDD-3F45,,
ECR0065,600,A,0,0,,Capacitor automático 34.5kV 3F 600kVAR,ECR-3A600,,
TRR0363,57.5,C,0,0,,Banco de 2 transformadores en paralelo 34.5 kV monofásicos 57.5 kVA en poste,TRR-1B57.5,,
SST0030,,,0,0,,Secc. red subt. 13 kV 1F con fusible 8 A,SST-1F8,,
AOD0148,16,C,0,10,C,Proy. 240V Ornamental Led 16 W en piso  hilo piloto pot. Cte.,AOD-0IPL16PC,1.6,
TRV0224,25,C,0,0,,Banco de 2 transformadores 22 kV monofásicos 25 kVA en poste,TRV-3B25,,
TRV0121,700,C,0,0,,Transformador 22 kV 3F Pedestal o Padmounted 700 kVA,TRV-3P700,,
TRV0288,20,C,0,0,,Transformador 22 kV 3F conv. 20 kVA en cámara,TRV-3O20,,
COO0077,,,0,0,,Conductor THHN Cu #3/0 AWG,CO0-0Q3/0,,
COO0317,,,0,0,,Conductor Al. Preensamblado 1x35 + Nx50 mm²,CO0-0T1X35(50),,
AOD0058,1000,C,0,12,C,Proy. 240 V Ornamental Na 1000 W en poste Autocont. pot. cte.,AOD-0PPS1000AC,120,
TRT0403,150,C,0,0,,Banco de 2 transformadores en paralelo 13 kV monofásicos 150 KVA en poste,TRT-1B150,,
TRT0404,15,C,0,0,,Transformador 13 kV 1F semiprot. 15 kVA en poste,TRT-1R15,,
TRV0230,57.5,C,0,0,,Banco de 2 transformadores 22 kV monofásicos 57.5 kVA en poste,TRV-3B57.5,,
MET0002,,,0,0,,Medidor 13kV 3F4H - Espec. Electr.  Energía A-R-D-M - 20 A_ Forma 10A,MET-3R20_10A,,
TRS0036,150,C,0,0,,Transformador 6  kV  3F conv. 150 kVA en poste,TRS-3C150,,
TRS0243,125,C,0,0,,Banco de 2 transformadores en paralelo 6 kV bifasicos 125 KVA en poste,TRS-2B125,,
SDD0016,2.24,,,,,SGDA 220V 1F Fotovoltaica de 2.24kW,SDD-1F2.24,,
TRT0476,80,C,0,0,,Banco de 3 transformadores 13 kV monofásicos 80 KVA en poste,TRT-3N80,,
POO9305,,,0,0,,Poste Hormigón armado Ornamental de 11m carga de rotura 600kg,PO0-0HO11_600,,
AOD0020,36,C,0,10,C,Lum. 240 V Ornamental Led 36 W en poste Autocont. pot. cte.,AOD-0PLL36AC,3.6,
SSV0034,,,0,0,,Secc. red subt. 22 kV 1F con fusible 20 A,SSV-1F20,,
ECV0049,864,M,0,0,,Regulador de voltaje bobina fija 22kV 3F 864 kVA ctrl manual,ECV-3RM864,,
APO0406,150,C,0,13,,Proy. 240 V Hg 150 W en poste con red aerea Autocontrolado pot. cte. C,APD-0PPCM150AC,19.5,
SPV0065,,,0,0,,Secc. 22 kV 3F con interruptor 100A BIL 125,SPV-3I100_125,,
TRR0065,1500,C,0,0,,Transformador 34.5 kV 3F Pedestal o Padmounted 1500KVA,TRR-3P1500,,
EST0092,,,0,0,,Est. 13 kV 3F Centrada Retención dos deriv.1F Centrada Retención,EST-3CR+1CR+1CR,,
COO0054,,,0,0,,Conductor Multiplex Al 4x4 AWG,CO0-0J4x4,,
COO0242,,,0,0,,CONDUCTOR AAAC 5005 #477 MCM,CO0-0C477,,
TRR0124,30,C,0,0,,Banco de 2 transformadores 34.5 kV monofásicos 30 KVA en cámara,TRR-3V30,,
SPD0005,,,0,0,,Secc. 240V 2F con fusible NH 35 A,SPD-2L35,,
SDD0144,4.4,,,,,SGDA 220V 2F Fotovoltaica de 4.4kW,SDD-2F4.4,,
TRT0271,10,C,0,0,,Transformador 13 kV 3F conv. 10 kVA  en poste,TRT-3C10,,
SSV0063,,,0,0,,"Secc. red subt. 22kV 3F con int.  redes subt, 4 vías, 900A",SSV-3I4_900,,
SST0037,,,0,0,,Secc. red subt. 13 kV 1F con fusible 40 A,SST-1F40,,
ESS0038,,,0,0,,Est. 6 kV 3F Neutro Alineado en Cruceta Centrada Pasante,ESS-3NP,,
APO1027,100,C,0,10,C,Lum. 240 V Led 100 W en poste con red aérea hilo piloto pot. cte. C,APD-0PLCL100PC,1,
APO1020,9,C,0,10,C,Lum. 240 V Led 9 W en fachada con red preen Autocontrolada pot. cte. C,APD-0FLCL9AC,0.9,
APO1021,100,C,0,10,C,Lum. 240 V Led 100 W en poste con red preen Autocont. pot. cte. C,APD-0OLCL100AC,10,
APO1022,142,C,0,10,C,Lum. 240 V Led 142 W en poste con red preen Autocont. pot. cte. C,APD-0OLCL142AC,14.2,
APO1023,36,C,0,10,C,Lum. 240 V Led 36 W en poste con red preen Autocont. pot. cte. C,APD-0OLCL36AC,3.6,
APO1071,12,C,0,10,C,Lum. 240 V Led 12 W en fachada con red preen Autocontrolada pot. cte. C,APD-0FLCL12AC,1.2,
APO1070,150,C,0,10,C,Proy. 240 V Led 150 W en poste con red subt hilo piloto pot. cte. C,APD-0SPCL150AC,15,
APO1006,25,C,0,10,C,Lum. 240 V Led 25 W en fachada con red subt hilo piloto pot. cte. C,APD-0ALCL25PC,2.5,
APO1060,9,C,0,10,C,Lum. 240V Led 9 W en poste  con red aérea Autocontrolada pot. Cte. C,APD-0PLCL9AC,0.9,
APO1063,80,C,0,10,C,Lum. 240 V Led 80 W en poste con red subt Autocontrolada pot. cte. C,APD-0SLCL80AC,8,
APO1068,500,C,0,10,C,Proy. 240 V Led 500 W en poste con red aerea Autocontrolada pot. cte. C,APD-0PPCL500AC,50,
APO1048,32,C,0,10,C,Lum. 240 V Led 32 W en poste con red aérea hilo piloto pot. cte. C,APD-0PLCL32PC,3.2,
APO1049,36,C,0,10,C,Lum. 240 V Led 36 W en poste con red aérea hilo piloto pot. cte. C,APD-0PLCL36PC,3.6,
APO1041,249,C,0,10,C,Lum. 240 V Led 249 W en poste con red aérea hilo piloto pot. cte. C,APD-0PLCL249PC,24.9,
APO1047,319,C,0,10,C,Lum. 240 V Led 319 W en poste con red aérea Autocontrolada pot. cte. C,APD-0PLCL319AC,31.9,
APO1044,280,C,0,10,C,Lum. 240 V Led 280 W en poste con red aérea Autocontrolada pot. cte. C,APD-0PLCL280AC,28,
ECT0083,501,M,0,0,,Regulador de voltaje bobina múltiple 13kV 3F 501 kVA ctrl manual,ECT-3EM501,,
ECT0082,167,M,0,0,,Regulador de voltaje bobina múltiple 13kV 1F 167 kVA ctrl manual,ECT-1EM167,,
ECT0081,171.6,M,0,0,,Regulador de voltaje bobina múltiple 13kV 3F 171.6 kVA ctrl manual,ECT-3EM171.6,,
ECT0080,57.2,M,0,0,,Regulador de voltaje bobina múltiple 13kV 1F 57.2 kVA ctrl manual,ECT-1EM57.2,,
APO1062,100,C,0,10,C,Lum. 240 V Led 100 W en poste con red subt hilo piloto pot. cte. C,APD-0SLCL100PC,10,
APO1064,80,C,0,10,C,Lum. 240 V Led 80 W en poste con red subt hilo piloto pot. cte. C,APD-0SLCL80PC,8,
APO1065,50,C,0,16,C,Lum. 240 V Na 50 W en poste con red subt Autocontrolada pot. cte. C,APD-0SLCS50AC,8,
APO1066,100,C,0,10,C,Proy. 240 V Led 100 W en poste con red aerea Autocontrolada pot. cte. C,APD-0PPCL100AC,10,
APO1067,400,C,0,10,C,Proy. 240 V Led 400 W en poste con red aerea Autocontrolada pot. cte. C,APD-0PPCL400AC,40,
APO1069,600,C,0,10,C,Proy. 240 V Led 600 W en poste con red aerea Autocontrolada pot. cte. C,APD-0PPCL600AC,60,
TRV0313,87.5,C,0,0,,Banco de 2 transformadores en paralelo 22 kV monofásicos 87.5 kVA en poste,TRV-1B87.5,,
TRS0273,175,C,0,0,,Banco de 2 transformadores en paralelo 6 kV bifasicos 175 KVA en cámara,TRS-2V175,,
POO8622,,,0,0,,Poste Hormigón armado Circular de 16m carga de rotura 1600kg,PO0-0HC16_1600,,
SPT0125,0,,0,0,,Secc. 13kV 3F con reconectador 1250A BIL 150,SPT-3R1200_150,0,0
TRV0259,65,C,0,0,,Banco de 2 transformadores 22 kV monofásicos 65 kVA en cámara,TRV-3V65,,
TRV0402,330,C,0,0,,Transformador 22 kV 1F conv. 330 kVA en cámara,TRV-1O330,,
SPS0080,,,0,0,,Secc. 6kV 3F con reconectador 300A BIL 75,SPS-3R300_75,,
COO0170,,,0,0,,Conductor Concéntrico Cu 3x1/0,CO0-0W3x1/0,,
POO10500,,,0,0,,Poste Madera Circular de 15m,PO0-0MC15,,
SDD0184,14.2,,,,,SGDA 220V 2F Fotovoltaica de 14.2kW,SDD-2F14.2,,
POO3704,,,0,0,,Poste Hormigón armado Circular de 18m carga de rotura 500kg,PO0-0HC18_500,,
SSS0041,,,0,0,,Secc. red subt. 6 kV 2F con fusible 10 A,SSS-2F10,,
APO0111,175,C,0,12,C,Lum. 240 V Hg 175 W en poste con red subt Autocontrolada pot. cte. A,APD-0SLAM175AC,21,
MED0011,,,0,0,,Medidor 240V 1F3H - Masivos Electromecánico. Energía Activa - 100 A_Forma 2S,MED-1L100_2S,,
SPR0111,,,0,0,,Secc. 34.5 kV 3F con interruptor 400A BIL 95,SPR-3I400_95,,
TRV0339,85,C,0,0,,Banco de 2 transformadores en paralelo 22 kV monofásicos 85 kVA en cámara,TRV-1V85,,
EST0011,,,0,0,,Est. 13 kV 2F Centrada Pasante,EST-2CP,,
TUT0117,450,C,0,0,,Banco de 3 transformadores 13 kV 1F convenc. Frente muerto 450 kVA,TUT-3R450,,
ECR0050,288,M,0,0,,Regulador de voltaje bobina fija 34.5kV 1F 288 kVA ctrl manual,ECR-1RM288,,
ECT0058,450,C,0,0,,Capacitor fijo 13kV 3F 450kVAR,ECT-3C450,,
SDD0229,9.49,,,,,SGDA 220V 3F Fotovoltaica de 9.49kW,SDD-3F9.49,,
TRT0503,145,C,0,0,,Transformador 13 kV 3F conv. 145 kVA en cámara,TRT-2O145,0,0
COO0044,,,0,0,,Conductor ASC #266.8 MCM,CO0-0A266,,
TUT0130,916,C,0,0,,Banco de 3 transformadores 13 kV 1F convenc. Frente muerto 916 Kva (333KVA-333KVA-250KVA),TUT-3R916,0,0
ECT0039,200,E,0,0,,Regulador de voltaje bobina múltiple 13kV 3F 200 kVA ctrl electrónico,ECT-3EE200,,
TRT0386,217,C,0,0,,Banco de 2 transformadores en paralelo 13 kV monofásicos  217 kVA en poste,TRT-1B217,,
APO0430,150,C,0,13,,Proy. 240 V Hg 150 W en fachada con red subt Autocontrolado pot. cte. C,APD-0APCM150AC,19.5,
SDD0115,30,,,,,SGDA 240V 1F Fotovoltaica de 30kW,SDD-1F30,,
COO0124,,,0,0,,Conductor Clase 25kV Al 2/0 AWG,CO0-0E2/0,,
APO0444,1500,C,0,12,,Proy. 240 V Hg 1500 W en fachada con red preen Autocontrolado pot. cte. C,APD-0FPCM1500AC,180,
ESD0015,,,0,0,,Est. 240V 3 vías Vertical Pasante deriv. 1 vía Vertical Retención,ESD-3EP+ESE-1ER,,
MED0025,,,0,0,,Medidor 240V 2F3H - Masivos Electrónico. Energía Activa - 100 A_Forma 12S,MED-2E100_12S,,
EU0021,,,,0,,Est.red subt.  banco de ductos  config. 2x2  de 110 mm.  en calzada,EU0-0B2x2B2,,
TUT0099,160,C,0,0,,Banco de 3 transformadores 13 kV 1F convenc. Frente muerto 160 kVA,TUT-3R160,,
TRR0276,25,C,0,0,,Transformador 34.5 kV 3F Pedestal o Padmounted 25KVA,TRR-3P25,,
TRT0282,10,C,0,0,,Banco de 2 transformadores 13 kV monofasicos 10KVA en poste,TRT-3B10,,
SPR0074,,,0,0,,Secc. 34.5 kV 3F con reconectador 400A BIL 150,SPR-3R400_150,,
SPR0039,,,,0,,Secc. 34.5kV 3F con seccionador de cuchilla   300A,SPR-3C300,,
POO3712,,,0,0,,Poste Hormigón armado Circular de 18m carga de rotura 2000kg,PO0-0HC18_2000,,
EST0113,,,0,0,,Est. 13 kV 3F Tres Postes Doble Reten. dos deriv. 1F Centrada Reten.,EST-3TD+1CR+1CR,,
APO0603,250,C,0,12,,Lum. 240 V Na 250 W en poste con red preen Autocontrolada pot. cte. A,APD-0OLAS250AC,30,
TRV0418,217,C,0,0,,Banco de 2 transformadores en paralelo 22 kV monofásicos 217 kVA en cámara,TRV-1V217,,
SDD0237,12,,,,,SGDA 220V 3F Fotovoltaica de 12kW,SDD-3F12,,
ESD0002,,,0,0,,Est. 240V 3 vías Vertical Retención,ESD-3ER,,
TRT0273,37.5,C,0,0,,Transformador 13 kV 3F conv. 37.5 kVA  en poste,TRT-3C37.5,,
ECS0047,432,M,0,0,,Regulador de voltaje bobina fija 6kV 3F 432 kVA ctrl manual,ECS-3RM432,,
COO0014,,,0,0,,Conductor Cu Desnudo # 1/0  AWG,CO0-0G1/0,,
POO8704,,,0,0,,Poste Hormigón armado Circular de 19m carga de rotura 500kg,PO0-0HC19_500,,
TUS0048,300,C,0,0,,Transformador  6kV 3F  seco 300 kVA,TUS-3D300,,
APO0361,400,C,0,12,,Lum. 240 V Na 400 W en fachada con red subt hilo piloto pot. cte. C,APD-0ALCS400PC,48,
TRS0096,600,C,0,0,,Transformador 6 kV 3F Pedestal o Padmounted 600 kVA,TRS-3P600,,
SDD0048,4.6,,,,,SGDA 240V 1F Fotovoltaica de 4.6kW,SDD-1F4.6,,
APO0520,1000,C,0,12,,Proy. 240 V Na 1000 W en poste con red aerea hilo piloto pot. cte. C,APD-0PPCS1000PC,120,
ESS0107,,,0,0,,Est. 6 kV 3F Dos Postes Angular deriv. 2F Centrada Pasante,ESS-3HA+2CP,,
TRR0254,15,C,0,0,,Banco de 2 transformadores 34.5 kV monofasicos 15KVA en poste,TRR-3B15,,
SPD0017,,,0,0,,Secc. 240V 3F con fusible NH 25 A,SPD-3L25,,
SPR0053,,,0,0,,Secc. 34.5kV 3F con interruptor 100A BIL 95,SPR-3I100_95,,
POO1014,,,0,0,,Poste Hormigón armado Circular de 11m carga de rotura 750kg,PO0-0HC11_750,,
TRR0070,10,C,0,0,,Transformador 34.5 kV 1F conv. 10 kVA en cámara,TRR-1O10,,
COO0303,,,0,0,,Conductor TTU Cu #750 MCM,CO0-0P750,,
TUT0069,100,C,0,0,,Banco de 2 transformadores 13 kV 1F convenc. Frente muerto 100 kVA,TUT-3T100,,
SSD0005,,,0,0,,Secc. red subt. 220 V 2F con interruptor termomagnético 50 A,SSD-2N50,,
TRR0140,115,C,0,0,,Banco de 2 transformadores 34.5 kV monofásicos 115 KVA en cámara,TRR-3V115,,
TRT0246,400,C,0,0,,Transformador 13 kV 3F conv. 400 kVA en cámara,TRT-3O400,,
SDD0158,6.72,,,,,SGDA 220V 2F Fotovoltaica de 6.72kW,SDD-2F6.72,,
SPV0082,,,0,0,,Secc. 22kV 3F con interruptor 600A BIL 125,SPV-3I600_125,,
COO0210,,,0,0,,Conductor Clase 35KV Cu 1/0 AWG,CO0-0R1/0,,
TRT0091,50,C,0,0,,Banco de 2 transformadores 13 kV monofásicos 50 KVA en poste,TRT-3B50,,
TRV0264,100,C,0,0,,Banco de 2 transformadores 22 kV monofásicos 100 kVA en cámara,TRV-3V100,,
ESR0064,,,0,0,,Est. 34.5 kV 1F Centrada Retención deriv. 1F Bandera Doble Retenc.,ESR-1CR+1BD,,
TRR0273,750,C,0,0,,Transformador 34.5 kV 3F conv. 750 kVA  en poste,TRR-3C750,,
SPV0016,,,0,0,,Secc. 22kV 1F con interruptor 200A BIL 150,SPV-1I200_150,,
POO10100,,,0,0,,Poste Madera Circular de 3m,PO0-0MC3,,
TRR0420,60,C,0,0,,Transformador 34.5 kV 1F conv. 60 kVA en cámara,TRR-1O60,,
TUT0021,112.5,C,0,0,,Transformador  13kV 3F conv. frente muerto 112.5 kVA,TUT-3M112.5,,
TRT0104,125,C,0,0,,Banco de 2 transformadores 13 kV monofásicos 125 KVA en poste,TRT-3B125,,
SDT0311,420,,,,,"SGDA 13,8kV 3F Fotovoltaica de 420kW",SDT-3F420,,
APO0718,5,C,0,10,,Lum. 240 V Led 5 W en poste con red aérea Autocontrolada pot. cte. C,APD-0PLCL5AC,0.5,
COO0163,,,0,0,,Conductor Concéntrico Cu 2x12,CO0-0W2x12,,
COO0275,,,0,0,,Conductor Cu Desnudo #350  MCM,CO0-0G350,,
SDD0241,13.8,,,,,SGDA 220V 3F Fotovoltaica de 13.8kW,SDD-3F13.8,,
POO4600,,,0,0,,Poste Metálico Circular de 4.5m para semaforo,PO0-0EC4.5,,
EST0140,,,0,0,,Est. 13 kV 3F Semiaislado o Ecologico Angular,EST-3MA,,
SDD0046,4.48,,,,,SGDA 220V 1F Fotovoltaica de 4.48kW,SDD-1F4.48,,
EST0040,,,0,0,,Est. 13 kV 1F Centrada Pasante deriv. 1F Bandera Angular,EST-1CP+1BA,,
SPS0086,,,0,0,,Secc. 6kV 3F con interruptor 600A BIL 95,SPS-3I600_95,,
SSD0026,,,0,0,,"Secc. red subt. 220 V 3F con tablero de distribución,  600A, 3 circuitos",SSD-3L600_3,,
TAV0005,,,0,0,,Tensor Poste a poste Doble en redes de dist. 22 kV,TAV-0PD,,
TRR0248,1000,C,0,0,,Transformador 34.5 kV 3F conv. 1000 kVA en cámara,TRR-3O1000,,
SPV0090,,,0,0,,Secc. 22kV 3F con interruptor 630A BIL 125,SPV-3I630_125,,
TRR0215,15,C,0,0,,Transformador 34.5 kV 2F conv. 15 kVA en poste,TRR-2C15,,
TRT0372,204.5,C,0,0,,Banco de 2 transformadores 13 kV monofásicos 204.5 KVA en cámara,TRT-3V204.5,,
TUV0010,37.5,C,0,0,,Transformador  22kV 1F sumerg.  37.5 kVA,TUV-1S37.5,,
SDD0056,5.8,,,,,SGDA 240V 1F Fotovoltaica de 5.8kW,SDD-1F5.8,,
ESS0109,,,0,0,,Est. 6 kV 3F Semi Centrada Pasante deriv. 2F Centrada Retención,ESS-3SP+2CR,,
TRT0442,3,C,0,0,,Transformador 13 kV 2F conv. 3 kVA en cámara,TRT-2O3,,
ECV0068,50,A,0,0,,Capacitor automático 22kV 1F 50kVAR,ECV-1A50,,
SDD0226,8.75,,,,,SGDA 220V 3F Fotovoltaica de 8.75kW,SDD-3F8.75,,
TOO0005,0,,0,0,,Torre Metálica de 22 m,,0,0
APO0504,250,C,0,12,,Proy. 240 V Na 250 W en poste con red aerea Autocontrolado pot. cte. C,APD-0PPCS250AC,30,
APO0349,250,C,0,12,,Lum. 240 V Na 250 W en fachada con red preen Autocontrolada pot. cte. C,APD-0FLCS250AC,30,
AOD0090,3.6,C,0,10,C,Proy. 240 V Ornamental Led 3.6 W en piso Hilo Piloto. pot. cte.,AOD-0IPL3.6PC,0.36,
ESD0007,,,0,0,,Est. 240V 5 vías Vertical Pasante,ESD-5EP,,
SDC0029,3.5,,,,,SGDA 120V 1F Fotovoltaica de 3.5kW,SDC-1F3.5,,
TRT0400,5,C,0,0,,Transformador 13 kV 1F semiprot. 5 kVA en poste,TRT-1R5,,
AOD0128,110,C,0,10,C,Lum. 240 V Ornamental Led 110 W en poste Hilo Piloto. pot. cte.,AOD-0PLL110PC,11,
SSD0024,,,0,0,,"Secc. red subt. 220 V 3F con tablero de distribución,  400A, 4 circuitos",SSD-3L400_4,,
APO0788,135,C,0,10,,Lum. 240 V Led 135 W en poste con red subt Autocontrolada pot. cte. C,APD-0SLCL135AC,13.5,
SPT0106,,,0,0,,Secc. 13kV 3F con reconectador 800A BIL 75,SPT-3R800_75,,
ESN0011,,,0,0,,Est. 69 kV 3F Doble retención en dos postes con doble circuito y aisladores tipo disco,ESN-2HD,,
ESD0056,,,0,0,,Est. 240V 5 vías Centrada Pasante,ESD-5CP,,
TRT0284,17.5,C,0,0,,Banco de 2 transformadores 13 kV monofasicos 17.5KVA en poste,TRT-3B17.5,,
APO0428,1000,C,0,12,,Proy. 240 V Hg 1000 W en fachada con red subt hilo piloto pot. cte. C,APD-0APCM1000PC,120,
ECT0055,400,A,0,0,,Capacitor automático 13kV 3F 400kVAR,ECT-3A400,,
APO0124,250,C,0,12,C,Lum. 240 V Hg 250 W en fachada con red subt Autocontrolada pot. cte. A,APD-0ALAM250AC,30,
COO0334,,,0,0,,Conductor Semiaislado o Ecológico Clase 15kV Al 2/0 AWG,CO0-0F2/0,,
TRV0098,167,C,0,0,,Transformador 22  kV 1F conv. 167 kVA en poste,TRV-1C167,,
TRT0157,55,C,0,0,,Banco de 3 transformadores 13 kV monofásicos 55 KVA en cámara,TRT-3I55,,
TRS0074,450,C,0,0,,Transformador 6 kV 3F Pedestal o Padmounted 450 kVA,TRS-3P450,,
MED0008,,,0,0,,Medidor 240V 3F4H - Espec. Electr.  Energía A-R-D-M - 20 A_ Forma 10A,MED-3R20_10A,,
SSV0026,,,0,0,,"Secc. red subt. 22kV 3F con barraje desc., 4 vias,  200 A",SSV-3B4_200,,
TRS0087,175,C,0,0,,Transformador 6 kV 3F conv. 175 kVA en poste,TRS-3C175,,
MED0039,,,0,0,,Medidor 240V 3F4H - Masivos Electrónico. Energía Activa - 200 A_Forma 16S,MED-3E200_16S,,
EU0005,,,0,0,,Est.red subt.  banco de ductos  config. 1x4  de 110 mm.  en acera,EU0-0B1x4B1,,
TRR0203,500,C,0,0,,Transformador 34.5 kV 3F conv. 500 kVA en cámara,TRR-3O500,,
TRT0160,75,C,0,0,,Banco de 3 transformadores 13 kV monofásicos 75 KVA en cámara,TRT-3I75,,
EST0003,,,0,0,,Est. 13 kV 1F Centrada Retención,EST-1CR,,
TRR0431,220,C,0,0,,Transformador 34.5 kV 3F conv. 220 kVA en cámara,TRR-3O220,,
SPT0043,,,0,0,,Secc. 13kV 3F con seccionador de cuchilla   con disp. rompearco 300A,SPT-3O300,,
TRS0009,30,C,0,0,,Transformador 6  kV  3F conv. 30 kVA en poste,TRS-3C30,,
TRS0031,100,C,0,0,,Transformador 6  kV  3F conv. 100 kVA en cámara,TRS-3O100,,
TRV0308,60,C,0,0,,Banco de 2 transformadores en paralelo 22 kV monofásicos 60 kVA en poste,TRV-1B60,,
TRT0220,50,C,0,0,,Transformador 13 kV 2F conv. 50 kVA en poste,TRT-2C50,,
POO3213,,,0,0,,Poste Hormigón armado Rectangular de 18m carga de rotura 3000kg,PO0-0HR18_3000,,
SDD0183,13.2,,,,,SGDA 220V 2F Fotovoltaica de 13.2kW,SDD-2F13.2,,
TUT0001,10,C,0,0,,Transformador  13kV 1F conv. frente muerto 10 kVA,TUT-1M10,,
TUT0106,267,C,0,0,,Banco de 3 transformadores 13 kV 1F convenc. Frente muerto  267 kVA,TUT-3R267,,
ECR0052,432,M,0,0,,Regulador de voltaje bobina fija 34.5kV 3F 432 kVA ctrl manual,ECR-3RM432,,
TRT0483,730,C,0,0,,Transformador 13 kV 3F Pedestal o Padmounted 730 KVA,TRT-3P730,,
ESS0111,,,0,0,,Est. 6 kV 3F Dos Postes Angular dos deriv. 2F Centrada Retención,ESS-3HA+2CR+2CR,,
TRT0470,192.5,C,0,0,,Transformador 13 kV 3F conv. 192.5 kVA en cámara,TRT-3O192.5,,
TRS0219,17.5,C,0,0,,Banco de 2 transformadores en paralelo 6 kV bifasicos 17.5KVA en poste,TRS-2B17.5,,
SST0064,,,0,0,,"Secc. red subt. 13kV 3F con int.  redes subt, 6 vías, 200 A",SST-3I6_200,,
TRR0406,182,C,0,0,,Banco de 2 transformadores en paralelo 34.5 kV monofásicos 182 KVA en cámara,TRR-1V182,,
ESS0085,,,0,0,,Est. 6 kV 3F Dos Postes  Pasante deriv. 2F Centrada Retención,ESS-3HP+2CR,,
ESV0074,,,0,0,,Est. 22 kV 3F Bandera Angular deriv. 1F Centrada Retención,ESV-3BA+1CR,,
COO0135,,,0,0,,Conductor TW Cu # 4/0 AWG,CO0-0O4/0,,
SPD0041,,,0,0,,Secc. 240V 3F con Interruptor Termomagnetico de 150 A,SPD-3M150,,
TRV0246,192,C,0,0,,Banco de 2 transformadores 22 kV monofásicos 192 kVA en poste,TRV-3B192,,
TRV0316,110,C,0,0,,Banco de 2 transformadores en paralelo 22 kV monofásicos 110 kVA en poste,TRV-1B110,,
SDV0316,500,,,,,SGDA 22kV 3F Fotovoltaica de 500kW,SDV-3F500,,
COO0127,,,0,0,,Conductor Clase 25kV Al 500 MCM,CO0-0E500,,
TRS0044,600,C,0,0,,Transformador 6  kV  3F conv. 600 kVA en poste,TRS-3C600,,
TRR0062,1000,C,0,0,,Transformador 34.5 kV 3F Pedestal o Padmounted 1000KVA,TRR-3P1000,,
APO0743,115,C,0,10,,Lum. 240 V Led 115 W en fachada con red subt Autocontrolada pot. cte. C,APD-0ALCL115AC,11.5,
SPT0083,,,0,0,,Secc. 13kV 3F con interruptor 630A BIL 125,SPT-3I630_125,,
AOD0006,100,C,0,15,C,Lum. 240 V Ornamental MH 100 W en poste Autocont. pot. cte.,AOD-0PLH100AC,15,
ECV0036,300,E,0,0,,Regulador de voltaje bobina múltiple 22kV 1F 300 kVA ctrl electrónico,ECV-1EE300,,
SPV0111,,,0,0,,Secc. 22kV 3F con interruptor 400A BIL 150,SPV-3I400_150,,
ESV0014,,,0,0,,Est. 22 kV 2F Centrada Doble retención,ESV-2CD,,
SSS0055,,,0,0,,Secc. red subt. 6 kV 3F con fusible 25 A,SSS-3F25,,
COO0399,,,0,0,,Conductor TTU Al #1000 MCM,CO0-0M1000,,
TRR0178,292,C,0,0,,Banco de 3 transformadores 34.5 kV monofásicos 292 KVA en cámara,TRR-3I292,,
SDD0211,6.5,,,,,SGDA 220V 3F Fotovoltaica de 6.5kW,SDD-3F6.5,,
TRT0385,85,C,0,0,,Banco de 2 transformadores en paralelo 13 kV monofásicos 85 KVA en poste,TRT-1B85,,
APO0217,125,C,0,13,C,Lum. 240 V Hg125 W en fachada con red preen hilo piloto pot. cte. C,APD-0FLCM125PC,16.25,
ECT0013,50,M,0,0,,Regulador de voltaje bobina fija 13kV 1F 50 kVA ctrl manual,ECT-1RM50,,
ESS0090,,,0,0,,Est. 6 kV 3F Centrada Pasante dos deriv. 2F Centrada Retención,ESS-3CP+2CR+2CR,,
COO0122,,,0,0,,Conductor Clase 25kV Al 2 AWG,CO0-0E2,,
COO0378,,,0,0,,CONDUCTOR ACAR #477 MCM,CO0-0S477,,
SDD0253,25,,,,,SGDA 220V 3F Fotovoltaica de 25kW,SDD-3F25,,
SPT0080,,,0,0,,Secc. 13kV 3F con interruptor 1200A BIL 125,SPT-3I1200_125,,
TOO0001,,,0,0,,Torre Metálica de 18 m,TO0-0ET18,,
TAT0005,,,0,0,,Tensor Poste a poste Doble en redes de dist. 13 kV,TAT-0PD,,
COO0410,,,0,0,,"Conductor de Al  concentrico, aislado  600 V, Tipo XLPE  No.2X6+10 AWG",CO0-0X2x6(10),,
AOD0144,5,C,0,10,C,Proy. 240V Ornamental Led 5 W en piso  hilo piloto pot. Cte.,AOD-0IPL5PC,0.5,
TRS0278,267,C,0,0,,Banco de 2 transformadores en paralelo 6 kV bifasicos 267 KVA en cámara,TRS-2V267,,
ECT0019,200,E,0,0,,Regulador de voltaje bobina fija 13kV 1F 200 kVA ctrl electrónico,ECT-1RE200,,
SDD0131,2,,,,,SGDA 240V 2F Fotovoltaica de 2kW,SDD-2F2,,
TRT0048,160,C,0,0,,Transformador 13 kV 3F Pedestal o Padmounted 160KVA,TRT-3P160,,
COO0050,,,0,0,,Conductor Multiplex Al 3x4 AWG,CO0-0J3x4,,
COO0240,,,0,0,,CONDUCTOR AAAC 5005 #336.4 MCM,CO0-0C336.4,,
ESN0008,,,0,0,,Est. 69 kV 3F Angular doble circuito a 10° - 30° - 60°  con aisladores tipo disco,ESN-2BA,,
SST0010,,,0,0,,"Secc. red subt. 13kV 1F con barraje desc., 2 vias,  200 A",SST-1B2_200,,
POO8610,,,0,0,,Poste Hormigón armado Circular de 16m carga de rotura 1200kg,PO0-0HC16_1200,,
SSS0027,,,0,0,,"Secc. red subt. 6kV 3F con barraje desc., 4 vias,  600 A",SSS-3B4_600,,
TRT0409,200,C,0,0,,Banco de 2 transformadores en paralelo 13 kV monofásicos 200 KVA en poste,TRT-1B200,,
AOD0049,250,C,0,12,C,Lum. 240 V Ornamental Na 250 W en poste Autocont. pot. cte.,AOD-0PLS250AC,30,
SDD0189,16.4,,,,,SGDA 220V 2F Fotovoltaica de 16.4kW,SDD-2F16.4,,
SPT0098,,,0,0,,Secc. 13kV 3F con reconectador 1250A BIL 95,SPT-3R1250_95,,
COO0036,,,0,0,,Conductor ACSR #266.8 MCM,CO0-0B266,,
MED0018,,,0,0,,Medidor 240V 2F3H - Especiales Electrónico. Energía A-D - 20 A_Forma 5A,MED-3D20_5A,,
APO0323,150,C,0,13,,Lum. 120 V Na 150 W en poste con red subt hilo piloto pot. cte. C,APC-0SLCS150PC,19.5,
SPV0100,,,0,0,,Secc. 22kV 3F con reconectador 800A BIL 75,SPV-3R800_75,,
TUS0025,150,C,0,0,,Transformador  6kV 3F sumerg. 150 kVA,TUS-3S150,,
POO1005,,,0,0,,Poste Hormigón armado Circular de 11m carga de rotura 600kg,PO0-0HC11_600,,
SSV0071,,,0,0,,"Secc. red subt. 22kV 1F, Transición, inst. en cruceta en volado",SSV-1RV,,
TRV0205,192,C,0,0,,Transformador 22 kV 3F conv. 192 kVA en cámara,TRV-3O192,,
ECS0027,200,E,0,0,,Regulador de voltaje bobina fija 6kV 3F 200 kVA ctrl electrónico,ECS-3RE200,,
ECS0056,1200,C,0,0,,Capacitor fijo 6kV 3F 1200kVAR,ECS-3C1200,,
ECV0001,50,C,0,0,,Capacitor fijo 22kV 1F 50kVAR,ECV-1C50,,
ESV0004,,,0,0,,Est. 22 kV 1F Centrada  Doble retención,ESV-1CD,,
ESR0056,,,0,0,,Est. 34.5 kV 3F Centrada Retención deriv. 1F Centrada Retención,ESR-3CR+1CR,,
ECR0035,200,E,0,0,,Regulador de voltaje bobina múltiple 34.5kV 1F 200 kVA ctrl electrónico,ECR-1EE200,,
ESR0112,,,0,0,,Est. 34.5 kV 3F Dos Postes Pasante dos deriv. 1F Centrada Retención,ESR-3HP+1CR+1CR,,
TRR0307,9,C,0,0,,Banco de 3 transformadores 34.5 kV monofásicos 9 kVA en poste,TRR-3N9,,
TRS0247,182,C,0,0,,Banco de 2 transformadores en paralelo 6 kV bifasicos 182 KVA en poste,TRS-2B182,,
ECT0020,300,E,0,0,,Regulador de voltaje bobina fija 13kV 1F 300 kVA ctrl electrónico,ECT-1RE300,,
COO0254,,,0,0,,Conductor THHN Cu #750 MCM,CO0-0Q750,,
TRT0497,32.5,C,0,0,,Banco de 2 transformadores en paralelo 13 kV monofásicos 32.5 KVA en cámara (15KVA-17.5KVA),TRT-1V32.5,0,0
ESV0119,,,0,0,,Est. 22 kV 3F Centrada Pasante deriv. 3F Semi Centrada Retención,ESV-3CP+3SR,,
EU0013,,,0,0,,Est.red subt.  banco de ductos  config. 4x3  de 110 mm.  en acera,EU0-0B4x3B1,,
POO5005,,,0,0,,Poste Hormigón armado rectangular de 16m carga de rotura 600kg,PO0-0HR16_600,,
TRV0317,112.5,C,0,0,,Banco de 2 transformadores en paralelo 22 kV monofásicos 112.5 kVA en poste,TRV-1B112.5,,
COO0137,,,0,0,,Conductor TW Cu # 300 MCM,CO0-0O300,,
EST0110,,,0,0,,Est. 13 kV 3F Dos Postes Retención dos deriv. 1F Centrada Retención,EST-3HR+1CR+1CR,,
TRT0071,15,C,0,0,,Transformador 13 kV 1F conv. 15 kVA en cámara,TRT-1O15,,
AOD0146,11,C,0,10,C,Proy. 240V Ornamental Led 11 W en piso  hilo piloto pot. Cte.,AOD-0IPL11PC,1.1,
TRR0060,750,C,0,0,,Transformador 34.5 kV 3F Pedestal o Padmounted 750KVA,TRR-3P750,,
APO0704,90,C,0,10,,Lum. 240 V Led 90 W en poste con red preen Autocont. pot. cte. C,APD-0OLCL90AC,9,
POO0105,,,0,0,,Poste Hormigón armado Circular de 9m carga de rotura 600kg,PO0-0HC9_600,,
TAV0002,,,0,0,,Tensor Farol Simple en redes de dist. 22 kV,TAV-0FS,,
SDD0228,9,,,,,SGDA 220V 3F Fotovoltaica de 9kW,SDD-3F9,,
SDT0329,990,,,,,"SGDA 13,8kV 3F Fotovoltaica de 990kW",SDT-3F990,,
SPV0045,,,0,0,,Secc. 22kV 3F con secc. trip. oper. con carga con disp. rompearco 300A,SPV-3N300,,
TUT0041,400,C,0,0,,Transformador  13kV 3F sumerg. 400 kVA,TUT-3S400,,
TRT0174,225,C,0,0,,Banco de 3 transformadores 13 kV monofásicos 225 KVA en cámara,TRT-3I225,,
SPS0058,,,0,0,,Secc. 6 kV 3F con secc. trip. oper. con carga con disp. rompearco 100A,SPS-3N100,,
SPD0011,,,0,0,,Secc. 240V 2F con fusible NH 224 A,SPD-2L224,,
ESR0129,,,0,0,,Est. 34.5 kV 1F Semiaislado o Ecologico Pasante,ESR-1MP,,
TRT0229,192,C,0,0,,Transformador 13 kV 3F conv. 192 kVA en poste,TRT-3C192,,
TUS0005,60,C,0,0,,Transformador  6kV 3F conv. frente muerto  60 kVA,TUS-3M60,,
COO0164,,,0,0,,Conductor Concéntrico Cu 2x10,CO0-0W2x10,,
SSV0052,,,0,0,,Secc. red subt. 22 kV 3F con fusible  12 A,SSV-3F12,,
POO3204,,,0,0,,Poste Hormigón armado rectangular de 18m carga de rotura 500kg,PO0-0HR18_500,,
ECT0054,864,M,0,0,,Regulador de voltaje bobina fija 13kV 3F 864 kVA ctrl manual,ECT-3RM864,,
AOD0158,62,C,0,10,C,Proy. 240V Ornamental Led 62 W en piso  hilo piloto pot. Cte.,AOD-0IPL62PC,6.2,
TRT0261,100,C,0,0,,Transformador 13 kV 1F conv. 100 kVA en cámara,TRT-1O100,,
TRV0231,60,C,0,0,,Banco de 2 transformadores 22 kV monofásicos 60 kVA en poste,TRV-3B60,,
TRR0077,30,C,0,0,,Transformador 34.5 kV  3F conv. 30 kVA en cámara,TRR-3O30,,
TRS0270,125,C,0,0,,Banco de 2 transformadores en paralelo 6 kV bifasicos 125 KVA en cámara,TRS-2V125,,
SPT0057,,,0,0,,Secc. 13kV 3F con interruptor 200A BIL 125,SPT-3I200_125,,
POO1122,,,0,0,,Poste Hormigón armado rectangular de 11m carga de rotura 1600kg,PO0-0HR11_1600,,
TUT0053,400,C,0,0,,Transformador  13kV 3F  seco 400 kVA,TUT-3D400,,
SDT0327,900,,,,,"SGDA 13,8kV 3F Fotovoltaica de 900kW",SDT-3F900,,
ECT0007,200,C,0,0,,Capacitor fijo 13kV 3F 200kVAR,ECT-3C200,,
ECR0009,,,0,0,,Capacitor automático 34.5kV 1F 200kVAR,ECR-1A200,,
TRT0009,3,A,0,0,,Transformador 13 kV 1F autoproteg. 3 kVA en poste,TRT-1A3,,
APO0221,125,C,0,13,C,Lum. 240 V Hg125 W en fachada con red preen Autocontrolada pot. cte. C,APD-0FLCM125AC,16.25,
POO7500,,,0,0,,Poste Metálico Rectangular de 5m,PO0-0ER5,,
TRT0397,115,C,0,0,,Banco de 2 transformadores en paralelo 13 kV monofásicos 115 KVA en poste,TRT-1B115,,
APO0532,100,C,0,15,,Proy. 240 V Na 100 W en poste con red aerea Autocontrolado pot. cte. C,APD-0PPCS100AC,15,
POO9912,0,,0,0,,Poste Hormigón armado Rectangular de 21 m carga de rotura 5000 kg,PO0-0HR21_5000,0,0
TRT0383,75,C,0,0,,Banco de 2 transformadores en paralelo 13 kV monofásicos 75 KVA en poste,TRT-1B75,,
COO0023,,,0,0,,Conductor AAAC 6201 #6 AWG,CO0-0D6,,
SDT0310,400,,,,,"SGDA 13,8kV 3F Fotovoltaica de 400kW",SDT-3F400,,
TRV0382,35,A,0,0,,Transformador 22 kV 1F autoproteg. 35 kVA en poste,TRV-1A35,,
TUV0043,15,C,0,0,,Transformador  22kV 3F seco 15 kVA,TUV-3D15,,
TUT0082,334,C,0,0,,Banco de 2 transformadores 13 kV 1F convenc. Frente muerto 334 kVA,TUT-3T334,,
TRR0383,20,C,0,0,,Banco de 2 transformadores en paralelo 34.5 kV monofásicos 20 KVA en cámara,TRR-1V20,,
TRR0464,204.5,C,0,0,,Banco de 2 transformadores 34.5 kV monofásicos  204.5 kVA en poste,TRR-3B204.5,,
TRV0229,52.5,C,0,0,,Banco de 2 transformadores 22 kV monofásicos 52.5 kVA en poste,TRV-3B52.5,,
TRV0243,150,C,0,0,,Banco de 2 transformadores 22 kV monofásicos 150 kVA en poste,TRV-3B150,,
TRT0256,15,C,0,0,,Banco de 2 transformadores 13 kV monofasicos 15KVA en poste,TRT-3B15,,
AOD0008,70,C,0,16,C,Proy. 240 V Ornamental MH 70 W en piso Autocont. pot. cte.,AOD-0IPH70AC,11.2,
COO0368,,,0,0,,Conductor Semiaislado o Ecológico Clase 35kV Al 636 MCM,CO0-0K636,,
APO0615,70,D,70,16,S,Lum. 240 V Na 70 W en poste con red preen Autocont. Dob.niv.pot C,APD-0OLCS70AD,11.2,11.2
APO0964,106,C,0,10,C,Lum. 127 V Led 106 W en poste con red subt Autocontrolada pot. cte. C,APC-0SLCL106AC,10.6,
TRT0435,192,C,0,0,,Banco de 2 transformadores en paralelo 13 kV monofásicos 192 KVA en cámara,TRT-1V192,,
SSS0061,,,0,0,,"Secc. red subt. 6kV 3F con int.  redes subt, 4 vías, 200 A",SSS-3I4_200,,
ESS0017,,,0,0,,Est. 6 kV 2F Volado Retención,ESS-2VR,,
EST0105,,,0,0,,Est. 13 kV 3F Dos Postes Pasante deriv. 1F Centrada Pasante,EST-3HP+1CP,,
SPT0116,,,0,0,,Secc. 13kV 3F con interruptor 400A BIL 95,SPT-3I400_95,,
TRV0123,800,C,0,0,,Transformador 22 kV 3F Pedestal o Padmounted 800 kVA,TRV-3P800,,
TRT0008,75,C,0,0,,Transformador 13 kV 1F conv. 75 kVA en poste,TRT-1C75,,
APO0620,400,D,250,12,S,Lum. 240 V Na 400 W en poste con red preen hilo piloto. Dob.niv.pot C,APD-0OLCS400PD,48,30
ESV0086,,,0,0,,Est. 22 kV 1F Centrada Retención tres deriv.1F Centrada Retención,ESV-1CR+1CR+1CR+1CR,,
TRR0331,2500,C,0,0,,Transformador 34.5 kV 3F conv. 2500 kVA en cámara,TRR-3O2500,,
SPS0095,,,0,0,,Secc. 6kV 3F con interruptor 630A BIL 125,SPS-3I630_125,,
SSV0017,,,0,0,,"Secc. red subt. 22kV 2F con barraje desc., 2 vias,  600 A",SSV-2B2_600,,
ESD0013,,,0,0,,Est. 240V 5 vías Vertical Pasante deriv. 1 vía Vertical Retención,ESD-5EP+ESE-1ER,,
SSS0040,,,0,0,,Secc. red subt. 6 kV 2F con fusible 8 A,SSS-2F8,,
SDD0032,3.7,,,,,SGDA 240V 1F Fotovoltaica de 3.7kW,SDD-1F3.7,,
TRT0298,960,C,0,0,,Transformador 13 kV 3F conv. 960 kVA en cámara,TRT-3O960,,
TRR0269,10,C,0,0,,Transformador 34.5 kV 3F conv. 10 kVA  en poste,TRR-3C10,,
TUS0050,500,C,0,0,,Transformador  6kV 3F  seco 500 kVA,TUS-3D500,,
SPO0071,,,0,0,,Secc. 3F con fusible 150K,SPO-3F150K,,
SDD0035,3.81,,,,,SGDA 240V 1F Fotovoltaica de 3.81kW,SDD-1F3.81,,
SPV0070,,,0,0,,Secc. 22 kV 3F con reconectador 400A BIL 95,SPV-3R400_95,,
APO0763,500,C,0,10,,Lum. 240 V Led 500 W en poste con red preen Autocont. pot. cte. C,APD-0OLCL500AC,50,
ESS0033,,,0,0,,Est. 6 kV 3F Dos Postes Doble Retención,ESS-3HD,,
SPT0117,,,0,0,,Secc. 13kV 3F con interruptor 400A BIL 125,SPT-3I400_125,,
SPV0054,,,0,0,,Secc. 22kV 1F con seccionador fus. unipolar cerrado 100A,SPV-1D100,,
TRS0120,300,C,0,0,,Transformador 6 kV 3F conv. 300 kVA en cámara,TRS-3O300,,
ESV0100,,,0,0,,Est. 22 kV 3F Volada Angular deriv. 3F Semi Centrada Retención,ESV-3VA+3SR,,
COO0343,,,0,0,,Conductor Semiaislado o Ecológico Clase 15kV Al 795 MCM,CO0-0F795,,
TRR0153,30,C,0,0,,Banco de 3 transformadores 34.5 kV monofásicos 30 KVA en cámara,TRR-3I30,,
TRR0166,137.5,C,0,0,,Banco de 3 transformadores 34.5 kV monofásicos 34.57.5 KVA en cámara,TRR-3I137.5,,
TRS0209,5,C,0,0,,Transformador 6 kV 3F conv. 5 kVA en poste,TRS-3C5,,
TRT0369,50,C,0,0,,Banco de 2 transformadores en paralelo 13 kV monofásicos 50 KVA en poste,TRT-1B50,,
TRS0025,400,C,0,0,,Transformador 6 kV 3F Pedestal o Padmounted 400KVA,TRS-3P400,,
APO0998,7.5,C,0,10,C,Lum. 240 V Led 7.5 W en poste con red subt Autocontrolada pot. cte. C,APD-0SLCL7.5AC,0.75,0
ESS0113,,,0,0,,Est. 6 kV 3F Tres Postes Doble Retenc. dos deriv. 2F Centrada Retenc.,ESS-3TD+2CR+2CR,,
TRV0104,10,C,0,0,,Transformador 22 kV 2F conv. 10 kVA en poste,TRV-2C10,,
TRT0300,1.5,C,0,0,,Transformador 13 kV 1F conv. 1.5 kVA en poste,TRT-1C1.5,,
TRR0341,1250,C,0,0,,Transformador 34.5 kV 3F Pedestal o Padmounted 1250 kVA,TRR-3P1250,,
COO0358,,,0,0,,Conductor Semiaislado o Ecológico Clase 35kV Al 2 AWG,CO0-0K2,,
TRR0418,97.5,C,0,0,,Banco de 3 transformadores 34.5 kV monofásicos 97.5 KVA en cámara,TRR-3I97.5,,
ESV0125,,,0,0,,Est. 22 kV 3F Semi Centrada Reten. dos deriv. 3F Semi Centrada Reten.,ESV-3SR+3SR+3SR,,
ECT0004,300,C,0,0,,Capacitor fijo 13kV 1F 300kVAR,ECT-1C300,,
ECV0072,600,A,0,0,,Capacitor automático 22kV 1F 600kVAR,ECV-1A600,,
ESR0074,,,0,0,,Est. 34.5 kV 3F Semi Centr. Doble Retenc. deriv. 3F Semi Centr. Retenc.,ESR-3SD+3SR,,
TRV0080,1200,C,0,0,,Transformador 22 kV 3F conv. 1200 kVA en cámara,TRV-3O1200,,
TRR0304,45,C,0,0,,Banco de 2 transformadores 34.5 kV monofásicos 45 kVA en poste,TRR-3B45,,
TRT0440,334,C,0,0,,Banco de 2 transformadores en paralelo 13 kV monofásicos 334 KVA en cámara,TRT-1V334,,
COO0096,,,0,0,,Conductor Clase 15kV Cu 2 AWG,CO0-0V2,,
ECR0006,,,0,0,,Capacitor fijo 34.5kV 3F 100kVAR,ECR-3C100,,
COO0224,,,0,0,,Conductor Clase 35KV Al 500 MCM,CO0-0L500,,
EST0054,,,0,0,,Est. 13 kV 3F Centrada Retención deriv. 3F Centrada Retención,EST-3CR+3CR,,
TRS0038,200,C,0,0,,Transformador 6  kV  3F conv. 200 kVA en poste,TRS-3C200,,
TRT0411,20,C,0,0,,Banco de 2 transformadores en paralelo 13 kV monofásicos 20 KVA en cámara,TRT-1V20,,
COO0071,,,0,0,,Conductor TTU Cu #250 MCM,CO0-0P250,,
TRS0011,50,C,0,0,,Transformador 6  kV  3F conv. 50 kVA en poste,TRS-3C50,,
ECV0047,432,M,0,0,,Regulador de voltaje bobina fija 22kV 3F 432 kVA ctrl manual,ECV-3RM432,,
TRV0053,25,C,0,0,,Transformador 22 kV 1F conv. 25 kVA en cámara,TRV-1O25,,
ESS0077,,,0,0,,Est. 6 kV 3F Bandera Angular derivación 3F Semicentrada Retención,ESS-3BA+3SR,,
ESR0116,,,0,0,,Est. 34.5 kV 3F Dos Postes Angular deriv. 3F Semi Centrada Retención,ESR-3HA+3SR,,
APO0102,175,C,0,12,C,Lum. 240 V Hg 175 W  en poste con red aerea hilo piloto pot. cte. A,APD-0PLAM175PC,21,
SPD0027,,,0,0,,Secc. 240V 3F con fusible NH 500 A,SPD-3L500,,
AOD0137,50,C,0,16,C,Proy. 240 V Ornamental Hg 50 W en piso Autocont. pot. cte.,AOD-0IPM50AC,8,
TUT0077,192,C,0,0,,Banco de 2 transformadores 13 kV 1F convenc. Frente muerto 192 kVA,TUT-3T192,,
TRT0281,8,C,0,0,,Banco de 2 transformadores 13 kV monofasicos 8KVA en poste,TRT-3B8,,
TRS0233,62.5,C,0,0,,Banco de 2 transformadores en paralelo 6 kV bifasicos 62.5 KVA en poste,TRS-2B62.5,,
APO0407,500,C,0,12,,Proy. 240 V Hg 500 W en poste con red aerea Autocontrolado pot. cte. C,APD-0PPCM500AC,60,
COO0235,,,0,0,,CONDUCTOR ACAR #600 MCM,CO0-0S600,,
TRT0496,17.5,C,0,0,,Transformador 13 kV 1F conv. 17.5 kVA en poste,TRT-1C17.5,0,0
EST0083,,,0,0,,Est. 13 kV 1F Centrada Pasante dos deriv.1F Centrada Retención,EST-1CP+1CR+1CR,,
MET0004,,,0,0,,Medidor 13kV 3F4H - Espec. Electr.  Energía A-R-D-M - 20 A_ Forma 6S,MET-3R20_6S,,
TRT0347,13,C,0,0,,Banco de 2 transformadores en paralelo 13 kV monofasicos 13KVA en poste,TRT-1B13,,
TRS0043,60,C,0,0,,Transformador 6  kV  3F conv. 60 kVA en poste,TRS-3C60,,
ESV0126,,,0,0,,Est. 22 kV 3F Volada Doble Reten. deriv. 3F Semi Centrada Pasante,ESV-3VD+3SP,,
ESV0135,,,0,0,,Est. 22 kV 2F Semiaislado o Ecologico Retención,ESV-2MR,,
SPV0073,,,0,0,,Secc. 22kV 3F con interruptor 400A BIL 125,SPV-3I400_125,,
TUV0044,25,C,0,0,,Transformador  22kV 3F seco  25 kVA,TUV-3D25,,
APO0223,250,C,0,12,C,Lum. 240 V Hg250 W en fachada con red preen Autocontrolada pot. cte. C,APD-0FLCM250AC,30,
SPS0029,,,0,0,,Secc. 6 kV 2F con reconectador 400A BIL 95,SPS-2R400_95,,
AOD0002,150,C,0,13,C,Lum. 240 V Ornamental Na 150 W en poste Autocont. pot. cte.,AOD-0PLS150AC,19.5,
SPS0073,,,0,0,,Secc. 6kV 2F con interruptor 200A BIL 75,SPS-2I200_75,,
SDD0033,3.78,,,,,SGDA 220V 1F Fotovoltaica de 3.78kW,SDD-1F3.78,,
TUT0024,250,C,0,0,,Transformador  13kV 3F conv. frente muerto 250 kVA,TUT-3M250,,
SPD0001,,,0,0,,Secc. 240V 1F con conector simple tipo estanco 7 a 4/0 - 16 a 7 AWG,SPD-1TA,,
ESR0043,,,0,0,,Est. 34.5 kV 1F Centrada Retención deriv. 1F Bandera Angular,ESR-1CR+1BA,,
TRV0238,110,C,0,0,,Banco de 2 transformadores 22 kV monofásicos 110 kVA en poste,TRV-3B110,,
TRT0100,100,C,0,0,,Banco de 2 transformadores 13 kV monofásicos 100 KVA en poste,TRT-3B100,,
SSS0049,,,0,0,,Secc. red subt. 6 kV 3F con fusible 6 A,SSS-3F6,,
POO1601,,,0,0,,Poste Hormigón armado Circular de 12m carga de rotura 350kg,PO0-0HC12_350,,
TRV0260,75,C,0,0,,Banco de 2 transformadores 22 kV monofásicos 75 kVA en cámara,TRV-3V75,,
APO0202,175,C,0,12,C,Lum. 240 V Hg 175 W  en poste con red aerea hilo piloto pot. cte. C,APD-0PLCM175PC,21,
SPR0025,,,0,0,,Secc. 34.5kV 2F con seccionador de cuchilla   100A,SPR-2C100,,
ESS0032,,,0,0,,Est. 6 kV 3F Dos Postes Retención,ESS-3HR,,
TAT0009,,,0,0,,Tensor en A en redes de dist. 13 kV,TAT-0AS,,
TRV0278,334,C,0,0,,Banco de 2 transformadores 22 kV monofásicos 334 kVA en cámara,TRV-3V334,,
ESR0114,,,0,0,,Est. 34.5 kV 3F Dos Postes Pasante deriv. 3F Centrada Retención,ESR-3HP+3CR,,
AOD0159,70,C,0,10,C,Proy. 240V Ornamental Led 70 W en piso  hilo piloto pot. Cte.,AOD-0IPL70PC,7,
APO0905,220,C,0,10,,Lum. 240 V Led 220 W en poste con red aerea Autocontrolada pot. cte. C,APD-0PLCL220AC,22,
EST0102,,,0,0,,Est. 13 kV 3F Volada Retención deriv. 3F Semi Centrada Retención,EST-3VR+3SR,,
ESV0106,,,0,0,,Est. 22 kV 3F Dos Postes Retención deriv. 1F Centrada Pasante,ESV-3HR+1CP,,
TRV0262,87.5,C,0,0,,Banco de 2 transformadores 22 kV monofásicos 87.5 kVA en cámara,TRV-3V87.5,,
SPT0019,,,0,0,,Secc. 13kV 1F con reconectador 600A BIL 95,SPT-1R600_95,,
EU0027,,,,0,,Est.red subt.  banco de ductos  config. 4x2  de 110 mm.  en calzada,EU0-0B4x2B2,,
ESS0054,,,0,0,,Est. 6 kV 3F Centrada Retención deriv. 3F Centrada Retención,ESS-3CR+3CR,,
MED0006,,,0,0,,Medidor 208V 2F3H - Espec. Electr.  Energía A-R-D-M - 200 A_ Forma 12S,MED-2R200_12S,,
COO0310,,,0,0,,CONDUCTOR ACAR #4/0 AWG,CO0-0S4/0,,
TRR0302,215,C,0,0,,Transformador 34.5 kV 3F conv. 215 kVA en cámara,TRR-3O215,,
TRR0436,192.5,C,0,0,,Transformador 34.5 kV 3F Pedestal o Padmounted 192.5KVA,TRR-3P192.5,,
TRV0212,1750,C,0,0,,Transformador 22 kV 3F Pedestal o Padmounted 1750 kVA,TRV-3P1750,,
TRV0381,35,C,0,0,,Transformador 22 kV 1F conv. 35 kVA en poste,TRV-1C35,,
APO0919,53,C,0,10,,Lum. 240 V Led 53 W en poste con red aérea hilo piloto pot. cte. C,APD-0PLCL53PC,5.3,
TAT0008,,,0,0,,Tensor poste a poste en V Simple en redes de dist. 13 kV,TAT-0SS,,
TRR0047,150,C,0,0,,Transformador 34.5 kV 3F Pedestal o Padmounted 150KVA,TRR-3P150,,
TRS0105,2000,C,0,0,,Transformador 6 kV 3F Pedestal o Padmounted 2000 kVA,TRS-3P2000,,
TRS0239,100,C,0,0,,Banco de 2 transformadores en paralelo 6 kV bifasicos 100 KVA en poste,TRS-2B100,,
SPO0021,,,0,0,,Secc. 2F con fusible 3H,SPO-2F3H,,
COO0273,,,0,0,,Conductor ASC #350 MCM,CO0-0A350,,
SDD0292,137.9,,,,,SGDA 220V 3F Fotovoltaica de 137.9kW,SDD-3F137.9,,
TUV0016,50,C,0,0,,Transformador  22kV 3F conv. frente muerto  50 kVA,TUV-3M50,,
SPT0066,,,0,0,,Secc. 13kV 3F con interruptor 300A BIL 150,SPT-3I300_150,,
APO0330,150,C,0,13,,Lum. 120 V  Na150 W en poste con red subt Autocontrolada pot. cte. C,APC-0SLCS150AC,19.5,
POO0204,,,,0,,Poste Hormigón armado Rectangular de 9m carga de rotura 500kg,PO0-0HR9_500,,
APO0933,220,C,0,10,,Lum. 240 V Led 220 W en fachada con red subt Autocontrolada pot. cte. C,APD-0ALCL220AC,22,
POO1001,,,0,0,,Poste Hormigón armado Circular de 11m carga de rotura 350kg,PO0-0HC11_350,,
TRV0190,20,C,0,0,,Transformador 22 kV 1F conv. 20 kVA en poste,TRV-1C20,,
APO0723,114,C,0,10,,Lum. 240 V Led 114 W en poste con red aerea Autocontrolada pot. cte. C,APD-0PLCL114AC,11.4,
COO0046,,,0,0,,Conductor Multiplex Al 2x4 AWG,CO0-0J2x4,,
SSV0053,,,0,0,,Secc. red subt. 22 kV 3F con fusible 18 A,SSV-3F18,,
TRR0278,6,C,0,0,,Banco de 2 transformadores 34.5 kV monofasicos 6KVA en poste,TRR-3B6,,
SST0066,,,0,0,,"Secc. red subt. 13kV 3F con int.  redes subt, 6 vías, 900 A",SST-3I6_900,,
SPR0092,,,0,0,,Secc. 34.5 kV 3F con interruptor 630A BIL 150,SPR-3I630_150,,
TRS0252,25,C,0,0,,Banco de 2 transformadores en paralelo 6 kV bifasicos 25 KVA en cámara,TRS-2V25,,
TRV0065,112.5,C,0,0,,Transformador 22 kV 3F conv. 112.5 kVA en cámara,TRV-3O112.5,,
APO0214,175,C,0,12,C,Lum. 240 V Hg 175 W en poste con red subt Autocontrolada pot. cte. C,APD-0SLCM175AC,21,
TRV0220,7.5,C,0,0,,Transformador 22 kV 1F auto. 7.5 kVA en poste,TRV-1A7.5,,
COO0215,,,0,0,,Conductor Clase 35 kV Cu 350 MCM,CO0-0R350,,
SPS0075,,,0,0,,Secc. 6kV 3F con interruptor 200A BIL 75,SPS-3I200_75,,
ESV0053,,,0,0,,Est. 22 kV 2F Centrada Retencion deriv. 2F Centrada Retención,ESV-2CR+2CR,,
SPS0053,,,0,0,,Secc. 6 kV 3F con seccionador de cuchilla   con disp. rompearco 600A,SPS-3O600,,
ESC0001,,,0,0,,Est. 120V 2 vías Vertical Pasante o  Angular,ESC-2EP,,
TRT0027,15,C,0,0,,Transformador 13 kV 1F Pedestal o Padmounted 15KVA,TRT-1P15,,
ECS0036,300,E,0,0,,Regulador de voltaje bobina múltiple 6kV 1F 300 kVA ctrl electrónico,ECS-1EE300,,
APO0733,150,C,0,10,,Lum. 240 V Led 150 W en fachada con red preen Autocontrolada pot. cte. C,APD-0FLCL150AC,15,
APO0702,90,C,0,10,,Lum. 240 V Led 90 W en poste con red aérea hilo piloto pot. cte. C,APD-0PLCL90PC,9,
SPV0019,,,0,0,,Secc. 22kV 2F con seccionador fus. unipolar ab. disp. rompearco 100A,SPV-2E100,,
TRV0239,112.5,C,0,0,,Banco de 2 transformadores 22 kV monofásicos 112.5 kVA en poste,TRV-3B112.5,,
TRS0118,225,C,0,0,,Transformador 6 kV 3F conv. 225 kVA en cámara,TRS-3O225,,
TRT0030,50,C,0,0,,Transformador 13 kV 1F Pedestal o Padmounted 50KVA,TRT-1P50,,
SST0067,,,0,0,,"Secc. red subt. 13kV 3F,  celda, seccionamiento, 600A, 150 BIL",SST-3ES600_150,,
TRR0434,275,C,0,0,,Transformador 34.5 kV 3F Pedestal o Padmounted 275 kVA,TRR-3P275,,
TRT0458,60,A,0,0,,Transformador 13 kV 1F autoproteg. 60 kVA en poste,TRT-1A60,,
COO0081,,,0,0,,Conductor Concéntrico Cu 2x6,CO0-0W2x6,,
SDD0180,12.6,,,,,SGDA 220V 2F Fotovoltaica de 12.6kW,SDD-2F12.6,,
AOD0046,100,C,0,15,C,Lum. 240 V Ornamental Na 100 W en poste Hilo Piloto. pot. cte.,AOD-0PLS100PC,15,
SDD0164,8,,,,,SGDA 220V 2F Fotovoltaica de 8kW,SDD-2F8,,
TRV0155,125,C,0,0,,Banco de 3 transformadores 22 kV monofásicos 125 kVA en cámara,TRV-3I125,,
SDD0154,6,,,,,SGDA 220V 2F Fotovoltaica de 6kW,SDD-2F6,,
TRT0140,115,C,0,0,,Banco de 2 transformadores 13 kV monofásicos 115 KVA en cámara,TRT-3V115,,
TRS0023,250,C,0,0,,Transformador 6 kV 3F Pedestal o Padmounted 250KVA,TRS-3P250,,
TRV0318,115,C,0,0,,Banco de 2 transformadores en paralelo 22 kV monofásicos 115 kVA en poste,TRV-1B115,,
TRT0087,30,C,0,0,,Banco de 2 transformadores 13 kV monofásicos 30 KVA en poste,TRT-3B30,,
APO0227,250,C,0,12,C,Lum. 240 V Hg 250 W en fachada con red subt hilo piloto pot. cte. C,APD-0ALCM250PC,30,
TUT0048,100,C,0,0,,Transformador  13kV 3F seco  100 kVA,TUT-3D100,,
TRT0129,52.5,C,0,0,,Banco de 2 transformadores 13 kV monofásicos 52.5 KVA en cámara,TRT-3V52.5,,
POO9908,0,,0,0,,Poste Hormigón armado Rectangular de 14m carga de rotura 2000kg,PO0-0HR14_2000,0,0
ESV0083,,,0,0,,Est. 22 kV 1F Centrada Pasante dos deriv.1F Centrada Retención,ESV-1CP+1CR+1CR,,
AOD0135,9,C,0,10,C,Proy. 240 V Ornamental Led 9 W en piso Autocont. pot. cte.,AOD-0IPL9AC,0.9,
TRT0320,137.5,C,0,0,,Banco de 3 transformadores 13 kV monofásicos 137.5 kVA en poste,TRT-3N137.5,,
TRR0326,15,C,0,0,,Transformador 34.5 kV 2F conv. 15 kVA en cámara,TRR-2O15,,
SPD0012,,,0,0,,Secc. 240V 2F con fusible NH 250 A,SPD-2L250,,
TUT0029,30,C,0,0,,Transformador  13kV 3F sumerg. 30 kVA,TUT-3S30,,
SPR0117,,,0,0,,Secc. 34.5kV 3F con seccionador fus. unipolar ab. disp. rompearco 300A,SPR-3E300,,
SDU0124,3437.5,,,,,SGDA 440V 1F Fotovoltaica de 3437.5kW,SDU-1F3437.5,,
TRT0223,80,C,0,0,,Transformador 13 kV 3F conv. 80 kVA en poste,TRT-3C80,,
SSV0055,,,0,0,,Secc. red subt. 22 kV 3F con fusible 25 A,SSV-3F25,,
TRR0309,60,C,0,0,,Banco de 3 transformadores 34.5 kV monofásicos 60 kVA en poste,TRR-3N60,,
TRS0060,10,A,0,0,,Transformador 6 kV 2F autoproteg. 10 kVA en poste,TRS-2A20,,
APO0739,39,C,0,10,,Lum. 240 V Led 39 W en fachada con red preen Autocontrolada pot. cte. C,APD-0FLCL39AC,3.9,
TRT0239,190,C,0,0,,Transformador 13 kV 3F conv. 190 kVA en cámara,TRT-3O190,,
COO0367,,,0,0,,Conductor Semiaislado o Ecológico Clase 35kV Al 556.5 MCM,CO0-0K556.5,,
PTO0007,,,0,0,,P. a Tierra en Red Secun. Desnuda Cond. Cu Cal. 1/0AWG 1Var.,PT0-0DC1/0_1,,
TRR0018,30,C,0,0,,Transformador 34.5 kV  3F conv. 30 kVA en poste,TRR-3C30,,
TRV0241,125,C,0,0,,Banco de 2 transformadores 22 kV monofásicos 125 kVA en poste,TRV-3B125,,
TRV0370,250,C,0,0,,Transformador 22 kV 1F conv. 250 kVA en cámara,TRV-1O250,,
TRS0277,242,C,0,0,,Banco de 2 transformadores en paralelo 6 kV bifasicos 242 KVA en cámara,TRS-2V242,,
EST0004,,,0,0,,Est. 13 kV 1F Centrada Doble retención,EST-1CD,,
SPV0032,,,0,0,,Secc. 22kV 3F con seccionador de cuchilla 200A,SPV-3C200,,
APO0906,220,C,0,10,,Lum. 240 V Led 220 W en poste con red preen Autocont. pot. cte. C,APD-0OLCL220AC,22,
AOD0018,100,C,0,15,C,Lum. 240 V Ornamental MH 100 W en Fachada Autocont. pot. cte.,AOD-0FLH100AC,15,
TRT0151,334,C,0,0,,Banco de 2 transformadores 13 kV monofásicos 334 KVA en cámara,TRT-3V334,,
AOD0071,70,C,0,16,C,Proy. 240 V Ornamental Na 70 W en poste Autocont. pot. cte.,AOD-0PPS70AC,11.2,
SST0069,,,0,0,,"Secc. red subt. 13kV 3F,  celda, interconexión, 600A, 150 BIL",SST-3EI600_150,,
AOD0073,400,C,0,12,C,Proy. 240 V Ornamental MH 400 W en poste Hilo Piloto. pot. cte.,AOD-0PPH400PC,48,
COO0022,,,0,0,,Conductor AAAC 5005 #3/0 AWG,CO0-0C3/0,,
ESR0049,,,0,0,,Est. 34.5 kV 2F Centrada Pasante deriv. 1F Centrada Retención,ESR-2CP+1CR,,
APO0107,125,C,0,13,C,Lum. 240 V Hg 125 W en poste con red subt hilo piloto pot. cte. A,APD-0SLAM125PC,16.25,
PTO0009,,,0,0,,P. a Tierra en Red Secun. Desnuda Cond. Cu Cal. 2AWG 2Var.,PT0-0DC2_2,,
TRT0218,25,C,0,0,,Transformador 13 kV 2F conv. 25 kVA en poste,TRT-2C25,,
TRT0167,140,C,0,0,,Banco de 3 transformadores 13 kV monofásicos 140 KVA en cámara,TRT-3I140,,
POO1209,,,0,0,,Poste Plástico fibra de vidrio Circular de 11m carga de rotura 1000kg,PO0-0PC11_1000,,
COO0141,,,0,0,,Conductor TW Al # 8 AWG,CO0-0I8,,
AOD0051,400,C,0,12,C,Lum. 240 V Ornamental Na 400 W en poste Autocont. pot. cte.,AOD-0PLS400AC,48,
SPT0031,,,0,0,,Secc. 13kV 2F con seccionador de cuchilla   con disp. rompearco 300A,SPT-2O300,,
TUV0005,50,C,0,0,,Transformador  22kV 1F conv. frente muerto 50 kVA,TUV-1M50,,
TRT0498,32.5,C,0,0,,Banco de 2 transformadores en paralelo 13 kV monofásicos 32.5 KVA en poste (15KVA-17.5KVA),TRT-1B32.5,0,0
COO0039,,,0,0,,Conductor ASC #2 AWG,CO0-0A2,,
TRT0428,112.5,C,0,0,,Banco de 2 transformadores en paralelo 13 kV monofásicos 112.5 KVA en cámara,TRT-1V112.5,,
SPO0036,,,0,0,,Secc. 2F con conector ranuras paralelas 336.4 A 397.5 ACSR/AAAC,SPO-2UD,,
SDD0284,90,,,,,SGDA 220V 3F Fotovoltaica de 90kW,SDD-3F90,,
ESR0062,,,0,0,,Est. 34.5 kV 3F Bandera Retención,ESR-3BR,,
SPR0008,,,0,0,,Secc. 34.5kV 1F con seccionador de cuchilla   600A,SPR-1C600,,
COO0072,,,0,0,,Conductor TTU Cu #350 MCM,CO0-0P350,,
TRR0242,315,C,0,0,,Transformador 34.5 kV 3F conv. 315 kVA en cámara,TRR-3O315,,
AOD0155,45,C,0,10,C,Proy. 240V Ornamental Led 45 W en piso  hilo piloto pot. Cte.,AOD-0IPL45PC,4.5,
APO0207,250,C,0,12,C,Lum. 240 V Hg 250 W en poste con red aerea Autocontrolada pot. Cte. C,APD-0PLCM250AC,30,
AOD0097,250,C,0,12,C,Proy. 240 V Ornamental MH 250 W en poste Hilo Piloto. pot. cte.,AOD-0PPH250PC,30,
APO0241,100,C,0,15,C,Lum. 240 V Hg 100 W en poste con red aerea Autocontrolada pot. cte. C,APD-0PLCM100AC,15,
TRV0406,350,C,0,0,,Transformador 22 kV 3F conv. 350 kVA en poste,TRV-3C350,,
ESS0065,,,0,0,,Est. 6 kV 2F Centrada Retención dos deriv.2F Centrada Retención,ESS-2CR+2CR+2CR,,
APO0730,150,C,0,10,,Lum. 240 V Led 150 W en poste con red preen Autocont. pot. cte. C,APD-0OLCL150AC,15,
COO0302,,,0,0,,Conductor TTU Cu #700 MCM,CO0-0P700,,
TRR0114,50,C,0,0,,Banco de 3 transformadores 34.5 kV monofásicos 50 KVA en poste,TRR-3N50,,
POO3228,,,0,0,,Poste Hormigón armado rectangular de 18m carga de rotura 2800kg,PO0-0HR18_2800,,
SPO0047,,,0,0,,Secc. 3F con fusible 50K,SPO-3F50K,,
ESR0079,,,0,0,,Est. 34.5 kV 3F Bandera Doble Retención deriv. 1F Centrada Retención,ESR-3BD+1CR,,
COO0058,,,0,0,,Conductor Al. Preensamblado 2x70 + Nx50 mm²,CO0-0T2X70(50),,
APO0522,70,C,0,16,,Proy. 240 V Na 70 W en poste con red aerea hilo piloto pot. cte. C,APD-0PPCS70PC,11.2,
MEC0010,,,0,0,,Medidor 120V 1F2H - Masivos Electromecánico. Energía Activa - 80 A_Forma 13A,MEC-1L80_13A,,
ECT0056,150,C,0,0,,Capacitor fijo 13kV 3F 150kVAR,ECT-3C150,,
MED0017,,,0,0,,Medidor 240V 1F3H - Especiales Electrónico. Energía A-D - 20 A_Forma 4S,MED-1D20_4S,,
TRR0417,200,C,0,0,,Transformador 34.5 kV 1F conv. 200 kVA en cámara,TRR-1O200,,
TRV0333,50,C,0,0,,Banco de 2 transformadores en paralelo 22 kV monofásicos 50 kVA en cámara,TRV-1V50,,
COO0285,,,0,0,,Multiconductor Cu 3X2,CO0-0N3X2,,
TRV0013,25,A,0,0,,Transformador 22 kV 1F autoproteg. 25 kVA en poste,TRV-1A25,,
APO0941,500,C,0,10,,Proy. 240 V Led 500 W en poste con red aerea hilo piloto pot. cte. C,APD-0PPCL500PC,50,
COO0294,,,0,0,,Conductor Al. Preesamblado 3x10 + Nx10 mm,CO0-0T3X10(10),,
SDD0227,8.8,,,,,SGDA 220V 3F Fotovoltaica de 8.8kW,SDD-3F8.8,,
TRR0253,225,C,0,0,,Banco de 3 transformadores 34.5 kV monofasicos 225KVA en poste,TRR-3N225,,
TRS0133,1500,C,0,0,,Transformador 6 kV 3F conv. 1500 kVA en cámara,TRS-3O1500,,
TRS0287,60,C,0,0,,Transformador 6 kV 3F Pedestal o Padmounted 60 kVA,TRS-3P60,,
MED0031,,,0,0,,Medidor 240V 2F3H - Masivos Electrónico. Energía Activa - 60 A_Forma 13A,MED-2E60_13A,,
SSV0039,,,0,0,,Secc. red subt. 22 kV 2F con fusible 6 A,SSV-2F6,,
TUT0040,300,C,0,0,,Transformador  13kV 3F sumerg. 300 kVA,TUT-3S300,,
SDD0060,6.05,,,,,SGDA 240V 1F Fotovoltaica de 6.05kW,SDD-1F6.05,,
TRS0258,52.5,C,0,0,,Banco de 2 transformadores en paralelo 6 kV bifasicos 52.5 KVA en cámara,TRS-2V52.5,,
TRR0295,2000,C,0,0,,Transformador 34.5 kV 3F conv. 2000 kVA en cámara,TRR-3O2000,,
TAD0002,,,0,0,,Tensor Poste a poste Simple en redes de dist. 240/120 V,TAD-0PS,,
COO0202,,,0,0,,Conductor Al. Preesamblado 3x35 + Nx25 mm²,CO0-0T3X35(25),,
ESR0126,,,0,0,,Est. 34.5 kV 3F Volada Doble Reten. deriv. 3F Semi Centrada Pasante,ESR-3VD+3SP,,
COO0311,,,0,0,,CONDUCTOR ACAR #266.8 MCM,CO0-0S266.8,,
TRV0138,67.5,C,0,0,,Banco de 3 transformadores 22 kV monofásicos 67.5 kVA en poste,TRV-3N67.5,,
ESV0117,,,0,0,,Est. 22 kV 3F Dos Postes Doble Reten. deriv. 3F Semi Centrada Reten.,ESV-3HD+3SR,,
AOD0149,22,C,0,10,C,Proy. 240V Ornamental Led 22 W en piso  hilo piloto pot. Cte.,AOD-0IPL22PC,2.2,
TAR0002,,,0,0,,Tensor Farol Simple en redes de dist. 34.5 kV,TAR-0FS,,
TRV0374,97.5,C,0,0,,Banco de 3 transformadores 22 kV monofásicos 97.5 kVA en poste,TRV-3N97.5,,
TRS0028,45,C,0,0,,Transformador 6  kV  3F conv. 45 kVA en cámara,TRS-3O45,,
POO3104,,,0,0,,Poste Hormigón armado rectangular de 14m carga de rotura 500kg,PO0-0HR14_500,,
TRT0208,333,C,0,0,,Transformador 13 kV 1F conv. 333 kVA en poste,TRT-1C333,,
TRR0032,100,C,0,0,,Transformador 34.5 kV 1F Pedestal o Padmounted 100KVA,TRR-1P100,,
TRS0112,120,C,0,0,,Transformador 6 kV 3F conv. 120 kVA en cámara,TRS-3O120,,
TRT0295,700,C,0,0,,Transformador 13 kV 3F conv. 700 kVA en cámara,TRT-3O700,,
TRR0467,217,C,0,0,,Banco de 2 transformadores en paralelo 34.5 kV monofásicos  217 kVA en poste,TRR-1B217,,
TRV0180,501,C,0,0,,Banco de 3 transformadores 22 kV monofásicos 501 kVA en cámara,TRV-3I501,,
APO0909,112,C,0,10,,Lum. 240 V Led 112 W en poste con red aérea Autocontrolada pot. cte. C,APD-0PLCL112AC,11.2,
APO0779,240,C,0,10,,Lum. 240 V Led 240 W en poste con red subt Autocontrolada pot. cte. C,APD-0SLCL240AC,24,
POO10001,,,0,0,,Poste Hormigón armado rectangular de 19m carga de rotura 350kg,PO0-0HR19_350,,
SPR0077,,,0,0,,Secc. 34.5 kV 3F con reconectador 560A BIL 75,SPR-3R560_75,,
SPD0030,,,0,0,,Secc. 240V 2F con seccionador fusible unipolar cerrado 160 A,SPD-2D160,,
ESR0075,,,0,0,,Est. 34.5 kV 3F Volada Angular deriv. 1F Centrada Retención,ESR-3VA+1CR,,
ESD0063,,,0,0,,Est. 240V Preensamblado Pasante con 5 conduct.,ESD-1PP5,,
APO0989,70,C,0,10,C,Lum. 240 V Led 70 W en poste con red subt Autocontrolada pot. cte. C,APD-0SLCL70AC,7,0
SPR0101,,,0,0,,Secc. 34.5 kV 3F con reconectador 800A BIL 75,SPR-3R800_75,,
COO0195,,,0,0,,"Multiconductor de Cu, aislado  600 V, Tipo PVC  No.4X1/0 AWG, 19 hilo",CO0-0N4x1/0,,
TRT0506,80,C,0,0,,Transformador 13 kV 3F conv. 80 kVA en cámara,TRT-3O80,0,0
TRV0253,40,C,0,0,,Banco de 2 transformadores 22 kV monofásicos 40 kVA en cámara,TRV-3V40,,
ECV0066,1200,A,0,0,,Capacitor automático 22kV 3F 1200kVAR,ECV-3A1200,,
POO0605,,,0,0,,Poste Hormigón armado Circular de 10m carga de rotura 600kg,PO0-0HC10_600,,
TRS0014,15,C,0,0,,Transformador 6 kV 3F Pedestal o Padmounted 15KVA,TRS-3P15,,
EST0142,,,0,0,,Est. 13 kV 3F Semiaislado o Ecologico  Doble retención,EST-3MD,,
SSS0075,,,0,0,,"Secc. red subt. 6kV 3F, Transición, inst. en cruceta en volado",SSS-3RV,,
POO1501,,,0,0,,Poste Hormigón armado Circular de 11.5m carga de rotura 350kg,PO0-0HC11.5_350,,
TRR0019,45,C,0,0,,Transformador 34.5 kV 3F conv. 45 kVA en poste,TRR-3C45,,
COO0380,,,0,0,,Conductor Cu Desnudo #1000  MCM,CO0-0G1000,,
SPR0052,,,0,0,,Secc. 34.5kV 3F con secc. trip. oper. con carga con disp. rompearco 600A,SPR-3N600,,
TUS0007,90,C,0,0,,Transformador  6kV 3F conv. frente muerto 90 kVA,TUS-3M90,,
TUT0093,100,C,0,0,,Banco de 3 transformadores 13 kV 1F convenc. Frente muerto 100 kVA,TUT-3R100,,
SDU0307,300,,,,,SGDA 440V 3F Fotovoltaica de 300kW,SDU-3F300,,
ESD0047,,,0,0,,Est. 240V 3 vías Centrada Retención,ESD-3CR,,
ESR0057,,,0,0,,Est. 34.5 kV 3F Semi Cen. Pasante deriv. 3F Semi Cen. Retención,ESR-3SP+3SR,,
SPT0078,,,0,0,,Secc. 13kV 3F con interruptor 1250A BIL 95,SPT-3I1250_95,,
TRT0054,350,C,0,0,,Transformador 13 kV 3F Pedestal o Padmounted 350KVA,TRT-3P350,,
ESR0006,,,0,0,,Est. 34.5 kV 1F En volado Angular,ESR-1VA,,
TRT0012,15,A,0,0,,Transformador 13 kV 1F autoproteg. 15 kVA en poste,TRT-1A15,,
TRV0114,37.5,C,0,0,,Transformador 22 kV 3F Pedestal o Padmounted 37.5 kVA,TRV-3P37.5,,
ECS0050,400,A,0,0,,Capacitor automático 6kV 3F 400kVAR,ECS-3A400,,
TRT0366,1100,C,0,0,,Transformador 13 kV 3F Pedestal o Padmounted 1100 kVA,TRT-3P1100,,
SPS0046,,,0,0,,Secc. 6 kV 3F con seccionador fus. unipolar ab. disp. rompearco 200A,SPS-3E200,,
SPR0028,,,0,0,,Secc. 34.5kV 2F con seccionador de cuchilla   600A,SPR-2C600,,
ECR0067,1200,A,0,0,,Capacitor automático 34.5kV 3F 1200kVAR,ECR-3A1200,,
EST0037,,,0,0,,Est. 13 kV 3F Bandera Doble retención,EST-3BD,,
TUT0006,75,C,0,0,,Transformador  13kV 1F conv. frente muerto 75 kVA,TUT-1M75,,
SPR0110,,,0,0,,Secc. 34.5 kV 3F con interruptor 400A BIL 75,SPR-3I400_75,,
TRR0208,333,C,0,0,,Transformador 34.5 kV 1F conv. 333 kVA en poste,TRR-1C333,,
TRT0354,375,C,0,0,,Transformador 13 kV 3F conv. 375 kVA en poste,TRT-3C375,,
ESS0010,,,0,0,,Est. 6 kV 2F Bandera Doble Retención,ESS-2BD,,
ESS0126,,,0,0,,Est. 6 kV 3F En Volado Doble Retención deriv. 3F Semicentrada Pasante,ESS-3VD+3SP,,
APO0115,250,C,0,12,C,Lum. 240 V Hg250 W en fachada con red preen hilo piloto pot. cte. A,APD-0FLAM250PC,30,
TRR0239,225,C,0,0,,Transformador 34.5 kV 3F conv. 225 kVA en cámara,TRR-3O225,,
TRT0311,85,C,0,0,,Banco de 3 transformadores 13 kV monofásicos 85 kVA en poste,TRT-3N85,,
TRT0296,1500,C,0,0,,Transformador 13 kV 3F conv. 1500 kVA en cámara,TRT-3O1500,,
ESR0080,,,0,0,,Est. 34.5 kV 3F Bandera Doble Retenc. deriv. 3F Semi Centrada Retenc.,ESR-3BD+3SR,,
EU0011,,,0,0,,Est.red subt.  banco de ductos  config. 3x4  de 110 mm.  en acera,EU0-0B3x4B1,,
SPO0061,,,0,0,,Secc. 3F con conector ranuras paralelas 336.4 A 397.5 ACSR/AAAC,SPO-3UD,,
TUV0028,15,C,0,0,,Transformador  22kV 3F sumerg. 15 kVA,TUV-3S15,,
SSD0029,,,0,0,,"Secc. red subt. 220 V 3F con tablero de distribución,  800A, 3 circuitos",SSD-3L800_3,,
SSV0002,,,0,0,,"Secc. red subt. 22kV 2F con conector tipo Codo,  200 A",SSV-2C200,,
TRT0096,75,C,0,0,,Banco de 2 transformadores 13 kV monofásicos 75 KVA en poste,TRT-3B75,,
TRT0443,5,C,0,0,,Transformador 13 kV 2F conv. 5 kVA en cámara,TRT-2O5,,
TRR0038,30,C,0,0,,Transformador 34.5 kV 3F Pedestal o Padmounted 30KVA,TRR-3P30,,
ESN0005,,,0,0,,Est. 69 kV 3F Doble retención un circuito con aisladores tipo disco y tipo poste,ESN-1BD,,
SSD0032,,,0,0,,"Secc. red subt. 220 V 3F con tablero de distribución,  1000A, 3 circuitos",SSD-3L1000_3,,
TRV0404,320,C,0,0,,Transformador 22 kV 3F conv. 320 kVA en poste,TRV-3C320,,
ESS0037,,,0,0,,Est. 6 kV 3F Bandera Doble Retención,ESS-3BD,,
ESR0016,,,0,0,,Est. 34.5 kV 2F En volado Angular,ESR-2VA,,
TRT0245,350,C,0,0,,Transformador 13 kV 3F conv. 350 kVA en cámara,TRT-3O350,,
SPO0069,,,0,0,,Secc. 2F con fusible 35K,SPO-2F35K,,
TRR0377,150,C,0,0,,Banco de 2 transformadores en paralelo 34.5 kV monofásicos 150 KVA en poste,TRR-1B150,,
TRR0160,75,C,0,0,,Banco de 3 transformadores 34.5 kV monofásicos 75 KVA en cámara,TRR-3I75,,
ESD0026,,,0,0,,Est. 240V 3 vías Vertical Retención deriv. 2 vías Vertical Retención,ESD-3ER+ESE-2ER,,
APO0798,400,C,0,10,,Lum. 240 V Led 400 W en fachada con red subt Autocontrolada pot. cte. C,APD-0ALCL400AC,40,
TRR0176,267,C,0,0,,Banco de 3 transformadores 34.5 kV monofásicos 267 KVA en cámara,TRR-3I267,,
EU0025,,,,0,,Est.red subt.  banco de ductos  config. 3x3  de 110 mm.  en calzada,EU0-0B3x3B2,,
TRV0126,1200,C,0,0,,Transformador 22 kV 3F Pedestal o Padmounted 1200 kVA,TRV-3P1200,,
SPV0110,,,0,0,,Secc. 22kV 3F con interruptor 400A BIL 95,SPV-3I400_95,,
TRS0035,125,C,0,0,,Transformador 6  kV  3F conv. 125 kVA en poste,TRS-3C125,,
SDT0320,618,,,,,"SGDA 13,8kV 3F Fotovoltaica de 618kW",SDT-3F618,,
AOD0096,150,C,0,13,C,Lum. 240 V Ornamental Na 150 W en piso Hilo Piloto. pot. cte.,AOD-0ILS150PC,19.5,
SPD0024,,,0,0,,Secc. 240V 3F con fusible NH 224 A,SPD-3L224,,
TRT0002,5,C,0,0,,Transformador 13 kV 1F conv. 5 kVA en poste,TRT-1C5,,
TRV0211,900,C,0,0,,Transformador 22 kV 3F conv. 900 kVA en cámara,TRV-3O900,,
SPV0083,,,0,0,,Secc. 22kV 3F con interruptor 600A BIL 150,SPV-3I600_150,,
TRV0173,375,C,0,0,,Banco de 3 transformadores 22 kV monofásicos 375 kVA en cámara,TRV-3I375,,
SST0008,,,0,0,,"Secc. red subt. 13kV 2F con conector codo Portaf.,  200 A",SST-2P200,,
ESV0035,,,0,0,,Est. 22 kV 3F Tres Postes Doble retención,ESV-3TD,,
SPO0039,,,0,0,,Secc. 3F con fusible 6K,SPO-3F6K,,
SSS0038,,,0,0,,Secc. red subt. 6 kV 2F con fusible 3 A,SSS-2F3,,
SDC0194,20,,,,,SGDA 127V 2F Fotovoltaica de 20kW,SDC-2F20,,
AOD0116,100,C,0,10,C,Lum. 240 V Ornamental Led 100 W en piso Autocont. pot. cte.,AOD-0ILL100AC,10,
TRS0205,50,C,0,0,,Transformador 6 kV 2F conv. 50 kVA en cámara,TRS-2O50,,
POO7600,,,0,0,,Poste Metálico Rectangular de 6m,PO0-0ER6,,
SDC0165,8,,,,,SGDA 127V 2F Fotovoltaica de 8kW,SDC-2F8,,
APO0917,123,C,0,10,,Lum. 240 V Led 123 W en poste con red aérea hilo piloto pot. cte. C,APD-0PLCL123PC,12.3,
POO4222,,,0,0,,Poste Hormigón armado rectangular de 21m carga de rotura 1600kg,PO0-0HR21_1600,,
APO0439,1500,C,0,12,,Proy. 240 V Hg 1500 W en poste con red aerea hilo piloto pot. cte. C,APD-0PPCM1500PC,180,
TRS0055,167,C,0,0,,Transformador 6 kV 2F conv. 167 kVA en poste,TRS-2C167,,
SST0029,,,0,0,,Secc. red subt. 13 kV 1F con fusible 6 A,SST-1F6,,
AOD0126,50,C,0,10,C,Lum. 240 V Ornamental Led 50 W en piso Autocont. pot. cte.,AOD-0ILL50AC,5,
SPO0050,,,0,0,,Secc. 3F con fusible 160K,SPO-3F160K,,
SPD0047,,,0,0,,Secc. 240V 3F con Interruptor Termomagnetico de 300 A,SPD-3M300,,
APO0973,73,C,0,10,C,Lum. 240V Led 73 W en poste  con red aérea Autocontrolada pot. Cte. C,APD-0PLCL73AC,7.3,
SPV0015,,,0,0,,Secc. 22kV 1F con interruptor 200A BIL 125,SPV-1I200_125,,
SSV0037,,,0,0,,Secc. red subt. 22 kV 1F con fusible 40 A,SSV-1F40,,
AOD0112,10,C,0,10,C,Lum. 240 V Ornamental Led 10 W en piso Autocont. pot. cte.,AOD-0ILL10AC,1,
TRS0081,756,C,0,0,,Transformador 6 kV 3F conv. 756 kVA  en cámara,TRS-3O756,,
AOD0036,250,C,0,12,C,Lum. 240 V Ornamental MH 250 W en poste Autocont. pot. cte.,AOD-0PLH250AC,30,
SSS0057,,,0,0,,Secc. red subt. 6 kV 3F con fusible 40 A,SSS-3F40,,
SDD0232,10,,,,,SGDA 220V 3F Fotovoltaica de 10kW,SDD-3F10,,
ECT0025,50,E,0,0,,Regulador de voltaje bobina fija 13kV 3F 50 kVA ctrl electrónico,ECT-3RE50,,
COO0293,,,0,0,,Conductor Al. Preesamblado 2x95 + Nx95 mm,CO0-0T2X95(95),,
ESR0085,,,0,0,,Est. 34.5 kV 3F Dos Postes  Pasante deriv. 1F Centrada Retención,ESR-3HP+1CR,,
AOD0072,800,C,0,12,C,Proy. 240 V Ornamental Na 800 W en poste Autocont. pot. cte.,AOD-0PPS800AC,96,
SDT0330,999,,,,,"SGDA 13,8kV 3F Fotovoltaica de 999kW",SDT-3F999,,
ESS0103,,,0,0,,Est. 6 kV 3F Bandera Angular deriv. 3F Bandera Retención,ESS-3BA+3BR,,
TRR0104,125,C,0,0,,Banco de 2 transformadores 34.5 kV monofásicos 125 KVA en poste,TRR-3B125,,
SPS0045,,,0,0,,Secc. 6 kV 3F con seccionador fus. unipolar ab. disp. rompearco 100A,SPS-3E100,,
ECS0025,50,E,0,0,,Regulador de voltaje bobina fija 6kV 3F 50 kVA ctrl electrónico,ECS-3RE50,,
EST0061,,,0,0,,Est. 13kV 3F Volada Pasante deriv. 3F Semi Centrada Retención,EST-3VP+3SR,,
AOD0075,400,C,0,12,C,Lum. 240 V Ornamental Na 400 W en poste Hilo Piloto. pot. cte.,AOD-0PLS400PC,48,
TRR0040,45,C,0,0,,Transformador 34.5 kV 3F Pedestal o Padmounted 45KVA,TRR-3P45,,
APO0378,100,D,70,15,S,Lum. 240 V Na 100 W en poste con red aérea hilo piloto. Dob.niv.pot C,APD-0PLCS100PD,15,11.2
ESD0018,,,0,0,,Est. 240V 4 vías Vertical Pasante deriv. 3 vías Vertical Retención,ESD-4EP+3ER,,
TRR0262,167,C,0,0,,Transformador 34.5 kV 1F conv. 167 kVA en cámara,TRR-1O167,,
ECS0020,300,E,0,0,,Regulador de voltaje bobina fija 6kV 1F 300 kVA ctrl electrónico,ECS-1RE300,,
COO0282,,,0,0,,Multiconductor Cu 2x6,CO0-0N2x6,,
SSD0004,,,0,0,,Secc. red subt. 220 V 2F con interruptor termomagnético 40 A,SSD-2N40,,
ECS0052,400,C,0,0,,Capacitor fijo 6kV 3F 400kVAR,ECS-3C400,,
POO1102,,,0,0,,Poste Hormigón armado Rectangular de 11m carga de rotura 400kg,PO0-0HR11_400,,
TRR0087,30,C,0,0,,Banco de 2 transformadores 34.5 kV monofásicos 30 KVA en poste,TRR-3B30,,
AOD0045,80,C,0,15,C,Lum. 240 V Ornamental Hg 80 W en poste Autocont. pot. cte.,AOD-0PLM80AC,12,
EST0082,,,0,0,,Est. 13 kV 3F Tres Postes Retención deriv. 1F Centrada Retención,EST-3TR+1CR,,
SPT0025,,,0,0,,Secc. 13kV 2F con seccionador de cuchilla 100A,SPT-2C100,,
TRV0311,75,C,0,0,,Banco de 2 transformadores en paralelo 22 kV monofásicos 75 kVA en poste,TRV-1B75,,
SPT0097,,,0,0,,Secc. 13kV 3F con reconectador 1250A BIL 75,SPT-3R1250_75,,
POO6629,,,0,0,,Poste Plástico fibra de vidrio Circular de 18m carga de rotura 1800kg,PO0-0PC18_1800,,
TRT0101,110,C,0,0,,Banco de 2 transformadores 13 kV monofásicos 110 KVA en poste,TRT-3B110,,
SSV0022,,,0,0,,"Secc. red subt. 22kV 3F con barraje desc., 2 vias,  200 A",SSV-3B2_200,,
TRV0250,25,C,0,0,,Banco de 2 transformadores 22 kV monofásicos 25 kVA en cámara,TRV-3V25,,
APO0768,500,D,400,10,S,Lum. 240 V Led 500 W en poste con red preen Autocont. Dob.niv.pot. C,APD-0OLCL500AD,50,40
TRV0070,175,C,0,0,,Transformador 22kV 3F conv. 175 kVA en poste,TRV-3C175,,
TUS0004,50,C,0,0,,Transformador  6kV 3F conv. frente muerto  50 kVA,TUS-3M50,,
SPV0041,,,0,0,,Secc. 22kV 3F con seccionador tripolar para  oper. con carga 300A,SPV-3A300,,
TRR0272,225,C,0,0,,Transformador 34.5 kV 3F conv. 225 kVA  en poste,TRR-3C225,,
COO0169,,,0,0,,Conductor Concéntrico Cu 3x2,CO0-0W3x2,,
TRS0232,60,C,0,0,,Banco de 2 transformadores en paralelo 6 kV bifasicos 60 KVA en poste,TRS-2B60,,
SPO0027,,,0,0,,Secc. 2F con fusible 15K,SPO-2F15K,,
TRT0259,7.5,C,0,0,,Transformador 13 kV 1F conv. 7.5 kVA en poste,TRT-1C7.5,,
TRT0169,160,C,0,0,,Banco de 3 transformadores 13 kV monofásicos 160 KVA en cámara,TRT-3I160,,
TRR0376,137.5,C,0,0,,Banco de 2 transformadores en paralelo 34.5 kV monofásicos 137.5 KVA en poste,TRR-1B137.5,,
SPD0008,,,0,0,,Secc. 240V 2F con fusible NH 100 A,SPD-2L100,,
ESR0132,,,0,0,,Est. 34.5 kV 1F Semiaislado o Ecologico  Doble retención,ESR-1MD,,
TRV0087,300,C,0,0,,Transformador 22 kV 3F conv. 300 kVA en cámara,TRV-3O300,,
TUT0118,471,C,0,0,,Banco de 3 transformadores 13 kV 1F convenc. Frente muerto 471 kVA,TUT-3R471,,
POO8722,,,0,0,,Poste Hormigón armado Circular de 19m carga de rotura 1600kg,PO0-0HC19_1600,,
COO0090,,,0,0,,Conductor Concéntrico Al 3x4,CO0-0X3x4,,
AOD0157,60,C,0,10,C,Proy. 240V Ornamental Led 60 W en piso  hilo piloto pot. Cte.,AOD-0IPL60PC,6,
TRT0466,220,C,0,0,,Transformador 13 kV 3F conv. 220 kVA en cámara,TRT-3O220,,
APO0629,175,C,0,12,,Lum. 120 V Na 175 W en poste con red aérea Autocontrolada pot. cte. A,APC-0PLAS175AC,21,
POO2608,,,0,0,,Poste Hormigón armado Rectangular de 15m carga de rotura 800kg,PO0-0HR15_800,,
SDV0278,69.12,,,,,SGDA 22kV 3F Fotovoltaica de 69.12kW,SDV-3F69.12,,
POO4122,,,0,0,,Poste Hormigón armado Circular de 16.5m carga de rotura 1600kg,PO0-0HC16.5_1600,,
ESD0032,,,0,0,,Est. 240V Preensamblado Retención con 4 conduct.,ESD-1PR4,,
TRT0490,3000,C,0,0,,Transformador 13 kV 3F Pedestal o Padmounted 3000KVA,TRT-3P3000,0,0
TRT0114,50,C,0,0,,Banco de 3 transformadores 13 kV monofásicos 50 KVA en poste,TRT-3N50,,
SPR0040,,,0,0,,Secc. 34.5kV 3F con seccionador de cuchilla   600A,SPR-3C600,,
SPD0053,,,0,0,,Secc. 240V 3F con Interruptor Termomagnetico de 630 A,SPD-3M630,,
APO0376,400,C,0,12,,Lum. 240 V Na 400 W en poste con red preen Autocontrolada pot. cte. C,APD-0OLCS400AC,48,
TRR0189,500,C,0,0,,Banco de 3 transformadores 34.5 kV monofásicos 500 KVA en cámara,TRR-3I500,,
SPT0074,,,0,0,,Secc. 13 kV 3F con reconectador 400A BIL 150,SPT-3R400_150,,
ESV0131,,,0,0,,Est. 22 kV 1F Semiaislado o Ecologico Retención,ESV-1MR,,
COO0079,,,0,0,,Conductor Concéntrico Cu 2x8,CO0-0W2x8,,
APO0950,180,C,0,10,,Lum. 240 V Led 180 W en poste con red subt hilo piloto pot. cte. C,APD-0SLCL180PC,18,
EST0057,,,0,0,,Est. 13 kV 3F Semi Cen. Pasante deriv. 3F Semi Cen. Retención,EST-3SP+3SR,,
SPT0004,,,0,0,,Secc. 13kV 1F con seccionador fus. unipolar ab. disp. rompearco 200A,SPT-1E200,,
APO0367,150,D,100,13,S,Lum. 240 V Na 150 W en fachada con red subt hilo piloto Dob.niv.pot. C,APD-0ALCS150PD,19.5,15
COO0234,,,0,0,,CONDUCTOR ACAR #500 MCM,CO0-0S500,,
TRS0049,375,C,0,0,,Transformador 6 kV 3F conv. 375 kVA en poste,TRS-3C375,,
TRT0234,400,C,0,0,,Transformador 13 kV 3F conv. 400 kVA en poste,TRT-3C400,,
COO0027,,,0,0,,Conductor AAAC 6201 #2/0 AWG,CO0-0D2/0,,
TRR0263,1,A,0,0,,Transformador 34.5 kV 1F autoproteg. 1 kVA en poste,TRR-1A1,,
SDS0214,7,,,,,"SGDA 6,3kV 3F Fotovoltaica de 7kW",SDS-3F7,,
SPV0064,,,0,0,,Secc. 22 kV 3F con interruptor 100A BIL 95,SPV-3I100_95,,
SDD0113,26.3,,,,,SGDA 240V 1F Fotovoltaica de 26.3kW,SDD-1F26.3,,
POO1105,,,0,0,,Poste Hormigón armado rectangular de 11m carga de rotura 600kg,PO0-0HR11_600,,
TRS0231,57.5,C,0,0,,"Banco de 2 transformadores en paralelo 6 kV bifasicos 57,5 kVA en poste",TRS-2B57.5,,
ECT0045,600,C,0,0,,Capacitor fijo 13 kV 1F 600kVAR,ECT-1C600,,
SDD0248,20,,,,,SGDA 220V 3F Fotovoltaica de 20kW,SDD-3F20,,
SPS0112,,,0,0,,Secc. 6kV 3F con interruptor 800A BIL 150,SPS-3I800_150,,
SPD0026,,,0,0,,Secc. 240V 3F con fusible NH 400 A,SPD-3L400,,
TRT0233,300,C,0,0,,Transformador 13 kV 3F conv. 300 kVA en poste,TRT-3C300,,
TUV0035,100,C,0,0,,Transformador  22kV 3F sumerg. 100 kVA,TUV-3S100,,
SPT0092,,,0,0,,Protección 13kV 1F con descargador 15kV,SPT-1P15,,
APO0112,250,C,0,12,C,Lum. 240 V Hg 250 W en poste con red subt Autocontrolada pot. cte. A,APD-0SLAM250AC,30,
SPS0070,,,0,0,,Secc. 6 kV 3F con reconectador 400A BIL 150,SPS-3R400_150,,
POO0601,,,0,0,,Poste Hormigón armado Circular de 10m carga de rotura 350kg,PO0-0HC10_350,,
TRV0164,225,C,0,0,,Banco de 3 transformadores 22 kV monofásicos 225 kVA en cámara,TRV-3I225,,
ESS0115,,,0,0,,Est. 6 kV 3F Dos Postes Retención deriv. 3F Semicentrada Retención,ESS-3HR+3SR,,
APO0954,201,C,0,10,C,Lum. 240 V Led 201 W en poste con red aérea Autocontrolada pot. cte. C,APD-0PLCL201AC,20.1,
TRV0206,192.5,C,0,0,,Transformador 22 kV 3F conv. 192.5 kVA en cámara,TRV-3O192.5,,
TRR0453,850,C,0,0,,Transformador 34.5 kV 3F conv. 850 kVA en cámara,TRR-3O850,,
COO0306,,,0,0,,CONDUCTOR ACAR #2 AWG,CO0-0S2,,
COO0269,,,0,0,,Conductor AAAC 6201 #300 MCM,CO0-0D300,,
ESS0095,,,0,0,,Est. 6 kV 3F Bandera Retención dos deriv. 2F Centrada Retención,ESS-3BR+2CR+2CR,,
SST0020,,,0,0,,"Secc. red subt. 13kV 2F con barraje desc., 4 vias,  200 A",SST-2B4_200,,
ECR0018,100,E,0,0,,Regulador de voltaje bobina fija 34.5kV 1F 100 kVA ctrl electrónico,ECR-1RE100,,
TRT0423,85,C,0,0,,Banco de 2 transformadores en paralelo 13 kV monofásicos 85 KVA en cámara,TRT-1V85,,
ESV0058,,,0,0,,Est. 22 kV 3F Centrada Retención deriv. 3F Centrada Retención,ESV-3CR+3CR,,
POO5004,,,0,0,,Poste Hormigón armado Rectangular de 16m carga de rotura 500kg,PO0-0HR16_500,,
APO0744,115,C,0,10,,Lum. 240 V Led 115 W en fachada con red subt hilo piloto pot. cte. C,APD-0ALCL115PC,11.5,
TRR0228,192.5,C,0,0,,Transformador 34.5 kV 3F conv. 192.5 kVA en poste,TRR-3C192.5,,
TRT0492,3000,C,0,0,,Transformador 13 kV 3F conv. 3000 kVA en cámara,TRT-3O3000,0,0
COO0337,,,0,0,,Conductor Semiaislado o Ecológico Clase 15kV Al 266.8 MCM,CO0-0F266.8,,
SSV0064,,,0,0,,"Secc. red subt. 22kV 3F con int.  redes subt, 6 vías, 200A",SSV-3I6_200,,
SDD0098,14,,,,,SGDA 240V 1F Fotovoltaica de 14kW,SDD-1F14,,
ESS0120,,,0,0,,Est. 6 kV 3F Semicentrada Retención deriv. 2F Centrada Pasante,ESS-3SR+2CP,,
COO0322,,,0,0,,Conductor Al. Preensamblado 3x70 + Nx50 mm²,CO0-0T3X70(50),,
APO0927,220,C,0,10,,Lum. 240 V Led 220 W en poste con red preen hilo piloto pot. cte. C,APD-0OLCL220PC,22,
ESR0103,,,0,0,,Est. 34.5 kV 3F Bandera Angular deriv. 3F Bandera Retención,ESR-3BA+3BR,,
SDD0128,1.62,,,,,SGDA 220V 2F Fotovoltaica de 1.62kW,SDD-2F1.62,,
COO0390,,,0,0,,Conductor TTU Al #250 MCM,CO0-0M250,,
TUS0019,50,C,0,0,,Transformador  6kV 3F sumerg.  50 kVA,TUS-3S50,,
SSS0069,,,0,0,,"Secc. red subt. 6kV 3F,  celda, interconexión, 600A, 150 BIL",SSS-3EI600_150,,
ESN0009,,,0,0,,Est. 69 kV 3F Angular doble circuito a 90° con aisladores tipo disco,ESN-2BN,,
ESD0038,,,0,0,,Est. 240V Preensamblado Doble retención con 2 conduct.,ESD-1PD2,,
SSD0001,,,0,0,,Secc. red subt. 220 V 2F con interruptor termomagnético 15 A,SSD-2N15,,
SPV0055,,,0,0,,Secc. 22kV 2F con seccionador fus. unipolar cerrado 100A,SPV-2D100,,
ESS0067,,,0,0,,Est. 6 kV 3F Centrada Doble Retención deriv. 2F Centrada Retención,ESS-3CD+2CR,,
ESD0006,,,0,0,,Est. 240V 4 vías Vertical Doble retención,ESD-4ED,,
SPS0117,,,0,0,,Secc. 6kV 3F con reconectador 600A BIL 75,SPS-3R600_75,,
MEC0013,,,0,0,,Medidor 120V 1F2H - Masivo Electrónico. Energía Activa - 100 A_ Forma 13A,MEC-1E100_13A,,
TRV0334,52.5,C,0,0,,Banco de 2 transformadores en paralelo 22 kV monofásicos 52.5 kVA en cámara,TRV-1V52.5,,
APO0777,240,C,0,10,,Lum. 240 V Led 240 W en poste con red aerea Autocontrolada pot. cte. C,APD-0PLCL240AC,24,
TRT0176,267,C,0,0,,Banco de 3 transformadores 13 kV monofásicos 267 KVA en cámara,TRT-3I267,,
COO0384,,,0,0,,Conductor TTU Al #4 AWG,CO0-0M4,,
TRT0057,600,C,0,0,,Transformador 13 kV 3F Pedestal o Padmounted 600KVA,TRT-3P600,,
TRT0327,500,C,0,0,,Transformador 13 kV 1F conv. 500 kVA en poste,TRT-1C500,,
SPV0033,,,0,0,,Secc. 22kV 3F con seccionador de cuchilla 300A,SPV-3C300,,
APO0420,1000,C,0,12,,Proy. 240 V Hg 1000 W en fachada con red preen hilo piloto pot. cte. C,APD-0FPCM1000PC,120,
TRV0416,217,C,0,0,,Banco de 2 transformadores 22 kV monofásicos 217 KVA en cámara,TRV-3V217,,
TRT0128,50,C,0,0,,Banco de 2 transformadores 13 kV monofásicos 50 KVA en cámara,TRT-3V50,,
APO0726,114,C,0,10,,Lum. 240 V Led 114 W en fachada con red subt hilo piloto pot. cte. C,APD-0ALCL114PC,11.4,
COO0307,,,0,0,,CONDUCTOR ACAR #1/0 AWG,CO0-0S1/0,,
ESR0017,,,0,0,,Est. 34.5 kV 2F En volado Retención,ESR-2VR,,
TRV0188,999,C,0,0,,Banco de 3 transformadores 22 kV monofásicos 999 kVA en cámara,TRV-3I999,,
ESV0111,,,0,0,,Est. 22 kV 3F Dos Postes Angular dos deriv. 1F Centrada Retención,ESV-3HA+1CR+1CR,,
POO0102,,,0,0,,Poste Hormigón armado Circular de 9m carga de rotura 400kg,PO0-0HC9_400,,
ECT0010,300,A,0,0,,Capacitor automático 13kV 1F 300kVAR,ECT-1A300,,
ESV0091,,,0,0,,Est. 22 kV 3F Centrada Angular dos deriv.1F Centrada Retención,ESV-3CA+1CR+1CR,,
ESR0050,,,0,0,,Est. 34.5 kV 2F Centrada Retencion deriv. 2F Centrada Retención,ESR-2CR+2CR,,
TRS0123,400,C,0,0,,Transformador 6 kV 3F conv. 400 kVA en cámara,TRS-3O400,,
TRR0190,501,C,0,0,,Banco de 3 transformadores 34.5 kV monofásicos 501 KVA en cámara,TRR-3I501,,
SPR0004,,,0,0,,Secc. 34.5kV 1F con seccionador fus. unipolar ab. disp. rompearco 200A,SPR-1E200,,
TRT0463,35,A,0,0,,Transformador 13 kV 1F autoproteg. 35 kVA en poste,TRT-1A35,,
TUT0072,125,C,0,0,,Banco de 2 transformadores 13 kV 1F convenc. Frente muerto 125 kVA,TUT-3T125,,
SSV0021,,,0,0,,"Secc. red subt. 22kV 2F con barraje desc., 4 vias,  600 A",SSV-2B4_600,,
SDD0205,4,,,,,SGDA 220V 3F Fotovoltaica de 4kW,SDD-3F4,,
TRT0235,500,C,0,0,,Transformador 13 kV 3F conv. 500 kVA en poste,TRT-3C500,,
COO0186,,,0,0,,Conductor ASC #6 AWG,CO0-0A6,,
TRT0073,37.5,C,0,0,,Transformador 13 kV 1F conv. 37.5 kVA  en cámara,TRT-1O37.5,,
ESS0030,,,0,0,,Est. 6 kV 3F En Volado Doble retención,ESS-3VD,,
SDD0258,29.98,,,,,SGDA 220V 3F Fotovoltaica de 29.98kW,SDD-3F29.98,,
ECT0051,381,M,0,0,,Regulador de voltaje bobina fija 13kV 3F 381 kVA ctrl manual,ECT-3RM381,,
SPS0027,,,0,0,,Secc. 6 kV 2F con interruptor 200A BIL 125,SPS-2I200_125,,
ESR0022,,,0,0,,Est. 34.5 kV 3F Centrada Doble retención,ESR-3CD,,
SSV0073,,,0,0,,"Secc. red subt. 22kV 2F, Transición, inst. en cruceta en volado",SSV-2RV,,
SSV0065,,,0,0,,"Secc. red subt. 22kV 3F con int.  redes subt, 6 vías, 600A",SSV-3I6_600,,
SPT0091,,,0,0,,Secc. 13kV 3F con interruptor 600A BIL 150,SPT-3I600_150,,
TRV0103,5,C,0,0,,Transformador 22 kV 2F conv. 5 kVA en poste,TRV-2C5,,
TRS0135,378,C,0,0,,Transformador 6 kV 3F conv. 378 kVA  en cámara,TRS-3O378,,
TRR0447,330,C,0,0,,Transformador 34.5 kV 1F conv. 330 kVA en cámara,TRR-1O330,,
SDD0225,8.4,,,,,SGDA 220V 3F Fotovoltaica de 8.4kW,SDD-3F8.4,,
AOD0038,125,C,0,13,C,Lum. 240 V Ornamental Hg 125 W en poste Hilo Piloto. pot. cte.,AOD-0PLM125PC,16.25,
ESR0108,,,0,0,,Est. 34.5 kV 3F Dos Postes Doble Retención deriv. 1F Centrada Pasante,ESR-3HD+1CP,,
APO0978,200,C,0,10,C,Lum. 240V Led 200 W en poste  con red aérea Autocontrolada pot. Cte. C,APD-0PLCL200AC,20,
TRT0222,20,C,0,0,,Transformador 13 kV 3F conv. 20 kVA  en poste,TRT-3C20,,
ECS0037,50,E,0,0,,Regulador de voltaje bobina múltiple 6kV 3F 50 kVA ctrl electrónico,ECS-3EE50,,
SST0070,,,0,0,,"Secc. red subt. 13kV 1F, Transición, inst. en cruceta semicentrada",SST-1RS,,
SPT0050,,,0,0,,Secc. 13kV 3F con secc. trip. oper. con carga con disp. rompearco 200A,SPT-3N200,,
COO0404,,,0,0,,"Conductor de Cu concentrico, aislado 600 V, Tipo XLPE  No.1X6+8 AWG",CO0-0W1x6(8),,
APO0734,39,C,0,10,,Lum. 240 V Led 39 W en poste con red aérea hilo piloto pot. cte. C,APD-0PLCL39PC,3.9,
APO0440,1500,C,0,12,,Proy. 240 V Hg 1500 W en poste con red aerea Autocontrolado pot. cte. C,APD-0PPCM1500AC,180,
SPT0077,,,0,0,,Secc. 13kV 3F con reconectador 630A BIL 125,SPT-3R630_125,,
ECS0067,1800,A,0,0,,Capacitor automático 6kV 3F 1800kVAR,ECS-3A1800,,
SPS0031,,,0,0,,Secc. 6 kV 2F con reconectador 600A BIL 95,SPS-2R600_95,,
SSS0009,,,0,0,,"Secc. red subt. 6kV 3F con conector codo Portaf.,  200 A",SSS-3P200,,
TRS0001,3,C,0,0,,Transformador 6  kV  2F conv.  3 kVA en poste,TRS-2C3,,
POO0113,,,0,0,,Poste Hormigón armado Circular de 9m carga de rotura 3000kg,PO0-0HC9_3000,,
COO0373,,,0,0,,Conductor Multiplex Al 3x8 AWG,CO0-0J3x8,,
TRV0233,65,C,0,0,,Banco de 2 transformadores 22 kV monofásicos 65 kVA en poste,TRV-3B65,,
TRV0332,47.5,C,0,0,,Banco de 2 transformadores en paralelo 22 kV monofásicos 47.5 kVA en cámara,TRV-1V47.5,,
AOD0105,250,C,0,12,C,Lum. 240 V Ornamental MH 250 W en Fachada Hilo Piloto pot. cte.,AOD-0FLH250PC,30,
POO8705,,,0,0,,Poste Hormigón armado Circular de 19m carga de rotura 600kg,PO0-0HC19_600,,
SPR0038,,,0,0,,Secc. 34.5kV 3F con seccionador de cuchilla   200A,SPR-3C200,,
TRR0238,200,C,0,0,,Transformador 34.5 kV 3F conv. 200 kVA en cámara,TRR-3O200,,
TRS0117,200,C,0,0,,Transformador 6 kV 3F conv. 200 kVA en cámara,TRS-3O200,,
TRR0112,35,C,0,0,,Banco de 3 transformadores 34.5 kV monofásicos 35 KVA en poste,TRR-3N35,,
POO2612,,,0,0,,Poste Hormigón armado Rectangular de 15m carga de rotura 2000kg,PO0-0HR15_2000,,
TRT0460,30,A,0,0,,Transformador 13 kV 1F autoproteg. 30 kVA en poste,TRT-1A30,,
APO0985,200,C,0,10,C,Lum. 240 V Led 200 W en poste con red aérea hilo piloto pot. cte. C,APD-0PLCL200PC,20,0
TUT0014,30,C,0,0,,Transformador  13kV 3F conv. frente muerto 30 kVA,TUT-3M30,,
SPR0051,,,0,0,,Secc. 34.5kV 3F con secc. trip. oper. con carga con disp. rompearco 300A,SPR-3N300,,
TRV0001,3,C,0,0,,Transformador 22 kV 1F conv. 3 kVA en poste,TRV-1C3,,
COO0205,,,0,0,,Conductor Concéntrico Cu 4x8,CO0-0W4X8,,
ECT0073,600,A,0,0,,Capacitor automático 13kV 1F 600kVAR,ECT-1A600,,
SDD0230,9.6,,,,,SGDA 220V 3F Fotovoltaica de 9.6kW,SDD-3F9.6,,
TRV0046,350,C,0,0,,Transformador 22 kV 3F Pedestal o Padmounted 350KVA,TRV-3P350,,
TRR0448,180,C,0,0,,Transformador 34.5 kV 3F conv. 180 kVA en poste,TRR-3C180,,
AOD0030,150,C,0,13,C,Proy. 240 V Ornamental MH 150 W en piso Hilo Piloto. pot. cte.,AOD-0IPH150PC,19.5,
TRT0146,192,C,0,0,,Banco de 2 transformadores 13 kV monofásicos 192 KVA en cámara,TRT-3V192,,
SST0011,,,0,0,,"Secc. red subt. 13kV 1F con barraje desc., 2 vias,  600 A",SST-1B2_600,,
ESN0022,,,0,0,,"Est. 69 kV 3F Transposición con dos postes y aisladores tipo disco, poste",ESN-1HT,,
AOD0062,50,C,0,16,C,Proy. 240 V Ornamental MH 50 W en poste Autocont. pot. cte.,AOD-0PPH50AC,8,
POO2622,,,0,0,,Poste Hormigón armado Circular de 15m carga de rotura 1600kg,PO0-0HR15_1600,,
TRV0359,5,C,0,0,,Transformador 22 kV 2F conv. 5 kVA en cámara,TRV-2O5,,
ESS0105,,,0,0,,Est. 6 kV 3F Dos Postes Pasante deriv. 2F Centrada Pasante,ESS-3HP+2CP,,
COO0123,,,0,0,,Conductor Clase 25kV Al 1/0 AWG,CO0-0E1/0,,
TRR0335,500,C,0,0,,Transformador 34.5 kV 1F conv. 500 kVA en cámara,TRR-1O500,,
ECR0023,200,M,0,0,,Regulador de voltaje bobina fija 34.5kV 3F 200 kVA ctrl manual,ECR-3RM200,,
ESE0004,,,0,0,,Est. 0V 1 vía Vertical Pasante deriv. 1 vía Vertical Retención,ESE-1EP+1ER,,
TRR0284,310,C,0,0,,Banco de 3 transformadores 34.5 kV monofásicos 310 KVA en cámara,TRR-3I310,,
MED0012,,,0,0,,Medidor 240V 1F3H - Masivos Electromecánico. Energía Activa - 200 A_Forma 2S,MED-1L200_2S,,
APO0505,150,C,0,13,,Proy. 240 V Na 150 W en poste con red subt hilo piloto pot. cte. C,APD-0SPCS150PC,19.5,
COO0248,,,0,0,,Conductor AAAC 5005 #4/0 AWG,CO0-0C4/0,,
TRS0237,87.5,C,0,0,,Banco de 2 transformadores en paralelo 6 kV bifasicos 87.5 KVA en poste,TRS-2B87.5,,
ESV0039,,,0,0,,Est. 22 kV 3F Line Poste Pasante,ESV-3LP,,
ESV0093,,,0,0,,Est. 22 kV 3F Centrada Doble Retención dos deriv.1F Centrada Retención,ESV-3CD+1CR+1CR,,
SDD0220,7.74,,,,,SGDA 220V 3F Fotovoltaica de 7.74kW,SDD-3F7.74,,
TUS0012,250,C,0,0,,Transformador  6kV 3F conv. frente muerto 250 kVA,TUS-3M250,,
TRR0182,367,C,0,0,,Banco de 3 transformadores 34.5 kV monofásicos 367 KVA en cámara,TRR-3I367,,
ECR0028,300,E,0,0,,Regulador de voltaje bobina fija 34.5kV 3F 300 kVA ctrl electrónico,ECR-3RE300,,
COO0198,,,0,0,,Conductor TTU Cu. #12 AWG,CO0-0P12,,
APO0306,250,C,0,12,C,Lum. 240 V Na  250 W en poste con red aerea hilo piloto pot. cte. C,APD-0PLCS250PC,30,
APO0333,250,C,0,12,,Lum. 240 V Na 250 W en poste con red subt Autocontrolada pot. cte. C,APD-0SLCS250AC,30,
TRR0170,162.5,C,0,0,,Banco de 3 transformadores 34.5 kV monofásicos 162.5 KVA en cámara,TRR-3I162.5,,
COO0107,,,0,0,,Conductor Clase 15kV Al 3/0 AWG,CO0-0Z3/0,,
ESR0128,,,0,0,,Est. 34.5 kV 1F Bandera Angular deriv. 1F Centrada Retención,ESR-1BA+1CR,,
SPS0005,,,0,0,,Protección 6kV 3F con descargador 6kV,SPS-3P6,,
SPO0067,,,0,0,,Secc. 3F con fusible 7K,SPO-3F7K,,
TRR0379,182,C,0,0,,Banco de 2 transformadores en paralelo 34.5 kV monofásicos 182 KVA en poste,TRR-1B182,,
SST0031,,,0,0,,Secc. red subt. 13 kV 1F con fusible 10 A,SST-1F10,,
TRV0130,160,C,0,0,,Transformador 22 kV 3F conv. 160 kVA en cámara,TRV-3O160,,
SPS0065,,,0,0,,Secc. 6 kV 3F con interruptor 200A BIL 95,SPS-3I200_95,,
APO0373,70,C,0,16,,Lum. 240 V Na 70 W en poste con red preen Autocontrolada pot. cte. C,APD-0OLCS70AC,11.2,
TRR0410,267,C,0,0,,Banco de 2 transformadores en paralelo 34.5 kV monofásicos 267 KVA en cámara,TRR-1V267,,
TRT0316,501,C,0,0,,Banco de 3 transformadores 13 kV monofásicos 501 kVA en poste,TRT-3N501,,
POO1505,,,0,0,,Poste Hormigón armado Circular de 11.5m carga de rotura 600kg,PO0-0HC11.5_600,,
TRV0380,35,C,0,0,,Transformador 22 kV 1F conv. 35 kVA en cámara,TRV-1O35,,
TRR0294,1500,C,0,0,,Transformador 34.5 kV 3F conv. 1500 kVA en cámara,TRR-3O1500,,
ESR0060,,,0,0,,Est. 34.5 kV 3F Volada Pasante deriv. 1F Centrada Retención,ESR-3VP+1CR,,
POO6300,,,0,0,,Poste Madera Circular de 6m,PO0-0MC6,,
TRR0199,1500,C,0,0,,Banco de 3 transformadores 34.5 kV monofásicos 1500 KVA en cámara,TRR-3I1500,,
APO0305,150,C,0,13,C,Lum. 240 V Na 150 W en poste con red aerea hilo piloto pot. cte. C,APD-0PLCS150PC,19.5,
APO0368,250,D,150,12,S,Lum. 240 V Na 250 W en fachada con red subt hilo piloto Dob.niv.pot. C,APD-0ALCS250PD,30,19.5
TUS0049,400,C,0,0,,Transformador  6kV 3F  seco 400 kVA,TUS-3D400,,
SPS0030,,,0,0,,Secc. 6 kV 2F con reconectador 400A BIL 125,SPS-2R400_125,,
SDT0260,30,,,,,"SGDA 13,8kV 3F Fotovoltaica de 30kW",SDT-3F30,,
ESV0104,,,0,0,,Est. 22 kV 3F Bandera Doble Retención deriv. 3F Bandera Retención,ESV-3BD+3BR,,
APO0928,220,C,0,10,,Lum. 240 V Led 220 W en poste con red aérea hilo piloto pot. cte. C,APD-0PLCL220PC,22,
APO0785,212,C,0,10,,Lum. 240 V Led 212 W en fachada con red preen Autocontrolada pot. cte. C,APD-0FLCL212AC,21.2,
SPS0105,,,0,0,,Secc. 6kV 3F con reconectador 800A BIL 75,SPS-3R800_75,,
TRV0232,62.5,C,0,0,,Banco de 2 transformadores 22 kV monofásicos 62.5 kVA en poste,TRV-3B62.5,,
POO5028,,,0,0,,Poste Hormigón armado rectangular de 16m carga de rotura 2800kg,PO0-0HR16_2800,,
TRT0317,250,C,0,0,,Transformador 13 kV 1F conv. 250 kVA en cámara,TRT-1O250,,
TRT0028,25,C,0,0,,Transformador 13 kV 1F Pedestal o Padmounted 25KVA,TRT-1P25,,
TRR0409,242,C,0,0,,Banco de 2 transformadores en paralelo 34.5 kV monofásicos 242 KVA en cámara,TRR-1V242,,
SPO0034,,,0,0,,Secc. 2F con conector ranuras paralelas 1/0 a 4/0 - 6 a 4/0 Al/Cu,SPO-2UB,,
TRR0289,90,C,0,0,,Banco de 3 transformadores 34.5 kV monofásicos 90 KVA en poste,TRR-3N90,,
TRV0131,450,C,0,0,,Transformador 22 kV 3F conv. 450 kVA en cámara,TRV-3O450,,
AOD0011,250,C,0,12,C,Proy. 240 V Ornamental MH 250 W en piso Autocont. pot. cte.,AOD-0IPH250AC,30,
SSV0045,,,0,0,,Secc. red subt. 22 kV 2F con fusible 25 A,SSV-2F25,,
TRR0395,85,C,0,0,,Banco de 2 transformadores en paralelo 34.5 kV monofásicos 85 KVA en cámara,TRR-1V85,,
SPS0088,,,0,0,,Secc. 6kV 3F con interruptor 600A BIL 150,SPS-3I600_150,,
SSD0011,,,0,0,,Secc. red subt. 220 V 3F con interruptor termomagnético 125 A,SSD-3N125,,
TRR0274,1000,C,0,0,,Transformador 34.5 kV 3F conv. 1000 kVA  en poste,TRR-3C1000,,
SDD0291,125,,,,,SGDA 220V 3F Fotovoltaica de 125kW,SDD-3F125,,
ESR0131,,,0,0,,Est. 34.5 kV 1F Semiaislado o Ecologico Retención,ESR-1MR,,
EST0018,,,0,0,,Est. 13 kV 2F En volado Doble retención,EST-2VD,,
APO0916,60,C,0,10,,Lum. 240 V Led 60 W en poste con red aérea Autocontrolada pot. cte. C,APD-0PLCL60AC,6,
COO0120,,,0,0,,Conductor Clase 25kV Cu 1000 MCM,CO0-0Y1000,,
TUV0031,50,C,0,0,,Transformador  22kV 3F sumerg.  50 kVA,TUV-3S50,,
COO0231,,,0,0,,CONDUCTOR ACAR #350 MCM,CO0-0S350,,
TRT0306,57.5,C,0,0,,Banco de 2 transformadores 13 kV monofásicos 57.5 kVA en poste,TRT-3B57.5,,
TRV0361,15,C,0,0,,Transformador 22 kV 2F conv. 15 kVA en cámara,TRV-2O15,,
ECV0060,600,C,0,0,,Capacitor fijo 22kV 1F 600kVAR,ECV-1C600,,
EU0023,,,,0,,Est.red subt.  banco de ductos  config. 2x4  de 110 mm.  en calzada,EU0-0B2x4B2,,
TUT0088,55,C,0,0,,Banco de 3 transformadores 13 kV 1F convenc. Frente muerto 55 kVA,TUT-3R55,,
TRT0332,330,C,0,0,,Transformador 13 kV 3F conv. 330 kVA en cámara,TRT-3O330,,
COO0130,,,0,0,,Conductor TW Cu # 14 AWG,CO0-0O14,,
TRS0281,350,C,0,0,,Banco de 2 transformadores en paralelo 6 kV bifasicos 350 KVA en cámara,TRS-2V350,,
APO0728,150,C,0,10,,Lum. 240 V Led 150 W en poste con red aérea hilo piloto pot. cte. C,APD-0PLCL150PC,15,
TRR0068,3,C,0,0,,Transformador 34.5 kV 1F conv.  3 kVA en cámara,TRR-1O3,,
TRR0201,160,C,0,0,,Transformador 34.5 kV 3F conv. 160 kVA en cámara,TRR-3O160,,
COO0346,,,0,0,,Conductor Semiaislado o Ecológico Clase 25kV Al 1/0 AWG,CO0-0H1/0,,
APO0934,180,C,0,10,,Lum. 240 V Led 180 W en poste con red subt Autocontrolada pot. cte. C,APD-0SLCL180AC,18,
APO0748,60,C,0,10,,Lum. 240 V Led 60 W en poste con red subterranea Autocontrolada pot. cte. C,APD-0SLCL60AC,6,
TRT0182,367,C,0,0,,Banco de 3 transformadores 13 kV monofásicos 367 KVA en cámara,TRT-3I367,,
AOD0139,250,C,0,12,C,Proy. 240 V Ornamental Hg 250 W en piso Autocont. pot. cte.,AOD-0IPM250AC,30,
TRV0002,5,C,0,0,,Transformador 22 kV 1F conv. 5 kVA en poste,TRV-1C5,,
TRR0147,200,C,0,0,,Banco de 2 transformadores 34.5 kV monofásicos 200 KVA en cámara,TRR-3V200,,
SDD0091,11.7,,,,,SGDA 240V 1F Fotovoltaica de 11.7kW,SDD-1F11.7,,
APO0342,100,C,0,15,,Lum. 240 V Na 100 W en fachada con red preen hilo piloto pot. cte. C,APD-0FLCS100PC,15,
TRR0452,375,C,0,0,,Transformador 34.5 kV 3F conv. 375 kVA en poste,TRR-3C375,,
ESS0029,,,0,0,,Est. 6 kV 3F En Volado Retención,ESS-3VR,,
TRT0301,200,C,0,0,,Transformador 13 kV 1F conv. 200 kVA en poste,TRT-1C200,,
TRT0393,110,C,0,0,,Banco de 2 transformadores en paralelo 13 kV monofásicos 110 KVA en poste,TRT-1B110,,
TRR0403,137.5,C,0,0,,Banco de 2 transformadores en paralelo 34.5 kV monofásicos 34.57.5 KVA en cámara,TRR-1V137.5,,
ESV0049,,,0,0,,Est. 22 kV 1F Volada Pasante deriv. 1F Centrada Retención,ESV-1VP+1CR,,
ESV0069,,,0,0,,Est. 22 kV 3F Semi Centrada Doble Retenc. deriv. 1F Centrada Retenc.,ESV-3SD+1CR,,
TRR0223,140,C,0,0,,Transformador 34.5 kV 3F conv. 140 kVA en poste,TRR-3C140,,
TUV0002,15,C,0,0,,Transformador  22kV 1F conv. frente muerto 15 kVA,TUV-1M15,,
TRS0006,37.5,C,0,0,,Transformador 6  kV  2F conv. 37.5 kVA en poste,TRS-2C37.5,,
ESC0005,,,0,0,,Est. 120V 2 vías Vertical Retención deriv. 1 vía Vertical Retención,ESC-2ER+1ER,,
TUT0034,90,C,0,0,,Transformador  13kV 3F sumerg. 90 kVA,TUT-3S90,,
POO7900,,,0,0,,Poste Metálico Rectangular de 9m,PO0-0ER9,,
ESR0136,,,0,0,,Est. 34.5 kV 2F Semiaislado o Ecologico Doble retención,ESR-2MD,,
TRV0366,250,C,0,0,,Transformador 22 kV 1F Pedestal o Padmounted 250KVA,TRV-1P250,,
TUS0026,200,C,0,0,,Transformador  6kV 3F sumerg. 200 kVA,TUS-3S200,,
TRR0174,225,C,0,0,,Banco de 3 transformadores 34.5 kV monofásicos 225 KVA en cámara,TRR-3I225,,
COO0396,,,0,0,,Conductor TTU Al #600 MCM,CO0-0M600,,
TUT0083,350,C,0,0,,Banco de 2 transformadores 13 kV 1F convenc. Frente muerto 350 kVA,TUT-3T350,,
ECT0063,250,A,0,0,,Capacitor automático 13kV 3F 250kVAR,ECT-3A250,,
TRT0371,52.5,C,0,0,,Banco de 2 transformadores en paralelo 13 kV monofásicos 52.5 KVA en poste,TRT-1B52.5,,
TRR0043,100,C,0,0,,Transformador 34.5 kV 3F Pedestal o Padmounted 100KVA,TRR-3P100,,
APO0720,66,C,0,10,,Lum. 120 V Led 66 W en poste con red aérea Autocontrolada pot. cte. C,APC-0PLCL66AC,6.6,
ESR0077,,,0,0,,Est. 34.5 kV 3F Bandera Angular derivación 3F Semi Centrada Retención,ESR-3BA+3SR,,
SDD0041,4.26,,,,,SGDA 220V 1F Fotovoltaica de 4.26kW,SDD-1F4.26,,
APO0758,133,C,0,10,,Lum. 240 V Led 133 W en poste con red preen Autocont. pot. cte. C,APD-0OLCL133AC,13.3,
COO0414,0,,0,0,,Conductor Concéntrico Cu 3x14,CO0-0W3x14,0,0
APO0405,100,C,0,15,,Proy. 240 V Hg 100 W en poste con red aerea Autocontrolado pot. cte. C,APD-0PPCM100AC,15,
ESR0037,,,0,0,,Est. 34.5 kV 3F Bandera Doble retención,ESR-3BD,,
ECV0008,300,C,0,0,,Capacitor fijo 22kV 3F 300kVAR,ECV-3C300,,
TRV0415,204.5,C,0,0,,Banco de 2 transformadores 22 kV monofásicos 204.5 KVA en cámara,TRV-3V204.5,,
ECR0060,1800,C,0,0,,Capacitor fijo 34.5kV 3F 1800kVAR,ECR-3C1800,,
TRR0066,2000,C,0,0,,Transformador 34.5 kV 3F Pedestal o Padmounted 2000KVA,TRR-3P2000,,
TRS0064,50,A,0,0,,Transformador 6 kV 2F autoproteg. 50 kVA en poste,TRS-2A50,,
SSS0059,,,0,0,,"Secc. red subt. 6kV 2F con descarg. premold., MCOV 5,1 kV",SSS-2D5,,
TRV0305,50,C,0,0,,Banco de 2 transformadores en paralelo 22 kV monofásicos 50 KVA en poste,TRV-1B50,,
SPR0015,,,0,0,,Secc. 34.5kV 1F con interruptor 200A BIL 95,SPR-1I200_95,,
SPT0024,,,0,0,,Secc. 13kV 2F con seccionador fus. unipolar ab. disp. rompearco 200A,SPT-2E200,,
APO0938,220,C,0,10,,Lum. 240 V Led 220 W en fachada con red preen Autocontrolada pot. cte. C,APD-0FLCL220AC,22,
APO0783,212,C,0,10,,Lum. 240 V Led 212 W en poste con red preen Autocont. pot. cte. C,APD-0OLCL212AC,21.2,
ECS0049,864,M,0,0,,Regulador de voltaje bobina fija 6kV 3F 864 kVA ctrl manual,ECS-3RM864,,
SPS0044,,,0,0,,Secc. 6 kV 3F con seccionador fus. unipolar ab. 200A,SPS-3S200,,
TRR0024,112.5,C,0,0,,Transformador 34.5 kV 3F conv. 112.5 kVA en poste,TRR-3C112.5,,
SPR0003,,,0,0,,Secc. 34.5kV 1F con seccionador fus. unipolar ab. disp. rompearco 100A,SPR-1E100,,
TRV0152,100,C,0,0,,Banco de 3 transformadores 22 kV monofásicos 100 kVA en cámara,TRV-3I100,,
TRR0212,3,C,0,0,,Transformador 34.5 kV 2F conv. 3 kVA en poste,TRR-2C3,,
TRT0193,600,C,0,0,,Banco de 3 transformadores 13 kV monofásicos 600 KVA en cámara,TRT-3I600,,
APO0231,250,C,0,12,C,Lum. 240 V Hg 250 W en fachada con red subt Autocontrolada pot. cte. C,APD-0ALCM250AC,30,
TOO0004,,,0,0,,Torre Metálica de 49 m,TO0-0ET49,,
TRV0037,75,C,0,0,,Transformador 22 kV 3F Pedestal o Padmounted 75KVA.,TRV-3P75,,
TRT0465,280,C,0,0,,Transformador 13 kV 3F conv. 280 kVA en cámara,TRT-3O280,,
SST0058,,,0,0,,"Secc. red subt. 13kV 1F con descarg. premold., MCOV 8,4kV",SST-1D8,,
APO0336,250,D,150,12,S,Lum. 240 V Na 250 W en poste con red subt hilo piloto Dob.niv.pot. C,APD-0SLCS250PD,30,19.5
ESR0053,,,0,0,,Est. 34.5 kV 3F Centrada Pasante deriv. 1F Centrada Retención,ESR-3CP+1CR,,
POO11001,,,0,0,,Poste Plástico fibra de vidrio Circular de 14m carga de rotura 350kg,PO0-0PC14_350,,
TRT0199,1500,C,0,0,,Banco de 3 transformadores 13 kV monofásicos 1500 KVA en cámara,TRT-3I1500,,
TRV0162,200,C,0,0,,Banco de 3 transformadores 22 kV monofásicos 200 kVA en cámara,TRV-3I200,,
POO9404,,,0,0,,Poste Hormigón armado Ornamental de 12m carga de rotura 500kg,PO0-0HO12_500,,
TRT0121,112.5,C,0,0,,Banco de 3 transformadores 13 kV monofásicos 112.5 KVA en poste,TRT-3N112.5,,
SDU0339,1980,,,,,SGDA 440V 3F Fotovoltaica de 1980kW,SDU-3F1980,,
TRV0186,833,C,0,0,,Banco de 3 transformadores 22 kV monofásicos 833 kVA en cámara,TRV-3I833,,
SST0028,,,0,0,,Secc. red subt. 13 kV 1F con fusible 3 A,SST-1F3,,
TRS0265,90,C,0,0,,Banco de 2 transformadores en paralelo 6 kV bifasicos 90 KVA en cámara,TRS-2V90,,
SPV0105,,,0,0,,Secc. 22kV 3F con interruptor 800A BIL 95,SPV-3I800_95,,
TRS0129,1000,C,0,0,,Transformador 6 kV 3F conv. 1000 kVA en cámara,TRS-3O1000,,
APO0379,150,C,0,13,,Lum. 240 V Na 150 W en poste con red preen Autocontrolada pot. cte. C,APD-0OLCS150AC,19.5,
SPO0019,,,0,0,,Secc. 2F con fusible 1H,SPO-2F1H,,
TRR0017,15,C,0,0,,Transformador 34.5 kV 3F conv. 15 kVA  en poste,TRR-3C15,,
TRR0345,315,C,0,0,,Transformador 34.5 kV 3F conv. 315 kVA en poste,TRR-3C315,,
SSD0006,,,0,0,,Secc. red subt. 220 V 2F con interruptor termomagnético 60 A,SSD-2N60,,
COO0167,,,0,0,,Conductor Concéntrico Cu 3x12,CO0-0W3x12,,
SSS0023,,,0,0,,"Secc. red subt. 6kV 3F con barraje desc., 2 vias,  600 A",SSS-3B2_600,,
TUS0015,500,C,0,0,,Transformador  6kV 3F conv. frente muerto 500 kVA,TUS-3M500,,
TRT0418,52.5,C,0,0,,Banco de 2 transformadores en paralelo 13 kV monofásicos 52.5 KVA en cámara,TRT-1V52.5,,
SPS0034,,,0,0,,Secc. 6 kV 2F con seccionador fus. unipolar ab. disp. rompearco 100A,SPS-2E100,,
COO0268,,,0,0,,Conductor AAAC 6201 #281.4 AWG,CO0-0D281.4,,
ECS0063,450,A,0,0,,Capacitor automático 6kV 3F 450kVAR,ECS-3A450,,
SPV0025,,,0,0,,Secc. 22kV 2F con seccionador de cuchilla con disp. rompearco 200A,SPV-2O200,,
TRT0013,25,A,0,0,,Transformador 13 kV 1F autoproteg. 25 kVA en poste,TRT-1A25,,
TRV0208,25,C,0,0,,Transformador 22 kV 3F conv. 25 kVA en cámara,TRV-3O25,,
COO0379,,,0,0,,Conductor TTU Cu #477 MCM,CO0-0P477,,
ESD0037,,,0,0,,Est. 240V Preensamblado Pasante con 2 conduct.,ESD-1PP2,,
ESR0003,,,0,0,,Est. 34.5 kV 1F Centrada Retención,ESR-1CR,,
ESS0125,,,0,0,,Est. 6 kV 3F Semicen. Pasante deriv. 3F Semicen. Ret. 3F Semicen. Ret.,ESS-3SR+3SR+3SR,,
TUS0046,200,C,0,0,,Transformador  6kV 3F  seco 200 kVA,TUS-3D200,,
APO0240,100,C,0,15,C,Lum. 120 V Hg 100 W en poste con red aerea Autocontrolada pot. cte. C,APC-0PLCM100AC,15,
ECT0062,150,A,0,0,,Capacitor automático 13kV 3F 150kVAR,ECT-3A150,,
POO1502,,,0,0,,Poste Hormigón armado Circular de 11.5m carga de rotura 400kg,PO0-0HC11.5_400,,
ESS0108,,,0,0,,Est. 6 kV 3F Dos Postes Doble Retención deriv. 2F Centrada Retención,ESS-3HD+2CP,,
TRR0303,60,C,0,0,,Transformador 34.5 kV 3F Pedestal o Padmounted 60 kVA,TRR-3P60,,
TUT0124,667,C,0,0,,Banco de 3 transformadores 13 kV 1F convenc. Frente muerto 667 kVA,TUT-3R667,,
TRS0041,400,C,0,0,,Transformador 6  kV  3F conv. 400 kVA en poste,TRS-3C400,,
SDD0202,2.32,,,,,SGDA 220V 3F Fotovoltaica de 2.32kW,SDD-3F2.32,,
POO9605,,,0,0,,Poste Hormigón armado Ornamental de 15m carga de rotura 600kg,PO0-0HO15_600,,
TRS0119,250,C,0,0,,Transformador 6 kV 3F conv. 250 kVA en cámara,TRS-3O250,,
TRR0177,275,C,0,0,,Banco de 3 transformadores 34.5 kV monofásicos 275 KVA en cámara,TRR-3I275,,
APO0326,250,C,0,12,,Lum. 240 V Na 250 W en poste con red subt hilo piloto pot. cte. C,APD-0SLCS250PC,30,
TRR0012,15,A,0,0,,Transformador 34.5 kV 1F autoproteg. 15 kVA en poste,TRR-1A15,,
APO0635,250,C,0,12,,Lum. 240 V Na 250 W en fachada con red preen Autocontrolada pot. cte. A,APD-0FLAS250AC,30,
ESS0021,,,0,0,,Est. 6 kV 3F Centrada Retención,ESS-3CR,,
TRT0501,187.5,C,0,0,,Banco de 3 transformadores 13 kV monofásicos 187.5 KVA en cámara  (75KVA-75KVA-37.5KVA),TRT-3I187.5,0,0
COO0247,,,0,0,,CONDUCTOR AAAC 6201 #477 MCM,CO0-0D477,,
TUS0016,15,C,0,0,,Transformador  6kV 3F sumerg. 15 kVA,TUS-3S15,,
TUT0018,75,C,0,0,,Transformador  13kV 3F conv. frente muerto 75 kVA,TUT-3M75,,
TRT0252,1200,C,0,0,,Transformador 13 kV 3F conv. 1200 kVA en cámara,TRT-3O1200,,
ECV0032,300,M,0,0,,Regulador de voltaje bobina múltiple 22kV 1F 300 kVA ctrl manual,ECV-1EM300,,
SDD0013,2.16,,,,,SGDA 240V 1F Fotovoltaica de 2.16kW,SDD-1F2.16,,
POO9304,,,0,0,,Poste Hormigón armado Ornamental de 11m carga de rotura 500kg,PO0-0HO11_500,,
SDD0117,38,,,,,SGDA 240V 1F Fotovoltaica de 38kW,SDD-1F38,,
TRT0130,60,C,0,0,,Banco de 2 transformadores 13 kV monofásicos 60 KVA en cámara,TRT-3V60,,
TAV0001,,,0,0,,Tensor a Tierra Doble en redes de dist. 22 kV,TAV-0TD,,
TRT0344,330,C,0,0,,Transformador 13 kV 1F conv. 330 kVA en cámara,TRT-1O330,,
ESV0110,,,0,0,,Est. 22 kV 3F Dos Postes Retención dos deriv. 1F Centrada Retención,ESV-3HR+1CR+1CR,,
ESV0029,,,0,0,,Est. 22 kV 3F En volado Retención,ESV-3VR,,
SPR0017,,,0,0,,Secc. 34.5kV 1F con reconectador 400A BIL 95,SPR-1R400_95,,
SPR0021,,,0,0,,Secc. 34.5kV 2F con seccionador fus. unipolar ab. 100A,SPR-2S100,,
TRT0011,10,A,0,0,,Transformador 13 kV 1F autoproteg. 10 kVA en poste,TRT-1A10,,
SSV0067,,,0,0,,"Secc. red subt. 22kV 3F,  celda, seccionamiento, 600A, 150 BIL",SSV-3ES600_150,,
APO0374,100,C,0,15,,Lum. 240 V Na 100 W en poste con red preen Autocontrolada pot. cte. C,APD-0OLCS100AC,15,
AOD0035,150,C,0,13,C,Lum. 240 V Ornamental MH 150 W en poste Hilo Piloto. pot. cte.,AOD-0PLH150PC,19.5,
AOD0010,150,C,0,13,C,Proy. 240 V Ornamental MH 150 W en piso Autocont. pot. cte.,AOD-0IPH150AC,19.5,
SPD0002,,,0,0,,Secc. 240V 1F con conector doble tipo estanco 5 a 4/0 - 12 a 2 AWG,SPD-1TD,,
TRT0412,25,C,0,0,,Banco de 2 transformadores en paralelo 13 kV monofásicos 25 KVA en cámara,TRT-1V25,,
AOD0141,75,C,0,15,C,Lum. 240 V Ornamental Hg 75 W en poste Autocont. pot. cte.,AOD-0PLM75AC,11.25,
TRS0063,37.5,A,0,0,,Transformador 6 kV 2F autoproteg. 37.5 kVA en poste,TRS-2A37.5,,
TRR0257,7.5,C,0,0,,Transformador 34.5 kV 1F conv. 7.5 kVA en poste,TRR-1C7.5,,
ECT0064,450,A,0,0,,Capacitor automático 13kV 3F 450kVAR,ECT-3A450,,
SPT0028,,,0,0,,Secc. 13kV 2F con seccionador de cuchilla 600A,SPT-2C600,,
TRS0218,15,C,0,0,,Banco de 2 transformadores en paralelo 6 kV bifasicos 15KVA en poste,TRS-2B15,,
SPV0098,,,0,0,,Secc. 22kV 3F con interruptor 1250A BIL 125,SPV-3I1250_125,,
TRT0342,225,C,0,0,,Transformador 13 kV 1F Pedestal o Padmounted 225KVA,TRT-1P225,,
TRT0464,37.5,C,0,0,,Transformador 13 kV 3F conv. 37.5 kVA en cámara,TRT-3O37.5,,
ESS0092,,,0,0,,Est. 6 kV 3F Centrada Retención dos deriv. 2F Centrada Retención,ESS-3CR+2CR+2CR,,
APO0904,110,C,0,10,,Lum. 240 V Led 110 W en poste con red subt Autocontrolada pot. cte. C,APD-0SLCL110AC,11,
APO0618,250,D,150,12,S,Lum. 240 V Na 250 W en poste con red preen hilo piloto. Dob.niv.pot C,APD-0OLCS250PD,30,19.5
SDD0067,7.5,,,,,SGDA 240V 1F Fotovoltaica de 7.5kW,SDD-1F7.5,,
TRR0092,52.5,C,0,0,,Banco de 2 transformadores 34.5 kV monofásicos 52.5 KVA en poste,TRR-3B52.5,,
TRS0204,37.5,C,0,0,,Transformador 6 kV 2F conv. 37.5 kVA  en cámara,TRS-2O37.5,,
TRS0007,50,C,0,0,,Transformador 6  kV  2F conv. 50 kVA en poste,TRS-2C50,,
TRT0045,120,C,0,0,,Transformador 13 kV 3F Pedestal o Padmounted 120KVA,TRT-3P120,,
ECS0070,150,A,0,0,,Capacitor automático 6kV 2F 150kVAR,ECS-2A150,,
SPV0058,,,0,0,,Secc. 22kV 1F con seccionador de cuchilla con disp. rompearco 600A,SPV-1O600,,
SDC0147,5,,,,,SGDA 127V 2F Fotovoltaica de 5kW,SDC-2F5,,
TRT0265,1,A,0,0,,Transformador 13 kV 1F autoproteg. 1 kVA en poste,TRT-1A1,,
APO0765,500,C,0,10,,Lum. 240 V Led 500 W en fachada con red preen Autocontrolada pot. cte. C,APD-0FLCL500AC,50,
TUT0036,112.5,C,0,0,,Transformador  13kV 3F sumerg. 112.5 kVA,TUT-3S112.5,,
TRR0151,334,C,0,0,,Banco de 2 transformadores 34.5 kV monofásicos 334 KVA en cámara,TRR-3V334,,
TRT0387,87.5,C,0,0,,Banco de 2 transformadores en paralelo 13 kV monofásicos 87.5 KVA en poste,TRT-1B87.5,,
SPV0072,,,0,0,,Secc. 22kV 1F con interruptor 50A BIL 125,SPV-1I50_125,,
APO0608,150,C,0,13,,Lum. 240 V Na 150 W en poste con red preen Autocontrolada pot. cte. A,APD-0OLAS150AC,19.5,
SPV0022,,,0,0,,Secc. 22kV 2F con seccionador de cuchilla 200A,SPV-2C200,,
COO0227,,,0,0,,"Multiconductor de Cu, aislado  600 V, Tipo PVC  No.3X12 AWG",CO0-0N3x12,,
ESS0057,,,0,0,,Est. 6 kV 3F Semi Centrada Pasante deriv. 3F Semi Centrada Retención,ESS-3SP+3SR,,
APO0129,400,C,0,12,C,Lum. 240 V Hg 400 W  en poste con red aerea hilo piloto pot. cte. A,APD-0PLAM400PC,48,
COO0038,,,0,0,,Conductor ASC #4 AWG,CO0-0A4,,
POO4015,,,0,0,,Poste Hormigón armado Rectangular de 16.5 m carga de rotura 2400 kg,PO0-0HR16.5_2400,,
TRT0189,500,C,0,0,,Banco de 3 transformadores 13 kV monofásicos 500 KVA en cámara,TRT-3I500,,
POO11004,,,0,0,,Poste Plástico fibra de vidrio Circular de 14m carga de rotura 500kg,PO0-0PC14_500,,
POO11300,,,0,0,,Poste Metálico Rectangular de 10.5m,PO0-0ER10.5,,
ESR0030,,,0,0,,Est. 34.5 kV 3F En volado Doble retención,ESR-3VD,,
AOD0024,150,C,0,13,C,Proy. 240 V Ornamental Na 150 W en piso Autocont. pot. cte.,AOD-0IPS150AC,19.5,
EST0001,,,0,0,,Est. 13 kV 1F Centrada Pasante,EST-1CP,,
ECT0050,288,M,0,0,,Regulador de voltaje bobina fija 13kV 1F 288 kVA ctrl manual,ECT-1RM288,,
SSV0020,,,0,0,,"Secc. red subt. 22kV 2F con barraje desc., 4 vias,  200 A",SSV-2B4_200,,
APO0206,175,C,0,12,C,Lum. 240 V Hg 175 W en poste con red aerea Autocontrolada pot. cte. C,APD-0PLCM175AC,21,
ESN0024,,,0,0,,Est. 69 kV 3F Retención o terminal circuito simple con dos postes y aisladores tipo disco,ESN-1HR,,
ECV0067,1800,A,0,0,,Capacitor automático 22kV 3F 1800kVAR,ECV-3A1800,,
ESD0019,,,0,0,,Est. 240V 4 vías Vertical Pasante deriv. 4 vías Vertical Retención,ESD-4EP+4ER,,
SPT0100,,,0,0,,Secc. 13kV 3F con reconectador 1250A BIL 150,SPT-3R1250_150,,
TRT0277,1200,C,0,0,,Transformador 13 kV 3F conv. 1200 kVA  en poste,TRT-3C1200,,
PTO0011,,,0,0,,P. a Tierra en Red Secun. Desnuda Cond. Cu Cal. 4/0AWG 1Var.,PT0-0DC4/0_1,,
POO2613,,,0,0,,Poste Hormigón armado Rectangular de 15m carga de rotura 3000kg,PO0-0HR15_3000,,
COO0184,,,0,0,,Conductor Cu. Desnudo # 8 AWG,CO0-0G8,,
APO0351,150,D,100,13,S,Lum. 240 V Na150 W en fachada con red preen hilo piloto Dob.niv.pot. C,APD-0FLCS150PD,19.5,15
TRR0049,175,C,0,0,,Transformador 34.5 kV 3F Pedestal o Padmounted 175KVA,TRR-3P175,,
POO3201,,,0,0,,Poste Hormigón armado rectangular de 18m carga de rotura 350kg,PO0-0HR18_350,,
EST0022,,,0,0,,Est. 13 kV 3F Centrada Doble retención,EST-3CD,,
AOD0125,6,C,0,10,C,Proy. 240 V Ornamental Led 6 W en piso Hilo Piloto. pot. cte.,AOD-0IPL6PC,0.6,
APO0735,39,C,0,10,,Lum. 240 V Led 39 W en poste con red aerea Autocontrolada pot. cte. C,APD-0PLCL39AC,3.9,
SSD0002,,,0,0,,Secc. red subt. 220 V 2F con interruptor termomagnético 20 A,SSD-2N20,,
SDD0049,4.8,,,,,SGDA 220V 1F Fotovoltaica de 4.8kW,SDD-1F4.8,,
AOD0114,30,C,0,10,C,Lum. 240 V Ornamental Led 30 W en piso Autocont. pot. cte.,AOD-0ILL30AC,3,
MED0021,,,0,0,,Medidor 240V 3F4H - Especiales Electrónico. Energía A-D - 20 A_Forma 9A,MED-3D20_9A,,
SDD0100,15,,,,,SGDA 240V 1F Fotovoltaica de 15kW,SDD-1F15,,
TRT0326,25,C,0,0,,Transformador 13 kV 3F conv. 25 kVA en cámara,TRT-3O25,,
TAS0003,,,0,0,,Tensor Farol Doble en redes de dist. 6 kV,TAS-0FD,,
SST0003,,,0,0,,"Secc. red subt. 13kV 3F con conector tipo Codo,  200A",SST-3C200,,
TRR0110,200,C,0,0,,Banco de 2 transformadores 34.5 kV monofásicos 200 KVA en poste,TRR-3B200,,
ESR0121,,,0,0,,Est. 34.5 kV 3F Semi Centrada Doble Reten. deriv. 3F Semi Centrada Pasante,ESR-3SD+3SP,,
APO0708,100,C,0,10,,Lum. 240 V Led 100 W en poste con red aérea Autocontrolada pot. cte. C,APD-0PLCL100AC,10,
TRV0378,30,C,0,0,,Transformador 22 kV 1F conv. 30 kVA en cámara,TRV-1O30,,
SSV0004,,,0,0,,"Secc. red subt. 22kV 1F con conector tipo T,  600 A",SSV-1T600,,
APO0126,175,C,0,12,C,Lum. 240  V Hg 175 W en poste con red preen Autocontrolada pot. cte. A,APD-0OLAM175AC,21,
TRT0382,217,C,0,0,,Banco de 2 transformadores 13 kV monofásicos  217 kVA en poste,TRT-3B217,,
TRV0403,180,C,0,0,,Transformador 22 kV 3F conv. 180 kVA en poste,TRV-3C180,,
SPT0130,,,0,0,,Secc. 13kV 3F con seccionador de cuchilla 400A,SPT-3C400,,
APO1055,76,C,0,10,C,Lum. 240 V Led 76 W en poste con red aérea hilo piloto pot. cte. C,APD-0PLCL76PC,7.6,
APO1057,80,C,0,10,C,Lum. 240 V Led 80 W en poste con red aérea hilo piloto pot. cte. C,APD-0PLCL80PC,8,
APO1051,6.5,C,0,10,C,Lum. 240 V Led 6.5 W en poste con red aérea Autocontrolada pot. cte. C,APD-0PLCL6.5AC,0.65,
TRR0163,112.5,C,0,0,,Banco de 3 transformadores 34.5 kV monofásicos 112.5 KVA en cámara,TRR-3I112.5,,
TRV0388,280,C,0,0,,Transformador 22 kV 3F conv. 280 kVA en poste,TRV-3C280,,
COO0188,,,0,0,,"Conductor de Al  concentrico, aislado  600 V, Tipo XLPE  No.2X6+6 AWG",CO0-0X2x6(6),,
POO10005,,,0,0,,Poste Hormigón armado rectangular de 19m carga de rotura 600kg,PO0-0HR19_600,,
TRS0193,37.5,C,0,0,,"Transformador 6 kV 3F conv. 37,5 kVA en poste",TRS-3C37.5,,
TRT0260,7.5,A,0,0,,Transformador 13 kV 1F autoproteg. 7.5 kVA en poste,TRT-1A7.5,,
TRV0349,175,C,0,0,,Banco de 2 transformadores en paralelo 22 kV monofásicos 175 kVA en cámara,TRV-1V175,,
ESR0014,,,0,0,,Est. 34.5 kV 2F Centrada Doble retención,ESR-2CD,,
COO0191,,,0,0,,"Multiconductor de Cu, aislado  600 V, Tipo PVC  No.3X1/0 AWG, 19 hilo",CO0-0N3x1/0,,
SPS0082,,,0,0,,Secc. 6kV 3F con reconectador 560A BIL 95,SPS-3R560_95,,
APO0790,135,C,0,10,,Lum. 240 V Led 135 W en fachada con red subt Autocontrolada pot. cte. C,APD-0ALCL135AC,13.5,
SDD0179,12,,,,,SGDA 220V 2F Fotovoltaica de 12kW,SDD-2F12,,
ECS0026,100,E,0,0,,Regulador de voltaje bobina fija 6kV 3F 100 kVA ctrl electrónico,ECS-3RE100,,
SSD0023,,,0,0,,"Secc. red subt. 220 V 3F con tablero de distribución,  400A, 3 circuitos",SSD-3L400_3,,
TRT0095,65,C,0,0,,Banco de 2 transformadores 13 kV monofásicos 65 KVA en poste,TRT-3B65,,
TRV0364,50,C,0,0,,Transformador 22 kV 2F conv. 50 kVA en cámara,TRV-2O50,,
SPT0037,,,0,0,,Secc. 13kV 3F con seccionador de cuchilla   100A,SPT-3C100,,
EST0069,,,0,0,,Est. 13 kV 3F Semi Centrada Angular deriv. 3F Semi Centrada Retención,EST-3SA+3SR,,
SPT0008,,,0,0,,Secc. 13kV 1F con seccionador de cuchilla   600A,SPT-1C600,,
SPR0007,,,0,0,,Secc. 34.5kV 1F con seccionador de cuchilla   300A,SPR-1C300,,
ESV0121,,,0,0,,Est. 22 kV 3F Semi Centrada Doble Reten. deriv. 3F Semi Centrada Pasante,ESV-3SD+3SP,,
TRV0399,125,C,0,0,,Transformador 22 kV 1F conv. 125 kVA en poste,TRV-1C125,,
TRT0153,30,C,0,0,,Banco de 3 transformadores 13 kV monofásicos 30 KVA en cámara,TRT-3I30,,
EST0096,,,0,0,,Est. 13 kV 3F Bandera Doble Retención dos deriv.1F Centrada Retención,EST-3BD+1CR+1CR,,
TRR0221,80,C,0,0,,Transformador 34.5 kV 3F conv. 80 kVA en poste,TRR-3C80,,
TUS0011,200,C,0,0,,Transformador  6kV 3F conv. frente muerto 200 kVA,TUS-3M200,,
SSV0013,,,0,0,,"Secc. red subt. 22kV 1F con barraje desc., 3 vias,  600 A",SSV-1B3_600,,
ECV0054,600,C,0,0,,Capacitor fijo 22kV 3F 600kVAR,ECV-3C600,,
EST0019,,,0,0,,Est. 13 kV 3F Centrada Pasante,EST-3CP,,
POO4009,,,0,0,,Poste Hormigón armado Rectangular de 16.5 m carga de rotura 1000 kg,PO0-0HR16.5_1000,,
AOD0060,250,C,0,12,C,Proy. 240 V Ornamental MH 250 W en poste Autocont. pot. cte.,AOD-0PPH250AC,30,
SDD0221,8,,,,,SGDA 220V 3F Fotovoltaica de 8kW,SDD-3F8,,
ESN0003,,,0,0,,Est. 69 kV 3F Terminal sencilla con aisladores tipo disco,ESN-1BR,,
TRT0315,275,C,0,0,,Banco de 3 transformadores 13 kV monofásicos 275 kVA en poste,TRT-3N275,,
ESD0044,,,0,0,,Est. 240V 2 vías Centrada Retención,ESD-2CR,,
POO2104,,,0,0,,Poste Hormigón armado Circular de 13m carga de rotura 500kg,PO0-0HC13_500,,
TRR0450,330,C,0,0,,Transformador 34.5 kV 3F conv. 330 kVA en poste,TRR-3C330,,
ESR0098,,,0,0,,Est. 34.5 kV 3F Centrada Retención deriv. 3F Semi Centrada Retención,ESR-3CR+3SR,,
ECT0027,200,E,0,0,,Regulador de voltaje bobina fija 13kV 3F 200 kVA ctrl electrónico,ECT-3RE200,,
TRR0316,250,C,0,0,,Transformador 34.5 kV 1F conv. 250 kVA en cámara,TRR-1O250,,
COO0211,,,0,0,,Conductor Clase 35KV Cu 2/0 AWG,CO0-0R2/0,,
POO3212,,,0,0,,Poste Hormigón armado rectangular de 18m carga de rotura 2000kg,PO0-0HR18_2000,,
TAR0005,,,0,0,,Tensor Poste a poste Doble en redes de dist. 34.5 kV,TAR-0PD,,
ECS0019,200,E,0,0,,Regulador de voltaje bobina fija 6kV 1F 200 kVA ctrl electrónico,ECS-1RE200,,
TRS0121,315,C,0,0,,Transformador 6 kV 3F conv. 315 kVA en cámara,TRS-3O315,,
ESV0137,,,0,0,,Est. 22 kV 3F Semiaislado o Ecologico Pasante,ESV-3MP,,
POO1504,,,0,0,,Poste Hormigón armado Circular de 11.5m carga de rotura 500kg,PO0-0HC11.5_500,,
TRT0375,57.5,C,0,0,,"Banco de 2 transformadores en paralelo 13 kV monofásicos 57,5 kVA en poste",TRT-1B57.5,,
TUT0070,112.5,C,0,0,,Banco de 2 transformadores 13 kV 1F convenc. Frente muerto 112.5 kVA,TUT-3T112.5,,
TUT0032,60,C,0,0,,Transformador  13kV 3F sumerg.  60 kVA,TUT-3S60,,
SPT0046,,,0,0,,Secc. 13kV 3F con seccionador tripolar para  oper. con carga 200A,SPT-3A200,,
TAT0004,,,0,0,,Tensor Poste a poste  Simple en redes de dist. 13 kV,TAT-0PS,,
TRS0065,75,A,0,0,,Transformador 6 kV 2F autoproteg. 75 kVA en poste,TRS-2A75,,
POO0500,,,0,0,,Poste Madera Circular de 9m,PO0-0MC9,,
POO3515,,,0,0,,Poste Hormigón armado Circular de 21m carga de rotura 2400kg,PO0-0HC21_2400,,
ESV0139,,,0,0,,Est. 22 kV 3F Semiaislado o Ecologico Retención,ESV-3MR,,
ESD0024,,,0,0,,Est. 240V 5 vías Vertical Retención deriv. 2 vías Vertical Retención,ESD-5ER+ESC-2ER,,
SDD0305,220,,,,,SGDA 220V 3F Fotovoltaica de 220kW,SDD-3F220,,
COO0190,,,0,0,,"Multiconductor de Cu, aislado  600 V, Tipo PVC  No.3X8 AWG, 7 hilos",CO0-0N3x8,,
TUV0006,75,C,0,0,,Transformador  22kV 1F conv. frente muerto 75 kVA,TUV-1M75,,
SPS0085,,,0,0,,Secc. 6kV 3F con interruptor 600A BIL 75,SPS-3I600_75,,
SST0063,,,0,0,,"Secc. red subt. 13kV 3F con int.  redes subt, 4 vías, 900 A",SST-3I4_900,,
APO0907,220,C,0,10,,Lum. 240 V Led 220 W en poste con red subt Autocontrolada pot. cte. C,APD-0SLCL220AC,22,
AOD0100,400,C,0,12,C,Lum. 240 V Ornamental MH 400 W en poste Hilo Piloto. pot. cte.,AOD-0PLH400PC,48,
TRT0040,45,C,0,0,,Transformador 13 kV 3F Pedestal o Padmounted 45KVA,TRT-3P45,,
SDD0234,11,,,,,SGDA 220V 3F Fotovoltaica de 11kW,SDD-3F11,,
SPO0062,,,,0,,Secc. 1F con fusible 4H,SPO-1F4H,,
ESS0124,,,0,0,,Est. 6 kV 3F Semi Centrada Reten. deriv. 3F Semi Centrada Reten. deriv. 2F Centrada Reten.,ESS-3SR+3SR+2CR,,
SPT0070,,,0,0,,Secc. 13 kV 1F con interruptor 100A BIL 150,SPT-1I100_150,,
TRT0452,125,C,0,0,,Transformador 13 kV 1F conv. 125 kVA en cámara,TRT-1O125,,
ESV0007,,,0,0,,Est. 22 kV 1F En volado Retención,ESV-1VR,,
SPD0037,,,0,0,,Secc. 240V 3F con Interruptor Termomagnetico de 75 A,SPD-3M75,,
APO0901,236,C,0,10,,Lum. 240 V Led 236 W en poste con red subt hilo piloto pot. cte. C,APD-0SLCL236PC,23.6,
SPR0076,,,0,0,,Secc. 34.5 kV 1F con seccionador fus. unipolar cerrado 100A,SPR-1D100,,
SPR0072,,,0,0,,Secc. 34.5 kV 2F con seccionador fus. unipolar cerrado 100A,SPR-2D100,,
ECV0044,167,M,0,0,,Regulador de voltaje bobina fija 22kV 1F 167 kVA ctrl manual,ECV-1RM167,,
APO0319,250,D,150,12,S,Lum. 240 V Na250 W en poste con red aerea Autocontrolada Dob.niv.pot. C,APD-0PLCS250AD,30,19.5
AOC0001,54,C,0,16,C,Lum. 120 V Ornamental MH 54 W en Fachada Hilo Piloto pot. cte.,AOC-0FLH57PC,8.64,
AOD0003,125,C,0,13,C,Lum. 240 V Ornamental Hg 125 W en poste Autocont. pot. cte.,AOD-0PLM125AC,16.25,
AOD0047,150,C,0,13,C,Lum. 240 V Ornamental Na 150 W en poste Hilo Piloto. pot. cte.,AOD-0PLS150PC,19.5,
TUT0076,182,C,0,0,,Banco de 2 transformadores 13 kV 1F convenc. Frente muerto 182 kVA,TUT-3T182,,
ESD0004,,,0,0,,Est. 240V 4 vías Vertical  Pasante,ESD-4EP,,
TUV0038,200,C,0,0,,Transformador  22kV 3F sumerg. 200 kVA,TUV-3S200,,
APO0308,70,C,0,16,C,Lum. 240 V Na 70 W en poste con red aerea Autocontrolada pot. cte. C,APD-0PLCS70AC,11.2,
POO1614,,,0,0,,Poste Hormigón armado Circular de 12m carga de rotura 750kg,PO0-0HC12_750,,
TUT0028,15,C,0,0,,Transformador  13kV 3F sumerg. 15 kVA,TUT-3S15,,
AOD0122,10,C,0,10,C,Proy. 240 V Ornamental Led 10 W en piso Hilo Piloto. pot. cte.,AOD-0IPL10PC,1,
TUT0097,137.5,C,0,0,,Banco de 3 transformadores 13 kV 1F convenc. Frente muerto 137.5 kVA,TUT-3R137.5,,
SPS0023,,,0,0,,Secc. 6 kV 2F con interruptor 100A BIL 95,SPS-2I100_95,,
ESR0009,,,0,0,,Est. 34.5 kV 1F Bandera Angular,ESR-1BA,,
AOD0004,175,C,0,12,C,Lum. 240 V Ornamental Hg 175 W en poste Autocont. pot. cte.,AOD-0PLM175AC,21,
TRR0120,100,C,0,0,,Banco de 3 transformadores 34.5 kV monofásicos 100 KVA en poste,TRR-3N100,,
SPT0094,,,0,0,,Protección 13kV 3F con descargador 15kV,SPT-3P15,,
TRV0223,10,C,0,0,,Banco de 2 transformadores 22 kV monofásicos 10 kVA en poste,TRV-3B10,,
ESV0037,,,0,0,,Est. 22 kV 3F Bandera Retención,ESV-3BR,,
TRR0386,35,C,0,0,,Banco de 2 transformadores en paralelo 34.5 kV monofásicos 35 KVA en cámara,TRR-1V35,,
EST0139,,,0,0,,Est. 13 kV 3F Semiaislado o Ecologico Pasante,EST-3MP,,
SDU0323,750,,,,,SGDA 440V 3F Fotovoltaica de 750kW,SDU-3F750,,
SDD0250,24,,,,,SGDA 220V 3F Fotovoltaica de 24kW,SDD-3F24,,
TRS0285,280,C,0,0,,Transformador 6 kV 3F conv. 280 kVA en poste,TRS-3C280,,
SPV0066,,,0,0,,Secc. 22 kV 3F con interruptor 100A BIL 150,SPV-3I100_150,,
APO0632,250,C,0,12,,Lum. 240 V Na 250 W en poste con red aerea Autocontrolada pot. cte. A,APD-0PLAS250AC,30,
EST0135,,,0,0,,Est. 13 kV 2F Semiaislado o Ecologico Pasante,EST-2MP,,
TUT0049,150,C,0,0,,Transformador  13kV 3F seco  150 kVA,TUT-3D150,,
APO0363,100,C,0,15,,Lum. 240 V Na 100 W en fachada con red subt Autocontrolada pot. cte. C,APD-0ALCS100AC,15,
TUV0034,90,C,0,0,,Transformador  22kV 3F sumerg. 90 kVA,TUV-3S90,,
TAV0006,,,0,0,,Tensor a Tierra Simple en redes de dist. 22 kV,TAV-0TS,,
ESV0038,,,0,0,,Est. 22 kV 3F Bandera Doble retención,ESV-3BD,,
SPT0063,,,0,0,,Secc. 13kV 3F con interruptor 300A BIL 75,SPT-3I300_75,,
TRT0319,115,C,0,0,,Banco de 3 transformadores 13 kV monofásicos 115 kVA en poste,TRT-3N115,,
COO0029,,,0,0,,Conductor ACSR #6 AWG,CO0-0B6,,
SPS0116,,,0,0,,Secc. 6kV 3F con interruptor 400A BIL 150,SPS-3I400_150,,
TUT0067,87.5,C,0,0,,Banco de 2 transformadores 13 kV 1F convenc. Frente muerto 87.5 kVA,TUT-3T87.5,,
POO3208,,,0,0,,Poste Hormigón armado Rectangular de 18m carga de rotura 800kg,PO0-0HR18_800,,
TUT0121,550,C,0,0,,Banco de 3 transformadores 13 kV 1F convenc. Frente muerto 550 kVA,TUT-3R550,,
SPS0061,,,0,0,,Secc. 6 kV 3F con secc. trip. oper. con carga con disp. rompearco 600A,SPS-3N600,,
TRT0254,40,C,0,0,,Banco de 3 transformadores 13 kV monofasicos 40KVA en poste,TRT-3N40,,
TRV0140,87.5,C,0,0,,Banco de 3 transformadores 22 kV monofásicos 87.5 kVA en poste,TRV-3N87.5,,
ECS0071,400,A,0,0,,Capacitor automático 6kV 2F 400kVAR,ECS-2A400,,
TRS0046,320,C,0,0,,Transformador 6 kV 3F conv. 320 kVA en poste,TRS-3C320,,
APO0619,250,D,150,12,S,Lum. 240 V Na 250 W en poste con red preen Autocont. Dob.niv.pot C,APD-0OLCS250AD,30,19.5
TRR0207,250,C,0,0,,Transformador 34.5 kV 1F conv. 250 kVA en poste,TRR-1C250,,
TRS0003,10,C,0,0,,Transformador 6  kV  2F conv. 10 kVA en poste,TRS-2C10,,
SDD0266,44,,,,,SGDA 220V 3F Fotovoltaica de 44kW,SDD-3F44,,
SPR0069,,,0,0,,Protección 34.5kV 3F con descargador 30kV,SPR-3P30,,
SDD0025,3,,,,,SGDA 240V 1F Fotovoltaica de 3kW,SDD-1F3,,
COO0187,,,0,0,,Conductor THHN Cu #14 AWG,CO0-0Q14,,
POO4815,,,0,0,,Poste Hormigón armado Rectangular de 22m carga de rotura 2400kg,PO0-0HR22_2400,,
TRV0125,1050,C,0,0,,Transformador 22 kV 3F Pedestal o Padmounted 1050 kVA,TRV-3P1050,,
ECS0065,900,A,0,0,,Capacitor automático 6kV 3F 900kVAR,ECS-3A900,,
COO0292,,,0,0,,Conductor Al. Preesamblado 2x25 + Nx25 mm,CO0-0T2X25(25),,
ESR0071,,,0,0,,Est. 34.5 kV 3F Semi Centrada Retención deriv. 3F Semi Centrada Retención,ESR-3SR+3SR,,
POO2605,,,0,0,,Poste Hormigón armado rectangular de 15m carga de rotura 600kg,PO0-0HR15_600,,
SPS0098,,,0,0,,Secc. 6kV 3F con reconectador 1250A BIL 95,SPS-3R1250_95,,
TRV0213,192,C,0,0,,Transformador 22 kV 3F Pedestal o Padmounted 192 kVA,TRV-3P192,,
POO2611,,,0,0,,Poste Hormigón armado Rectangular de 15m carga de rotura 1500kg,PO0-0HR15_1500,,
TAV0011,,,0,0,,Tensor en V a tierra Doble en redes de dist. 22 kV,TAV-0VD,,
TRR0146,192,C,0,0,,Banco de 2 transformadores 34.5 kV monofásicos 192 KVA en cámara,TRR-3V192,,
POO3105,,,0,0,,Poste Hormigón armado rectangular de 14m carga de rotura 600kg,PO0-0HR14_600,,
TRR0425,35,C,0,0,,Transformador 34.5 kV 1F conv. 35 kVA en cámara,TRR-1O35,,
COO0201,,,0,0,,Conductor Al. Preesamblado 2x50 + Nx35 mm²,CO0-0T2X50(35),,
ECT0023,200,M,0,0,,Regulador de voltaje bobina fija 13kV 3F 200 kVA ctrl manual,ECT-3RM200,,
TRS0034,112.5,C,0,0,,Transformador 6  kV  3F conv. 112.5 kVA en poste,TRS-3C112.5,,
ECT0008,300,C,0,0,,Capacitor fijo 13kV 3F 300kVAR,ECT-3C300,,
SSS0074,,,0,0,,"Secc. red subt. 6kV 3F, Transición, inst. en cruceta semicentrada",SSS-3RS,,
ESD0035,,,0,0,,Est. 240V 1 via Preensamblado Pasante deriv. Retención con 3 conduct.,ESD-1PP3+1PR3,,
AOD0027,55,C,0,10,C,Lum. 240 V Ornamental Led 55 W en piso Autocont. pot. cte.,AOD-0ILL55AC,5.5,
ESV0025,,,0,0,,Est. 22 kV 3F Semicentrada Retención,ESV-3SR,,
SDD0107,18,,,,,SGDA 240V 1F Fotovoltaica de 18kW,SDD-1F18,,
COO0034,,,0,0,,Conductor ACSR #3/0 AWG,CO0-0B3/0,,
ESV0008,,,0,0,,Est. 22 kV 1F En volado Doble retención,ESV-1VD,,
TRV0194,100,C,0,0,,Banco de 2 transformadores 22 kV monofásicos 100 KVA en poste,TRV-3B100,,
EST0006,,,0,0,,Est. 13 kV 1F En volado Angular,EST-1VA,,
SPT0103,,,0,0,,Secc. 13kV 3F con reconectador 630A BIL 75,SPT-3R630_75,,
TUT0120,501,C,0,0,,Banco de 3 transformadores 13 kV 1F convenc. Frente muerto 501 kVA,TUT-3R501,,
ESR0029,,,0,0,,Est. 34.5 kV 3F En volado Retención,ESR-3VR,,
POO5900,,,0,0,,Poste Metálico Ornamental de 7m,PO0-0EO7,,
MEU0001,,,0,0,,Medidor 440V 3F4H - Espec. Electr.  Energía A-R-D-M - 20 A_ Forma 10A,MEU-3R20_10A,,
AOD0015,125,C,0,13,C,Lum. 240 V Ornamental Hg 125 W en Fachada Autocont. pot. cte.,AOD-0FLM125AC,16.25,
SST0007,,,0,0,,"Secc. red subt. 13kV 1F con conector codo Portaf.,  200 A",SST-1P200,,
SDD0197,23,,,,,SGDA 220V 2F Fotovoltaica de 23kW,SDD-2F23,,
TRR0441,80,C,0,0,,Banco de 3 transformadores 34.5 kV monofásicos 80 KVA en poste,TRR-3N80,,
SDD0174,10,,,,,SGDA 220V 2F Fotovoltaica de 10kW,SDD-2F10,,
TRV0023,90,C,0,0,,Transformador 22 kV 3F conv. 90 kVA en poste,TRV-3C90,,
SDD0146,5,,,,,SGDA 220V 2F Eólica de 5kW,SDD-2E5,,
APO0239,70,C,0,16,C,Lum. 240 V Hg 70 W en poste con red aerea Autocontrolada pot. cte. C,APD-0PLCM70AC,11.2,
TRT0467,280,C,0,0,,Transformador 13 kV 3F conv. 280 kVA en poste,TRT-3C280,,
APO0324,100,C,0,15,,Lum. 240 V Na 100 W en poste con red subt hilo piloto pot.  C,APD-0SLCS100PC,15,
TRR0426,35,C,0,0,,Transformador 34.5 kV 1F conv. 35 kVA en poste,TRR-1C35,,
SSS0019,,,0,0,,"Secc. red subt. 6kV 2F con barraje desc., 3 vias,  600 A",SSS-2B3_600,,
TRV0043,225,C,0,0,,Transformador 22 kV 3F Pedestal o Padmounted 225KVA,TRV-3P225,,
EST0028,,,0,0,,Est. 13 kV 3F En volado Angular,EST-3VA,,
TUV0050,200,C,0,0,,Transformador  22kV 3F  seco 200 kVA,TUV-3D200,,
POO9104,,,0,0,,Poste Hormigón armado Ornamental de 9m carga de rotura 500kg,PO0-0HO9_500,,
TRT0082,100,C,0,0,,Transformador 13 kV 3F conv. 100 kVA en cámara,TRT-3O100,,
COO0061,,,0,0,,Conductor antihurto SEU 2x4 Al + Nx6 Al AWG (Serie 8000),CO0-0X2x4(6),,
ESR0054,,,0,0,,Est. 34.5 kV 3F Centrada Retención deriv. 3F Centrada Retención,ESR-3CR+3CR,,
POO2800,,,0,0,,Poste Metálico Circular de 16m,PO0-0EC16,,
ESR0122,,,0,0,,Est. 34.5 kV 3F Semi Centrada Doble Reten. deriv. 3F Centrada Pasante,ESR-3SD+3CP,,
TUT0133,900,C,0,0,,Banco de 3 transformadores 13 kV 1F convenc. Frente muerto 900 kVA (300KVA-300KVA-300KVA),TUT-3R900,0,0
ECT0026,100,E,0,0,,Regulador de voltaje bobina fija 13kV 3F 100 kVA ctrl electrónico,ECT-3RE100,,
SPV0010,,,0,0,,Secc. 22kV 1F con seccionador de cuchilla con disp. rompearco 300A,SPV-1O300,,
MEC0016,,,0,0,,Medidor 120V 1F2H - Masivo Electrónico. Energía Activa - 45 A_ Forma 13A,MEC-1E45_13A,,
POO9110,,,0,0,,Poste Hormigón armado Ornamental de 9m carga de rotura 1200kg,PO0-0HO9_1200,,
EST0024,,,0,0,,Est. 13 kV 3F Semicentrada Angular,EST-3SA,,
SPR0086,,,0,0,,Secc. 34.5 kV 3F con reconectador 630A BIL 95,SPR-3R630_95,,
POO10812,,,0,0,,Poste Hormigón armado rectangular de 10m carga de rotura 2000kg,PO0-0HR10_2000,,
ECR0007,,,0,0,,Capacitor fijo 34.5kV 3F 200kVAR,ECR-3C200,,
AOD0023,150,C,0,13,C,Proy. 240 V Ornamental Hg 150 W en piso Autocont. pot. cte.,AOD-0IPM150AC,19.5,
SPT0051,,,0,0,,Secc. 13kV 3F con secc. trip. oper. con carga con disp. rompearco 300A,SPT-3N300,,
ESV0128,,,0,0,,Est. 22 kV 2F Dos Postes Doble retención,ESV-2HD,,
TUT0004,37.5,C,0,0,,Transformador  13kV 1F conv. frente muerto  37.5 kVA,TUT-1M37.5,,
COO0045,,,0,0,,Conductor Multiplex Al 2x6 AWG,CO0-0J2x6,,
COO0230,,,0,0,,CONDUCTOR ACAR #300 MCM,CO0-0S300,,
TRS0083,20,C,0,0,,Transformador 6 kV 3F conv. 20 kVA en poste,TRS-3C20,,
SDC0177,11.4,,,,,SGDA 127V 2F Fotovoltaica de 11.4kW,SDC-2F11.4,,
SPO0059,,,0,0,,Secc. 3F con conector ranuras paralelas 1/0 a 4/0 - 6 a 4/0 Al/Cu,SPO-3UB,,
COO0192,,,0,0,,"Multiconductor de Cu, aislado  600 V, Tipo PVC  No.4X4 AWG, 7 hilos",CO0-0N4x4,,
ESR0095,,,0,0,,Est. 34.5 kV 3F Bandera Retención dos deriv.1F Centrada Retención,ESR-3BR+1CR+1CR,,
TRT0052,250,C,0,0,,Transformador 13 kV 3F Pedestal o Padmounted 250KVA,TRT-3P250,,
TRR0022,75,C,0,0,,Transformador 34.5 kV 3F conv. 75 kVA en poste,TRR-3C75,,
SDD0005,1.5,,,,,SGDA 240V 1F Fotovoltaica de 1.5kW,SDD-1F1.5,,
ESR0019,,,0,0,,Est. 34.5 kV 3F Centrada Pasante,ESR-3CP,,
SST0056,,,0,0,,Secc. red subt. 13 kV 3F con fusible 30 A,SST-3F30,,
TRV0245,182,C,0,0,,Banco de 2 transformadores 22 kV monofásicos 182 kVA en poste,TRV-3B182,,
COO0111,,,0,0,,Conductor Clase 15kV Al 1000 MCM,CO0-0Z1000,,
APO0741,115,C,0,10,,Lum. 240 V Led 115 W en poste con red aerea Autocontrolada pot. cte. C,APD-0PLCL115AC,11.5,
COO0228,,,0,0,,"Multiconductor de Cu, aislado  600 V, Tipo PVC  No.3X14 AWG",CO0-0N3x14,,
SPV0057,,,0,0,,Secc. 22kV 1F con seccionador de cuchilla 600A,SPV-1C600,,
APO0404,1000,C,0,12,,Proy. 240 V Hg 1000 W en poste con red aerea hilo piloto pot. cte. C,APD-0PPCM1000PC,120,
TRT0243,300,C,0,0,,Transformador 13 kV 3F conv. 300 kVA en cámara,TRT-3O300,,
SDD0243,15,,,,,SGDA 220V 3F Fotovoltaica de 15kW,SDD-3F15,,
TRV0094,800,C,0,0,,Transformador 22 kV 3F conv. 800 kVA en cámara,TRV-3O800,,
SPV0114,,,0,0,,Secc. 22kV 2F con seccionador fus. unipolar ab. disp. rompearco 300A,SPV-2E300,,
TRT0170,162.5,C,0,0,,Banco de 3 transformadores 13 kV monofásicos 162.5 KVA en cámara,TRT-3I162.5,,
AOD0022,400,C,0,12,C,Proy. 240 V Ornamental MH 400 W en piso Autocont. pot. cte.,AOD-0IPH400AC,48,
TRR0265,20,A,0,0,,Transformador 34.5 kV 1F autoproteg. 20 kVA en poste,TRR-1A20,,
ECV0057,1800,C,0,0,,Capacitor fijo 22kV 3F 1800kVAR,ECV-3C1800,,
SPR0109,,,0,0,,Secc. 34.5 kV 3F con reconectador 400A BIL 75,SPR-3R400_75,,
EST0137,,,0,0,,Est. 13 kV 2F Semiaislado o Ecologico Retención,EST-2MR,,
TRV0401,225,C,0,0,,Transformador 22 kV 1F Pedestal o Padmounted 225KVA,TRV-1P225,,
TRT0232,250,C,0,0,,Transformador 13 kV 3F conv. 250 kVA en poste,TRT-3C250,,
TRT0118,75,C,0,0,,Banco de 3 transformadores 13 kV monofásicos 75 KVA en poste,TRT-3N75,,
POO6900,,,0,0,,Poste Metálico Circular de 7m,PO0-0EC7,,
COO0393,,,0,0,,Conductor TTU Al #400 MCM,CO0-0M400,,
TRT0066,2000,C,0,0,,Transformador 13 kV 3F Pedestal o Padmounted 2000KVA,TRT-3P2000,,
APO0747,115,C,0,10,,Lum. 120 V Led 115 W en poste con red aérea hilo piloto pot. cte. C,APC-0PLCL115PC,11.5,
COO0299,,,0,0,,Conductor TTU Cu #1000 MCM,CO0-0P1000,,
APO0771,500,D,400,10,S,Lum. 240 V Led 500 W en fachada con red subt Autocontrolada Dob.niv.pot. C,APD-0ALCL500AD,50,40
APO0750,135,C,0,10,,Lum. 240 V Led 135 W en poste con red aerea Autocontrolada pot. cte. C,APD-0PLCL135AC,13.5,
APO0530,1500,C,0,12,,Proy. 240 V Na 1500 W en fachada con red subt hilo piloto pot. cte. C,APD-0APCS1500PC,180,
EST0065,,,0,0,,Est. 13 kV 1F Centrada Retención dos deriv.1F Centrada Retención,EST-1CR+1CR+1CR,,
TUT0057,30,C,0,0,,Banco de 2 transformadores 13 kV 1F convenc. Frente muerto 30 kVA,TUT-3T30,,
TRT0469,275,C,0,0,,Transformador 13 kV 3F Pedestal o Padmounted 275 kVA,TRT-3P275,,
TRS0259,60,C,0,0,,Banco de 2 transformadores en paralelo 6 kV bifasicos 60 KVA en cámara,TRS-2V60,,
ECR0042,400,C,0,0,,Capacitor fijo 34.5kV 3F 400kVAR,ECR-3C400,,
POO4700,,,0,0,,Poste Madera Circular de 8m,PO0-0MC8,,
SPO0022,,,0,0,,Secc. 2F con fusible 5H,SPO-2F5H,,
SPO0010,,,0,0,,Secc. 1F con grapa deriv. en caliente 8 a 2/0 - 8 A 1/0 ACSR,SPO-1GA,,
ESS0066,,,0,0,,Est. 6 kV 3F Centrada Angular deriv. 2F Centrada Retención,ESS-3CA+2CR,,
EST0076,,,0,0,,Est. 13 kV 3F Bandera Angular deriv. 1F Centrada Retención,EST-3BA+1CR,,
APO0209,125,C,0,13,C,Lum. 240 V Hg 125 W en poste con red subt hilo piloto pot. cte. C,APD-0SLCM125PC,16.25,
COO0327,,,0,0,,Conductor Al. Preensamblado 3x70 + Nx50 mm² + HPx25 mm²,CO0-0T3X70(50)+25,,
SDD0125,1.08,,,,,SGDA 220V 2F Fotovoltaica de 1.08kW,SDD-2F1.08,,
SPS0049,,,0,0,,Secc. 6 kV 3F con seccionador de cuchilla   600A,SPS-3C600,,
TRT0504,145,C,0,0,,Transformador 13 kV 3F conv. 145 kVA en poste,TRT-3C145,0,0
COO0382,,,0,0,,Conductor TTU Al #8 AWG,CO0-0M8,,
ECR0020,300,E,0,0,,Regulador de voltaje bobina fija 34.5kV 1F 300 kVA ctrl electrónico,ECR-1RE300,,
TRS0095,350,C,0,0,,Transformador 6 kV 3F Pedestal o Padmounted 350 kVA,TRS-3P350,,
SSS0062,,,0,0,,"Secc. red subt. 6kV 3F con int.  redes subt, 4 vías, 600 A",SSS-3I4_600,,
EST0132,,,0,0,,Est. 13 kV 1F Semiaislado o Ecologico Angular,EST-1MA,,
ESV0115,,,0,0,,Est. 22 kV 3F Dos Postes Retención deriv. 3F Semi Centrada Retención,ESV-3HR+3SR,,
APO0105,175,C,0,12,C,Lum. 240 V Hg 175 W en poste con red aerea Autocontrolada pot. cte. A,APD-0PLAM175AC,21,
ESS0134,,,0,0,,Est. 6 kV 2F Semiaislado o Ecologico Angular,ESS-2MA,,
ECV0061,150,A,0,0,,Capacitor automático 22kV 3F 150kVAR,ECV-3A150,,
SPV0076,,,0,0,,Secc. 22kV 3F con reconectador 560A BIL 75,SPV-3R560_75,,
POO10300,,,0,0,,Poste Madera Circular de 5m,PO0-0MC5,,
TRS0109,90,C,0,0,,Transformador 6 kV 3F conv. 90 kVA en cámara,TRS-3O90,,
SSV0074,,,0,0,,"Secc. red subt. 22kV 3F, Transición, inst. en cruceta semicentrada",SSV-3RS,,
TRT0076,15,C,0,0,,Transformador 13 kV 3F conv. 15 kVA  en cámara,TRT-3O15,,
TRT0106,150,C,0,0,,Banco de 2 transformadores 13 kV monofásicos 150 KVA en poste,TRT-3B150,,
SPT0023,,,0,0,,Secc. 13kV 2F con seccionador fus. unipolar ab. disp. rompearco 100A,SPT-2E100,,
COO0407,,,0,0,,Conductor Al. Preensamblado 2x95 + Nx70 mm² + HPx25 mm²,CO0-0T2X95(70)+25,,
MED0036,,,0,0,,Medidor 240V 3F4H - Masivos Electrónico. Energía Activa - 60 A_Forma 16A,MED-3E60_16A,,
COO0324,,,0,0,,Conductor Al. Preensamblado 3x25 + Nx50 mm² + HPx25 mm²,CO0-0T3X25(50)+25,,
TRT0152,350,C,0,0,,Banco de 2 transformadores 13 kV monofásicos 350 KVA en cámara,TRT-3V350,,
SDD0181,12.8,,,,,SGDA 220V 2F Fotovoltaica de 12.8kW,SDD-2F12.8,,
TRR0180,317,C,0,0,,Banco de 3 transformadores 34.5 kV monofásicos 317 KVA en cámara,TRR-3I317,,
SDD0031,3.68,,,,,SGDA 220V 1F Fotovoltaica de 3.68kW,SDD-1F3.68,,
APO0913,145,C,0,10,,Lum. 240 V Led 145 W en poste con red aérea Autocontrolada pot. cte. C,APD-0PLCL145AC,14.5,
TRV0297,15,C,0,0,,Banco de 2 transformadores en paralelo 22 kV monofasicos 15KVA en poste,TRV-1B15,,
SDD0081,9.18,,,,,SGDA 240V 1F Fotovoltaica de 9.18kW,SDD-1F9.18,,
SPR0106,,,0,0,,Secc. 34.5 kV 3F con interruptor 800A BIL 95,SPR-3I800_95,,
POO9901,,,0,0,,Poste Hormigón armado rectangular de 10.5m carga de rotura 350kg,PO0-0HR10.5_350,,
TRR0300,200,C,0,0,,Transformador 34.5 kV 1F conv. 200 kVA en poste,TRR-1C200,,
APO0975,82,C,0,10,C,Lum. 240V Led 82 W en poste  con red aérea Autocontrolada pot. Cte. C,APD-0PLCL82AC,8.2,
POO1214,,,0,0,,Poste Plástico fibra de vidrio Circular de 11m carga de rotura 750kg,PO0-0PC11_750,,
SDD0246,18,,,,,SGDA 220V 3F Fotovoltaica de 18kW,SDD-3F18,,
TRR0354,30,C,0,0,,Banco de 2 transformadores en paralelo 34.5 kV monofásicos 30 KVA en poste,TRR-1B30,,
ECR0015,200,M,0,0,,Regulador de voltaje bobina fija 34.5kV 1F 200 kVA ctrl manual,ECR-1RM200,,
TAR0004,,,0,0,,Tensor Poste a poste  Simple en redes de dist. 34.5 kV,TAR-0PS,,
ECR0063,250,A,0,0,,Capacitor automático 34.5kV 3F 250kVAR,ECR-3A250,,
ESS0102,,,0,0,,Est. 6 kV 3F En Volado Retención deriv. 3F Semicentrada Retención,ESS-3VR+3SR,,
TUT0065,75,C,0,0,,Banco de 2 transformadores 13 kV 1F convenc. Frente muerto 75 kVA,TUT-3T75,,
AOD0121,27,C,0,10,C,Lum. 240 V Ornamental Led 27 W en piso Hilo Piloto. pot. cte.,AOD-0ILL27PC,2.7,
TRV0102,3,C,0,0,,Transformador 22 kV 2F conv. 3 kVA en poste,TRV-2C3,,
TRS0276,200,C,0,0,,Banco de 2 transformadores en paralelo 6 kV bifasicos 200 KVA en cámara,TRS-2V200,,
MED0034,,,0,0,,Medidor 240V 3F4H - Masivos Electromecánico. Energía Activa - 80 A_Forma 16A,MED-3L80_16A,,
ESV0108,,,0,0,,Est. 22 kV 3F Dos Postes Doble Retención deriv. 1F Centrada Pasante,ESV-3HD+1CP,,
TRS0280,334,C,0,0,,Banco de 2 transformadores en paralelo 6 kV bifasicos 334 KVA en cámara,TRS-2V334,,
ESN0006,,,0,0,,Est. 69 kV 3F Suspención sencilla de pequeño angulo con cruceta volada y aisladores tipo disco,ESN-1VS,,
TAS0011,,,0,0,,Tensor en V a tierra Doble en redes de dist. 6 kV,TAS-0VD,,
EU0006,,,0,0,,Est.red subt.  banco de ductos  config. 2x2  de 110 mm.  en acera,EU0-0B2x2B1,,
COO0013,,,0,0,,Conductor Cu Desnudo # 2  AWG,CO0-0G2,,
APO0970,45,C,0,10,C,Lum. 240V Led 45 W en poste  con red aérea Autocontrolada pot. Cte. C,APD-0PLCL45AC,4.5,
ECS0035,200,E,0,0,,Regulador de voltaje bobina múltiple 6kV 1F 200 kVA ctrl electrónico,ECS-1EE200,,
TUS0044,100,C,0,0,,Transformador  6kV 3F seco  100 kVA,TUS-3D100,,
TRR0343,5,C,0,0,,Transformador 34.5 kV 3F conv. 5 kVA en cámara,TRR-3O5,,
ECV0035,200,E,0,0,,Regulador de voltaje bobina múltiple 22kV 1F 200 kVA ctrl electrónico,ECV-1EE200,,
APO0625,250,C,0,12,,Lum. 240 V Na 250 W en poste con red preen hilo piloto pot. cte. C,APD-0OLCS250PC,30,
TRV0083,190,C,0,0,,Transformador 22 kV 3F conv. 190 kVA en cámara,TRV-3O190,,
EST0119,,,0,0,,Est. 13 kV 3F Centrada Pasante deriv. 3F Semi Centrada Retención,EST-3CP+3SR,,
TRR0424,30,A,0,0,,Transformador 34.5 kV 1F autoproteg. 30 kVA en poste,TRR-1A30,,
TAS0002,,,0,0,,Tensor Farol Simple en redes de dist. 6 kV,TAS-0FS,,
TRT0427,110,C,0,0,,Banco de 2 transformadores en paralelo 13 kV monofásicos 110 KVA en cámara,TRT-1V110,,
TRV0214,25,C,0,0,,Transformador 22 kV 3F Pedestal o Padmounted 25KVA,TRV-3P25,,
TRS0088,192,C,0,0,,Transformador 6 kV 3F conv. 192 kVA en poste,TRS-3C192,,
SDD0012,2.13,,,,,SGDA 240V 1F Fotovoltaica de 2.13kW,SDD-1F2.13,,
SPV0051,,,0,0,,Protección 22kV 1F con descargador 18kV,SPV-1P18,,
ECT0042,400,C,0,0,,Capacitor fijo 13 kV 3F 400kVAR,ECT-3C400,,
TRV0147,55,C,0,0,,Banco de 3 transformadores 22 kV monofásicos 55 kVA en cámara,TRV-3I55,,
TUT0096,125,C,0,0,,Banco de 3 transformadores 13 kV 1F convenc. Frente muerto 125 kVA,TUT-3R125,,
TRV0171,318,C,0,0,,Banco de 3 transformadores 22 kV monofásicos 318 kVA en cámara,TRV-3I318,,
AOD0118,100,C,0,10,C,Proy. 240 V Ornamental Led 100 W en piso Hilo Piloto. pot. cte.,AOD-0IPL100PC,10,
TRR0094,62.5,C,0,0,,Banco de 2 transformadores 34.5 kV monofásicos 62.5 KVA en poste,TRR-3B62.5,,
POO2501,,,0,0,,Poste Hormigón armado Circular de 15m carga de rotura 350kg,PO0-0HC15_350,,
COO0145,,,0,0,,Conductor TW Al # 300 MCM,CO0-0I300,,
SDD0119,56,,,,,SGDA 240V 1F Fotovoltaica de 56kW,SDD-1F56,,
TRR0385,30,C,0,0,,Banco de 2 transformadores en paralelo 34.5 kV monofásicos 30 KVA en cámara,TRR-1V30,,
COO0341,,,0,0,,Conductor Semiaislado o Ecológico Clase 15kV Al 556.5 MCM,CO0-0F556.5,,
TUT0011,50,C,0,0,,Transformador  13kV 1F sumerg. 50 kVA,TUT-1S50,,
TRR0445,330,C,0,0,,Transformador 34.5 kV 1F conv. 330 kVA en poste,TRR-1C330,,
SST0005,,,0,0,,"Secc. red subt. 13kV 2F con conector tipo T,  600A",SST-2T600,,
SST0018,,,0,0,,"Secc. red subt. 13kV 2F con barraje desc., 3 vias,  200 A",SST-2B3_200,,
SPT0113,,,0,0,,Secc. 13kV 3F con interruptor 800A BIL 150,SPT-3I800_150,,
SDD0207,5.75,,,,,SGDA 220V 3F Fotovoltaica de 5.75kW,SDD-3F5.75,,
TAR0001,,,0,0,,Tensor a Tierra Doble en redes de dist. 34.5 kV,TAR-0TD,,
SDD0247,19.8,,,,,SGDA 220V 3F Fotovoltaica de 19.8kW,SDD-3F19.8,,
ESD0023,,,0,0,,Est. 240V 5 vías Vertical Retención deriv. 5 vías Vertical Retención,ESD-5ER+5ER,,
TUV0012,75,C,0,0,,Transformador  22kV 1F sumerg. 75 kVA,TUV-1S75,,
APO0360,250,C,0,12,,Lum. 240 V Na 250 W en fachada con red subt hilo piloto pot. cte. C,APD-0ALCS250PC,30,
TRV0397,80,C,0,0,,Banco de 3 transformadores 22 kV monofásicos 80 kVA en cámara,TRV-3I80,,
TUS0045,150,C,0,0,,Transformador  6kV 3F seco  150 kVA,TUS-3D150,,
TRT0077,30,C,0,0,,Transformador 13 kV  3F conv. 30 kVA en cámara,TRT-3O30,,
TRT0103,115,C,0,0,,Banco de 2 transformadores 13 kV monofásicos 115 KVA en poste,TRT-3B115,,
SSV0032,,,0,0,,Secc. red subt. 22 kV 1F con fusible  12 A,SSV-1F12,,
TRT0475,80,C,0,0,,Banco de 3 transformadores 13 kV monofásicos 80 KVA en cámara,TRT-3I80,,
TRR0064,1200,C,0,0,,Transformador 34.5 kV 3F Pedestal o Padmounted 1200KVA,TRR-3P1200,,
SDD0087,10.08,,,,,SGDA 240V 1F Fotovoltaica de 10.08kW,SDD-1F10.08,,
SPV0043,,,0,0,,Secc. 22kV 3F con secc. trip. oper. con carga con disp. rompearco 100A,SPV-3N100,,
TRV0303,45,C,0,0,,Banco de 2 transformadores en paralelo 22 kV monofásicos 45 kVA en poste,TRV-1B45,,
TRT0413,30,C,0,0,,Banco de 2 transformadores en paralelo 13 kV monofásicos 30 KVA en cámara,TRT-1V30,,
APO0958,201,C,0,10,C,Lum. 127 V Led 201 W en poste con red aérea hilo piloto pot. cte. C,APC-0PLCL201PC,20.1,
APO0633,250,C,0,12,,Lum. 240 V Na 250 W en fachada con red subt Autocontrolada pot. cte. A,APD-0ALAS250AC,30,
POO1702,,,0,0,,Poste Plástico fibra de vidrio Circular de 12m carga de rotura 400kg,PO0-0PC12_400,,
APO0362,70,C,0,16,,Lum. 240 V Na 70 W en fachada con red subt Autocontrolada pot. cte. C,APD-0ALCS70AC,11.2,
POO4315,,,0,0,,Poste Hormigón armado Rectangular de 23 m carga de rotura 2400 kg,PO0-0HR23_2400,,
EST0141,,,0,0,,Est. 13 kV 3F Semiaislado o Ecologico Retención,EST-3MR,,
TRR0258,7.5,A,0,0,,Transformador 34.5 kV 1F autoproteg. 7.5 kVA en poste,TRR-1A7.5,,
APO0518,500,C,0,12,,Proy. 240 V Na 500 W en fachada con red subt Autocontrolado pot. cte. C,APD-0APCS500AC,60,
TRR0332,20,C,0,0,,Transformador 34.5 kV 3F conv. 20 kVA en cámara,TRR-3O20,,
ESR0045,,,0,0,,Est. 34.5 kV 1F Centrada Doble Retención deriv. 1F Centrada Retención,ESR-1CD+1CR,,
SDD0015,2.21,,,,,SGDA 240V 1F Fotovoltaica de 2.21kW,SDD-1F2.21,,
ESV0041,,,0,0,,Est. 22 kV 1F Centrada Pasante deriv. 1F Bandera Angular,ESV-1CP+1BA,,
APO0307,400,C,0,12,C,Lum. 240 V Na  400 W en poste con red aerea hilo piloto pot. cte. C,APD-0PLCS400PC,48,
SPS0090,,,0,0,,Secc. 6kV 3F con reconectador 630A BIL 95,SPS-3R630_95,,
COO0272,,,0,0,,Conductor ACSR #636 MCM,CO0-0B636,,
ECR0008,,,0,0,,Capacitor fijo 34.5kV 3F 300kVAR,ECR-3C300,,
ECV0026,100,E,0,0,,Regulador de voltaje bobina fija 22kV 3F 100 kVA ctrl electrónico,ECV-3RE100,,
ECS0030,100,M,0,0,,Regulador de voltaje bobina múltiple 6kV 1F 100 kVA ctrl manual,ECS-1EM100,,
SSS0016,,,0,0,,"Secc. red subt. 6kV 2F con barraje desc., 2 vias,  200 A",SSS-2B2_200,,
AOD0117,18,C,0,10,C,Lum. 240 V Ornamental Led 18 W en piso Hilo Piloto. pot. cte.,AOD-0ILL18PC,1.8,
POO9301,,,0,0,,Poste Hormigón armado Ornamental de 11m carga de rotura 350kg,PO0-0HO11_350,,
TUT0046,50,C,0,0,,Transformador  13kV 3F seco 50 kVA,TUT-3D50,,
APO0769,500,D,400,10,S,Lum. 240 V Led 500 W en poste con red subt Autocontrolada Dob.niv.pot. C,APD-0SLCL500AD,50,40
TUT0078,200,C,0,0,,Banco de 2 transformadores 13 kV 1F convenc. Frente muerto  200 kVA,TUT-3T200,,
TRV0143,30,C,0,0,,Banco de 3 transformadores 22 kV monofásicos 30 kVA en cámara,TRV-3I30,,
SPD0032,,,0,0,,Secc. 240V 2F con fusible NH 355 A,SPD-2L355,,
EST0115,,,0,0,,Est. 13 kV 3F Dos Postes Retención deriv. 3F Semi Centrada Retención,EST-3HR+3SR,,
SPT0114,,,0,0,,Secc. 13kV 3F con reconectador 400A BIL 75,SPT-3R400_75,,
ECR0003,,,0,0,,Capacitor fijo 34.5kV 1F 200kVAR,ECR-1C200,,
APO0722,114,C,0,10,,Lum. 240 V Led 114 W en poste con red aérea hilo piloto pot. cte. C,APD-0PLCL114PC,11.4,
TRR0132,65,C,0,0,,Banco de 2 transformadores 34.5 kV monofásicos 65 KVA en cámara,TRR-3V65,,
TRV0112,400,C,0,0,,Transformador 22 kV 3F conv. 400 kVA en poste,TRV-3C400,,
SDS0277,67,,,,,"SGDA 6,3kV 3F Fotovoltaica de 67kW",SDS-3F67,,
TRV0160,162.5,C,0,0,,Banco de 3 transformadores 22 kV monofásicos 162.5 kVA en cámara,TRV-3I162.5,,
TRV0115,45,C,0,0,,Transformador 22 kV 3F Pedestal o Padmounted 45 kVA,TRV-3P45,,
TRV0327,20,C,0,0,,Banco de 2 transformadores en paralelo 22 kV monofásicos 20 kVA en cámara,TRV-1V20,,
TRR0347,8,C,0,0,,Banco de 2 transformadores en paralelo 34.5 kV monofasicos 8KVA en poste,TRR-1B8,,
TUS0029,400,C,0,0,,Transformador  6kV 3F sumerg. 400 kVA,TUS-3S400,,
TRT0086,25,C,0,0,,Banco de 2 transformadores 13 kV monofásicos 25 KVA en poste,TRT-3B25,,
TRT0482,950,C,0,0,,Transformador 13 kV 3F Pedestal o Padmounted 950KVA,TRT-3P950,,
ECS0010,300,A,0,0,,Capacitor automático 6kV 2F 300kVAR,ECS-2A300,,
SPT0016,,,0,0,,Secc. 13kV 1F con interruptor 200A BIL 125,SPT-1I200_125,,
TUV0014,30,C,0,0,,Transformador  22kV 3F conv. frente muerto 30 kVA,TUV-3M30,,
COO0389,,,0,0,,Conductor TTU Al #4/0 AWG,CO0-0M4/0,,
TRV0390,275,C,0,0,,Transformador 22 kV 3F Pedestal o Padmounted 275 kVA,TRV-3P275,,
APO0348,150,C,0,13,,Lum. 240 V Na 150 W en fachada con red preen Autocontrolada pot. cte. C,APD-0FLCS150AC,19.5,
APO0622,70,C,0,16,,Lum. 240 V Na 70 W en poste con red preen hilo piloto pot. cte. C,APD-0OLCS70PC,11.2,
TRV0134,45,C,0,0,,Banco de 3 transformadores 22 kV monofásicos 45 kVA en poste,TRV-3N45,,
SDD0034,3.8,,,,,SGDA 220V 1F Fotovoltaica de 3.8kW,SDD-1F3.8,,
TRS0110,112,C,0,0,,Transformador 6 kV 3F conv. 112 kVA en cámara,TRS-3O112,,
SSS0006,,,0,0,,"Secc. red subt. 6kV 3F con conector tipo T,  600 A",SSS-3T600,,
ECS0005,50,C,0,0,,Capacitor fijo 6kV 3F 50kVAR,ECS-3C50,,
SPV0021,,,0,0,,Secc. 22kV 2F con seccionador de cuchilla 100A,SPV-2C100,,
POO3722,,,0,0,,Poste Hormigón armado Circular de 18m carga de rotura 1600kg,PO0-0HC18_1600,,
TRS0221,25,C,0,0,,Banco de 2 transformadores en paralelo 6 kV bifasicos 25 KVA en poste,TRS-2B25,,
EST0044,,,0,0,,Est. 13 kV 1F Centrada Retención deriv. 1F Centrada Retención,EST-1CR+1CR,,
TRS0127,750,C,0,0,,Transformador 6 kV 3F conv. 750 kVA en cámara,TRS-3O750,,
COO0049,,,0,0,,Conductor Multiplex Al 3x6 AWG,CO0-0J3x6,,
TUT0002,15,C,0,0,,Transformador  13kV 1F conv. frente muerto 15 kVA,TUT-1M15,,
APO0225,125,C,0,13,C,Lum. 240 V Hg 125 W en fachada con red subt hilo piloto pot. cte. C,APD-0ALCM125PC,16.25,
TRT0004,15,C,0,0,,Transformador 13 kV 1F conv. 15 kVA en poste,TRT-1C15,,
ESV0011,,,0,0,,Est. 22 kV 2F Centrada Pasante,ESV-2CP,,
TRV0261,85,C,0,0,,Banco de 2 transformadores 22 kV monofásicos 85 kVA en cámara,TRV-3V85,,
TUT0022,150,C,0,0,,Transformador  13kV 3F conv. frente muerto 150 kVA,TUT-3M150,,
ECR0072,400,A,0,0,,Capacitor automático 34.5kV 1F 400kVAR,ECR-1A400,,
COO0019,,,0,0,,Conductor AAAC 5005 #2 AWG,CO0-0C2,,
COO0374,,,0,0,,Conductor Multiplex Al 3x4/0 AWG,CO0-0J3x4/0,,
TRT0139,112.5,C,0,0,,Banco de 2 transformadores 13 kV monofásicos 112.5 KVA en cámara,TRT-3V112.5,,
TRR0030,50,C,0,0,,Transformador 34.5 kV 1F Pedestal o Padmounted 50KVA,TRR-1P50,,
TRT0355,25,C,0,0,,Banco de 2 transformadores en paralelo 13 kV monofásicos 25 KVA en poste,TRT-1B25,,
TRV0365,75,C,0,0,,Transformador 22 kV 2F conv. 75 kVA en cámara,TRV-2O75,,
SPO0066,,,,0,,Secc. 2F con fusible 7K,SPO-2F7K,,
ECR0069,50,A,0,0,,Capacitor automático 34.5kV 1F 50kVAR,ECR-1A50,,
TRS0211,5,C,0,0,,Transformador 6 kV 3F Pedestal o Padmounted 5 kVA,TRS-3P5,,
ECS0007,200,C,0,0,,Capacitor fijo 6kV 3F 200kVAR,ECS-3C200,,
TRT0241,225,C,0,0,,Transformador 13 kV 3F conv. 225 kVA en cámara,TRT-3O225,,
SPT0068,,,0,0,,Protección 13kV 2F con descargador 10kV,SPT-2P10,,
ESS0110,,,0,0,,Est. 6 kV 3F Dos Postes Retención dos deriv. 2F Centrada Retención,ESS-3HR+2CR+2CR,,
SPV0102,,,0,0,,Secc. 22kV 3F con reconectador 800A BIL 125,SPV-3R800_125,,
SPR0022,,,0,0,,Secc. 34.5kV 2F con seccionador fus. unipolar ab. 200A,SPR-2S200,,
TRV0258,62.5,C,0,0,,Banco de 2 transformadores 22 kV monofásicos 62.5 kVA en cámara,TRV-3V62.5,,
SSV0038,,,0,0,,Secc. red subt. 22 kV 2F con fusible 3 A,SSV-2F3,,
SPT0064,,,0,0,,Secc. 13kV 3F con interruptor 300A BIL 95,SPT-3I300_95,,
COO0148,,,0,0,,Conductor THHN Cu #10 AWG,CO0-0Q10,,
POO4220,,,0,0,,Poste Hormigón armado Rectangular de 21m carga de rotura 16000kg,PO0-0HR21_16000,,
COO0126,,,0,0,,Conductor Clase 25kV Al 4/0 AWG,CO0-0E4/0,,
ESR0091,,,0,0,,Est. 34.5 kV 3F Centrada Angular dos deriv.1F Centrada Retención,ESR-3CA+1CR+1CR,,
TRT0097,85,C,0,0,,Banco de 2 transformadores 13 kV monofásicos 85 KVA en poste,TRT-3B85,,
SDD0007,1.62,,,,,SGDA 240V 1F Fotovoltaica de 1.62kW,SDD-1F1.62,,
TRR0027,15,C,0,0,,Transformador 34.5 kV 1F Pedestal o Padmounted 15KVA,TRR-1P15,,
TRR0327,25,C,0,0,,Transformador 34.5 kV 2F conv. 25 kVA en cámara,TRR-2O25,,
SPR0090,,,0,0,,Secc. 34.5 kV 3F con interruptor 630A BIL 95,SPR-3I630_95,,
TRT0268,20,C,0,0,,Transformador 13 kV 1F conv.  20 kVA en poste,TRT-1C20,,
COO0351,,,0,0,,Conductor Semiaislado o Ecológico Clase 25kV Al 336.4 MCM,CO0-0H336.4,,
TRR0191,550,C,0,0,,Banco de 3 transformadores 34.5 kV monofásicos 550 KVA en cámara,TRR-3I550,,
TRS0033,30,C,0,0,,Transformador 6 kV 2F conv. 30 kVA en poste,TRS-2C30,,
TRT0214,3,C,0,0,,Transformador 13 kV 2F conv. 3 kVA en poste,TRT-2C3,,
COO0336,,,0,0,,Conductor Semiaislado o Ecológico Clase 15kV Al 4/0 AWG,CO0-0F4/0,,
PTO0006,,,0,0,,P. a Tierra en Acometida Cond. de Cu Cal. 2AWG 4Var.,PT0-0AC2_4,,
SST0012,,,0,0,,"Secc. red subt. 13kV 1F con barraje desc., 3 vias,  200 A",SST-1B3_200,,
APO0519,500,C,0,12,,Proy. 240 V Na 500 W en fachada con red subt hilo piloto pot. cte. C,APD-0APCS500PC,60,
TRS0067,15,C,0,0,,Transformador 6 kV 2F Pedestal o Padmounted 15 kVA,TRS-2P15,,
SPR0061,,,0,0,,Secc. 34.5kV 3F con reconectador 600A BIL 95,SPR-3R600_95,,
EST0129,,,0,0,,Est. 13 kV 3F Neutro Alineado en Cruceta Centrada Doble retención,EST-3ND,,
SST0034,,,0,0,,Secc. red subt. 13 kV 1F con fusible 20 A,SST-1F20,,
EST0133,,,0,0,,Est. 13 kV 1F Semiaislado o Ecologico Retención,EST-1MR,,
SDV0276,67,,,,,SGDA 22kV 3F Fotovoltaica de 67kW,SDV-3F67,,
SPO0049,,,0,0,,Secc. 3F con fusible 100K,SPO-3F100K,,
SSV0009,,,0,0,,"Secc. red subt. 22kV 3F con conector codo Portaf.,  200 A",SSV-3P200,,
COO0200,,,0,0,,Conductor Al. Preesamblado 2x35 + Nx25 mm²,CO0-0T2X35(25),,
AOD0065,38,C,0,16,C,Proy. 240 V Ornamental Hg 38 W en poste Autocont. pot. cte.,AOD-0PPM38AC,6.08,
SPT0084,,,0,0,,Secc. 13kV 3F con reconectador 560A BIL 75,SPT-3R560_75,,
SPT0048,,,0,0,,Secc. 13kV 3F con seccionador tripolar para  oper. con carga 600A,SPT-3A600,,
TRV0329,30,C,0,0,,Banco de 2 transformadores en paralelo 22 kV monofásicos 30 kVA en cámara,TRV-1V30,,
SDD0216,7.29,,,,,SGDA 220V 3F Fotovoltaica de 7.29kW,SDD-3F7.29,,
TRV0362,25,C,0,0,,Transformador 22 kV 2F conv. 25 kVA en cámara,TRV-2O25,,
TRT0021,60,C,0,0,,Transformador 13 kV 3F conv. 60 kVA en poste,TRT-3C60,,
SSS0050,,,0,0,,Secc. red subt. 6 kV 3F con fusible 8 A,SSS-3F8,,
SPS0101,,,0,0,,Secc. 6kV 3F con interruptor 1250A BIL 75,SPS-3I1250_75,,
TRV0044,250,C,0,0,,Transformador 22 kV 3F Pedestal o Padmounted 250KVA,TRV-3P250,,
SSV0060,,,0,0,,"Secc. red subt. 22kV 3F con descarg. premold., MCOV 15,3kV",SSV-3D15,,
ESV0009,,,0,0,,Est. 22 kV 1F Bandera Angular,ESV-1BA,,
TRT0285,42.5,C,0,0,,Banco de 2 transformadores 13 kV monofasicos 42.5KVA en poste,TRT-3B42.5,,
TRS0195,25,C,0,0,,Transformador 6 kV 3F conv. 25 kVA en cámara,TRS-3O25,,
ECR0039,200,E,0,0,,Regulador de voltaje bobina múltiple 34.5kV 3F 200 kVA ctrl electrónico,ECR-3EE200,,
SDD0139,3.6,,,,,SGDA 220V 2F Fotovoltaica de 3.6kW,SDD-2F3.6,,
TRV0108,50,C,0,0,,Transformador 22 kV 2F conv. 50 kVA en poste,TRV-2C50,,
TRT0310,60,C,0,0,,Banco de 3 transformadores 13 kV monofásicos 60 kVA en poste,TRT-3N60,,
TRT0264,167,C,0,0,,Transformador 13 kV 1F conv. 167 kVA en cámara,TRT-1O167,,
COO0271,,,0,0,,Conductor ACSR #397 MCM,CO0-0B397,,
APO0435,250,C,0,12,,Proy. 240 V Hg 250 W en poste con red aerea Autocontrolado pot. cte. C,APD-0PPCM250AC,30,
AOD0092,800,C,0,12,C,Proy. 240 V Ornamental MH 800 W en poste Hilo Piloto. pot. cte.,AOD-0PPH800PC,96,
TRR0157,55,C,0,0,,Banco de 3 transformadores 34.5 kV monofásicos 55 KVA en cámara,TRR-3I55,,
TRV0280,9,C,0,0,,Banco de 3 transformadores 22 kV monofásicos 9 kVA en poste,TRV-3N9,,
ECR0004,,,0,0,,Capacitor fijo 34.5kV 1F 300kVAR,ECR-1C300,,
SDD0256,29,,,,,SGDA 220V 3F Fotovoltaica de 29kW,SDD-3F29,,
TRV0033,100,C,0,0,,Transformador 22 kV 1F Pedestal o Padmounted 100KVA,TRV-1P100,,
TRR0046,125,C,0,0,,Transformador 34.5 kV 3F Pedestal o Padmounted 125KVA,TRR-3P125,,
APO0340,400,D,250,12,S,Lum. 240 V Na400 W en poste con red subt Autocontrolada Dob.niv.pot. C,APD-0SLCS400AD,48,30
TRV0062,75,C,0,0,,Transformador 22 kV 3F conv. 75 kVA en cámara,TRV-3O75,,
ESS0056,,,0,0,,Est. 6 kV 3F Centrada Retención deriv. 2F Centrada Retención,ESS-3CR+2CR,,
POO3509,,,0,0,,Poste Hormigón armado Circular de 21m carga de rotura 1000kg,PO0-0HC21_1000,,
TRT0291,90,C,0,0,,Banco de 3 transformadores 13 kV monofásicos 90 KVA en poste,TRT-3N90,,
SST0022,,,0,0,,"Secc. red subt. 13kV 3F con barraje desc., 2 vias,  200 A",SST-3B2_200,,
APO0947,240,C,0,10,,Lum. 240 V Led 240 W en poste con red aérea hilo piloto pot. cte. C,APD-0PLCL240PC,24,
TRT0394,15,A,0,0,,Transformador 13 kV 3F autoproteg. 15 kVA en poste,TRT-3A15,,
SDD0169,8.9,,,,,SGDA 220V 2F Fotovoltaica de 8.9kW,SDD-2F8.9,,
ESV0060,,,0,0,,Est. 22 kV 3F Centrada Retención deriv. 1F Centrada Retención,ESV-3CR+1CR,,
SPR0026,,,0,0,,Secc. 34.5kV 2F con seccionador de cuchilla   200A,SPR-2C200,,
TRR0130,60,C,0,0,,Banco de 2 transformadores 34.5 kV monofásicos 60 KVA en cámara,TRR-3V60,,
APO0104,125,C,0,13,C,Lum. 240 V Hg 125 W en poste con red aerea Autocontrolada pot. cte. A,APD-0PLAM125AC,16.25,
SPR0057,,,0,0,,Secc. 34.5kV 3F con interruptor 200A BIL 125,SPR-3I200_125,,
AOD0033,40,C,0,10,C,Proy. 240 V Ornamental Led 40 W en piso Autocont. pot. cte.,AOD-0IPL40AC,4,
TRV0071,192,C,0,0,,Transformador 22kV 3F conv. 192 kVA en poste,TRV-3C192,,
ESR0120,,,0,0,,Est. 34.5 kV 3F Semi Centrada Retención deriv. 1F Centrada Pasante,ESR-3SR+1CP,,
TRS0078,1600,C,0,0,,Transformador 6 kV 3F conv. 1600 kVA  en cámara,TRS-3O1600,,
APO0922,106,C,0,10,,Lum. 240 V Led 106 W en poste con red aérea Autocontrolada pot. cte. C,APD-0PLCL106AC,10.6,
APO0372,400,D,250,12,S,Lum. 240 V Na 400 W en fachada con red subt Autocont. Dob.niv.pot. C,APD-0ALCS400AD,48,30
TRV0344,112.5,C,0,0,,Banco de 2 transformadores en paralelo 22 kV monofásicos 112.5 kVA en cámara,TRV-1V112.5,,
POO8301,,,0,0,,Poste Hormigón armado Circular de 10.5m carga de rotura 350kg,PO0-0HC10.5_350,,
TRT0278,25,C,0,0,,Transformador 13 kV 3F Pedestal o Padmounted 25KVA,TRT-3P25,,
TRR0399,110,C,0,0,,Banco de 2 transformadores en paralelo 34.5 kV monofásicos 110 KVA en cámara,TRR-1V110,,
MEC0001,,,0,0,,Medidor 120V 1F2H - Masivo Electr. Energía Activa - 100 A_ Forma 1A,MEC-1E100_1A,,
SPS0109,,,0,0,,Secc. 6kV 3F con interruptor 800A BIL 75,SPS-3I800_75,,
SPS0093,,,0,0,,Secc. 6kV 3F con interruptor 630A BIL 75,SPS-3I630_75,,
APO0507,150,C,0,13,,Proy. 240 V Na 150 W en poste con red subt Autocontrolado pot. cte. C,APD-0SPCS150AC,19.5,
TRR0432,280,C,0,0,,Transformador 34.5 kV 3F conv. 280 kVA en poste,TRR-3C280,,
POO3701,,,0,0,,Poste Hormigón armado Circular de 18m carga de rotura 350kg,PO0-0HC18_350,,
TRV0255,50,C,0,0,,Banco de 2 transformadores 22 kV monofásicos 50 kVA en cámara,TRV-3V50,,
APO0119,125,C,0,13,C,Lum. 240 V Hg 125 W en fachada con red subt hilo piloto pot. cte. A,APD-0ALAM125PC,16.25,
TRT0389,90,C,0,0,,Banco de 2 transformadores en paralelo 13 kV monofásicos 90 KVA en poste,TRT-1B90,,
TRR0449,320,C,0,0,,Transformador 34.5 kV 3F conv. 320 kVA en poste,TRR-3C320,,
COO0110,,,0,0,,Conductor Clase 15kV Al 750 MCM,CO0-0Z750,,
COO0168,,,0,0,,Conductor Concéntrico Cu 3x10,CO0-0W3x10,,
SPR0079,,,0,0,,Secc. 34.5 kV 3F con reconectador 560A BIL 125,SPR-3R560_125,,
COO0288,,,0,0,,Multiconductor Cu 4X10,CO0-0N4X10,,
EST0034,,,0,0,,Est. 13 kV 3F Tres Postes Retención,EST-3TR,,
TRR0373,112.5,C,0,0,,Banco de 2 transformadores en paralelo 34.5 kV monofásicos 112.5 KVA en poste,TRR-1B112.5,,
TRV0348,150,C,0,0,,Banco de 2 transformadores en paralelo 22 kV monofásicos 150 kVA en cámara,TRV-1V150,,
TRV0309,62.5,C,0,0,,Banco de 2 transformadores en paralelo 22 kV monofásicos 62.5 kVA en poste,TRV-1B62.5,,
ECR0036,300,E,0,0,,Regulador de voltaje bobina múltiple 34.5kV 1F 300 kVA ctrl electrónico,ECR-1EE300,,
TUT0003,25,C,0,0,,Transformador  13kV 1F conv. frente muerto  25 kVA,TUT-1M25,,
SPO0064,,,,0,,Secc. 3F con fusible 4H,SPO-3F4H,,
TRV0368,100,C,0,0,,Transformador 22 kV 1F conv. 100 kVA en cámara,TRV-1O100,,
TRR0158,65,C,0,0,,Banco de 3 transformadores 34.5 kV monofásicos 65 KVA en cámara,TRR-3I65,,
ESR0067,,,0,0,,Est. 34.5 kV 3F Centrada Doble Retención deriv. 1F Centrada Retención,ESR-3CD+1CR,,
TRT0462,35,C,0,0,,Transformador 13 kV 1F conv. 35 kVA en poste,TRT-1C35,,
TRR0229,200,C,0,0,,Transformador 34.5 kV 3F conv. 200 kVA en poste,TRR-3C200,,
SPS0041,,,0,0,,Secc. 6 kV 2F con seccionador de cuchilla   con disp. rompearco 200A,SPS-2O200,,
EST0021,,,0,0,,Est. 13 kV 3F Centrada Retención,EST-3CR,,
TRR0358,45,C,0,0,,Banco de 2 transformadores en paralelo 34.5 kV monofásicos 45 kVA en poste,TRR-1B45,,
POO2209,,,0,0,,Poste Hormigón armado Circular de 13.5m carga de rotura 1000kg,PO0-0HC13.5_1000,,
TRR0185,400,C,0,0,,Banco de 3 transformadores 34.5 kV monofásicos 400 KVA en cámara,TRR-3I400,,
TRS0242,115,C,0,0,,Banco de 2 transformadores en paralelo 6 kV bifasicos 115 KVA en poste,TRS-2B115,,
POO7700,,,0,0,,Poste Metálico Rectangular de 7m,PO0-0ER7,,
POO2618,,,0,0,,Poste Hormigón armado Rectangular de 15m carga de rotura 5000kg,PO0-0HR15_5000,,
EST0138,,,0,0,,Est. 13 kV 2F Semiaislado o Ecologico Doble retención,EST-2MD,,
COO0128,,,0,0,,Conductor Clase 25kV Al 750 MCM,CO0-0E750,,
TRV0396,1250,C,0,0,,Transformador 22 kV 3F Pedestal o Padmounted 1250KVA,TRV-3P1250,,
TRT0363,42.5,C,0,0,,Banco de 2 transformadores en paralelo 13 kV monofasicos 42.5KVA en poste,TRT-1B42.5,,
TRT0422,75,C,0,0,,Banco de 2 transformadores en paralelo 13 kV monofásicos 75 KVA en cámara,TRT-1V75,,
TRV0307,57.5,C,0,0,,Banco de 2 transformadores en paralelo 22 kV monofásicos 57.5 kVA en poste,TRV-1B57.5,,
TRS0212,315,C,0,0,,Transformador 6 kV 3F Pedestal o Padmounted 315 kVA,TRS-3P315,,
SPD0025,,,0,0,,Secc. 240V 3F con fusible NH 250 A,SPD-3L250,,
COO0363,,,0,0,,Conductor Semiaislado o Ecológico Clase 35kV Al 266.8 MCM,CO0-0K266.8,,
ECV0017,50,E,0,0,,Regulador de voltaje bobina fija 22kV 1F 50 kVA ctrl electrónico,ECV-1RE50,,
SPD0009,,,0,0,,Secc. 240V 2F con fusible NH 125 A,SPD-2L125,,
TRR0029,37.5,C,0,0,,Transformador 34.5 kV 1F Pedestal o Padmounted 37.5KVA,TRR-1P37.5,,
APO0784,212,C,0,10,,Lum. 240 V Led 212 W en poste con red subt Autocontrolada pot. cte. C,APD-0SLCL212AC,21.2,
SDD0161,7.3,,,,,SGDA 220V 2F Fotovoltaica de 7.3kW,SDD-2F7.3,,
SDD0043,4.32,,,,,SGDA 240V 1F Fotovoltaica de 4.32kW,SDD-1F4.32,,
APO0502,250,C,0,12,,Proy. 240 V Na 250 W en poste con red aerea hilo piloto pot. cte. C,APD-0PPCS250PC,30,
SDD0072,8.04,,,,,SGDA 240V 1F Fotovoltaica de 8.04kW,SDD-1F8.04,,
SPD0035,,,0,0,,Secc. 240V 3F con Interruptor Termomagnetico de 50 A,SPD-3M50,,
TRT0349,15,C,0,0,,Banco de 2 transformadores en paralelo 13 kV monofasicos 15KVA en poste,TRT-1B15,,
TRT0425,90,C,0,0,,Banco de 2 transformadores en paralelo 13 kV monofásicos 90 KVA en cámara,TRT-1V90,,
AOD0041,30,C,0,16,C,Lum. 240 V Ornamental Hg 30 W en poste Autocont. pot. cte.,AOD-0PLM30AC,4.8,
TUT0012,75,C,0,0,,Transformador  13kV 1F sumerg. 75 kVA,TUT-1S75,,
TRR0002,5,C,0,0,,Transformador 34.5 kV 1F conv. 5 kVA en poste,TRR-1C5,,
SDD0304,210,,,,,SGDA 220V 3F Fotovoltaica de 210kW,SDD-3F210,,
APO0915,60,C,0,10,,Lum. 240 V Led 60 W en poste con red aérea hilo piloto pot. cte. C,APD-0PLCL60PC,6,
SDD0065,6.66,,,,,SGDA 240V 1F Fotovoltaica de 6.66kW,SDD-1F6.66,,
MED0026,,,0,0,,Medidor 240V 2F3H - Masivos Electrónico. Energía Activa - 200 A_Forma 12S,MED-2E200_12S,,
SSV0046,,,0,0,,Secc. red subt. 22 kV 2F con fusible 30 A,SSV-2F30,,
COO0082,,,0,0,,Conductor Concéntrico Al 2x6,CO0-0X2x6,,
SPV0118,,,0,0,,Secc. 22kV 3F con interruptor 300A BIL 125,SPV-3I300_125,,
TRR0044,112.5,C,0,0,,Transformador 34.5 kV 3F Pedestal o Padmounted 112.5KVA,TRR-3P112.5,,
TAR0006,,,0,0,,Tensor a Tierra Simple en redes de dist. 34.5 kV,TAR-0TS,,
APO0910,75,C,0,10,,Lum. 240 V Led 75 W en poste con red aérea hilo piloto pot. cte. C,APD-0PLCL75PC,7.5,
SPR0098,,,0,0,,Secc. 34.5 kV 3F con interruptor 1250A BIL 95,SPR-3I1250_95,,
TRT0070,10,C,0,0,,Transformador 13 kV 1F conv. 10 kVA en cámara,TRT-1O10,,
ECV0069,100,A,0,0,,Capacitor automático 22kV 1F 100kVAR,ECV-1A100,,
SPS0001,,,0,0,,Secc. 6kV 2F con seccionador fus. unipolar cerrado 100A,SPS-2D100,,
TRT0439,300,C,0,0,,Banco de 2 transformadores en paralelo 13 kV monofásicos 300 KVA en cámara,TRT-1V300,,
EU0016,,,0,0,,"Est.red subt. banco ductos,config.1x2 de Ø160 mm+2x2 de Ø110 mm acera",EU0-0B(1x2C+2x2B)1,,
ESR0007,,,0,0,,Est. 34.5 kV 1F En volado Retención,ESR-1VR,,
EST0045,,,0,0,,Est. 13 kV 1F Centrada Doble Retención deriv. 1F Centrada Retención,EST-1CD+1CR,,
SDD0023,2.7,,,,,SGDA 240V 1F Fotovoltaica de 2.7kW,SDD-1F2.7,,
TRT0132,65,C,0,0,,Banco de 2 transformadores 13 kV monofásicos 65 KVA en cámara,TRT-3V65,,
TRS0262,75,C,0,0,,Banco de 2 transformadores en paralelo 6 kV bifasicos 75 KVA en cámara,TRS-2V75,,
SPR0122,0,,0,0,,Secc. 34.5 kV 3F con reconectador 1200A BIL 150,SPR-3R1200_150,0,0
MED0037,,,0,0,,Medidor 240V 3F4H - Masivos Electrónico. Energía Activa - 80 A_Forma 16A,MED-3E80_16A,,
ECV0010,300,A,0,0,,Capacitor automático 22kV 1F 300kVAR,ECV-1A300,,
SDD0219,7.7,,,,,SGDA 220V 3F Fotovoltaica de 7.7kW,SDD-3F7.7,,
SPR0121,,,0,0,,Secc. 34.5 kV 3F con interruptor 300A BIL 150,SPR-3I300_150,,
TRT0445,15,C,0,0,,Transformador 13 kV 2F conv. 15 kVA en cámara,TRT-2O15,,
ECV0050,400,A,0,0,,Capacitor automático 22kV 3F 400kVAR,ECV-3A400,,
TRT0172,200,C,0,0,,Banco de 3 transformadores 13 kV monofásicos 200 KVA en cámara,TRT-3I200,,
TRR0437,45,C,0,0,,Transformador 34.5 kV 1F conv. 45 kVA en poste,TRR-1C45,,
TRS0005,25,C,0,0,,Transformador 6  kV  2F conv. 25 kVA en poste,TRS-2C25,,
TRS0099,750,C,0,0,,Transformador 6 kV 3F Pedestal o Padmounted 750 kVA,TRS-3P750,,
TRS0240,110,C,0,0,,Banco de 2 transformadores en paralelo 6 kV bifasicos 110 KVA en poste,TRS-2B110,,
TRS0048,350,C,0,0,,Transformador 6 kV 3F conv. 350 kVA en poste,TRS-3C350,,
TUT0020,100,C,0,0,,Transformador  13kV 3F conv. frente muerto 100 kVA,TUT-3M100,,
ESN0015,,,0,0,,Est. 69 kV 3F Doble retención de doble circuito con aisladores tipo disco y poste,ESN-2BD,,
ECR0001,,,0,0,,Capacitor fijo 34.5kV 1F 50kVAR,ECR-1C50,,
POO2003,,,0,0,,Poste Hormigón armado Circular de 12.5m carga de rotura 475kg,PO0-0HC12.5_475,,
SPT0099,,,0,0,,Secc. 13kV 3F con reconectador 1250A BIL 125,SPT-3R1250_125,,
TRT0388,40,C,0,0,,Transformador 13 kV 3F conv. 40 kVA  en poste,TRT-3C40,,
COO0089,,,0,0,,Conductor Concéntrico Cu 3x4,CO0-0W3x4,,
TRS0260,62.5,C,0,0,,Banco de 2 transformadores en paralelo 6 kV bifasicos 62.5 KVA en cámara,TRS-2V62.5,,
TRT0117,67.5,C,0,0,,Banco de 3 transformadores 13 kV monofásicos 67.5 KVA en poste,TRT-3N67.5,,
TRT0408,192,C,0,0,,Banco de 2 transformadores en paralelo 13 kV monofásicos 192 KVA en poste,TRT-1B192,,
TRV0174,384,C,0,0,,Banco de 3 transformadores 22 kV monofásicos 384 kVA en cámara,TRV-3I384,,
SPS0048,,,0,0,,Secc. 6 kV 3F con seccionador de cuchilla   300A,SPS-3C300,,
SPS0008,,,0,0,,Secc. 6kV 3F con seccionador fus. unipolar ab. 100A,SPS-3S100,,
TRT0078,45,C,0,0,,Transformador 13 kV 3F conv. 45 kVA en cámara,TRT-3O45,,
COO0348,,,0,0,,Conductor Semiaislado o Ecológico Clase 25kV Al 3/0 AWG,CO0-0H3/0,,
COO0153,,,0,0,,Conductor THHN Cu #250 MCM,CO0-0Q250,,
SST0039,,,0,0,,Secc. red subt. 13 kV 2F con fusible 6 A,SST-2F6,,
ECR0073,600,A,0,0,,Capacitor automático 34.5kV 1F 600kVAR,ECR-1A600,,
ESV0015,,,0,0,,Est. 22 kV 2F En volado  Pasante,ESV-2VP,,
SPO0001,,,0,0,,Secc. 1F con fusible 1H,SPO-1F1H,,
AOD0050,30,C,0,16,C,Lum. 240 V Ornamental Na 30 W en poste Autocont. pot. cte.,AOD-0PLS30AC,4.8,
ESR0005,,,0,0,,Est. 34.5 kV 1F En volado Pasante,ESR-1VP,,
POO3710,,,0,0,,Poste Hormigón armado Circular de 18m carga de rotura 1200kg,PO0-0HC18_1200,,
COO0011,,,0,0,,Conductor Cu Desnudo # 6  AWG,CO0-0G6,,
APO0408,1000,C,0,12,,Proy. 240 V Hg 1000 W en poste con red aerea Autocontrolado pot. cte. C,APD-0PPCM1000AC,120,
SPO0068,,,0,0,,Secc. 1F con fusible 35K,SPO-1F35K,,
EST0075,,,0,0,,Est. 13 kV 3F Volada Angular deriv. 1F Centrada Retención,EST-3VA+1CR,,
TRR0444,125,C,0,0,,Transformador 34.5 kV 1F conv. 125 kVA en poste,TRR-1C125,,
AOD0040,20,C,0,16,C,Lum. 240 V Ornamental Hg 20 W en poste Autocont. pot. cte.,AOD-0PLM20AC,3.2,
TRV0427,90,C,0,0,,Transformador 22 kV 1F conv. 90 kVA en poste,TRV-1C90,,
SPS0078,,,0,0,,Secc. 6kV 3F con reconectador 100A BIL 75,SPS-3R100_75,,
COO0245,,,0,0,,CONDUCTOR AAAC 6201 #336.4 MCM,CO0-0D336.4,,
APO0531,1500,C,0,12,C,Proy. 240 V Na 1500 W en fachada con red subt Autocontrolado pot. cte. C,APD-0APCS1500AC,180,
TUT0008,15,C,0,0,,Transformador  13kV 1F sumerg. 15 kVA,TUT-1S15,,
ECV0033,50,E,0,0,,Regulador de voltaje bobina múltiple 22kV 1F 50 kVA ctrl electrónico,ECV-1EE50,,
TRR0200,150,C,0,0,,Transformador 34.5 kV 3F conv. 150 kVA en cámara,TRR-3O150,,
TRS0053,100,C,0,0,,Transformador 6 kV 2F conv. 100 kVA en poste,TRS-2C100,,
APO0301,70,C,0,16,C,Lum. 240 V Na 70 W en poste con red aerea hilo piloto pot. cte. C,APD-0PLCS70PC,11.2,
TRV0283,40,C,0,0,,Banco de 3 transformadores 22 kV monofásicos 40 kVA en poste,TRV-3N40,,
APO0709,10,C,0,10,,Lum. 240 V Led 10 W en poste con red aérea Autocontrolada pot. cte. C,APD-0PLCL10AC,1,
TUV0042,500,C,0,0,,Transformador  22kV 3F sumerg. 500 kVA,TUV-3S500,,
SPT0123,,,0,0,,Secc. 13kV 3F con reconectador 1000A BIL 75,SPT-3R1000_75,,
ESV0042,,,0,0,,Est. 22 kV 1F Centrada Angular deriv. 1F Bandera Angular,ESV-1CA+1BA,,
SPT0121,,,0,0,,Secc. 13kV 2F con seccionador fus. unipolar ab. disp. rompearco 300A,SPT-2E300,,
SPD0042,,,0,0,,Secc. 240V 3F con Interruptor Termomagnetico de 160 A,SPD-3M160,,
COO0405,,,0,0,,Conductor Clase 25kV Al 350 MCM,CO0-0E350,,
TRR0136,90,C,0,0,,Banco de 2 transformadores 34.5 kV monofásicos 90 KVA en cámara,TRR-3V90,,
TRV0177,450,C,0,0,,Banco de 3 transformadores 22 kV monofásicos 450 kVA en cámara,TRV-3I450,,
TRR0050,200,C,0,0,,Transformador 34.5 kV 3F Pedestal o Padmounted 200KVA,TRR-3P200,,
POO9405,,,0,0,,Poste Hormigón armado Ornamental de 12m carga de rotura 600kg,PO0-0HO12_600,,
APO0742,115,C,0,10,,Lum. 240 V Led 115 W en poste con red preen Autocont. pot. cte. C,APD-0OLCL115AC,11.5,
TRR0339,330,C,0,0,,Transformador 34.5 kV 3F conv. 330 kVA en cámara,TRR-3O330,,
ESS0011,,,0,0,,Est. 6 kV 2F Centrada  Pasante,ESS-2CP,,
POO3209,,,0,0,,Poste Hormigón armado rectangular de 18m carga de rotura 1000kg,PO0-0HR18_1000,,
SPO0070,,,0,0,,Secc. 3F con fusible 35K,SPO-3F35K,,
EST0093,,,0,0,,Est. 13 kV 3F Centrada Doble Retención dos deriv.1F Centrada Retención,EST-3CD+1CR+1CR,,
COO0069,,,0,0,,Conductor TTU Cu #3/0 AWG,CO0-0P3/0,,
SPE0004,,,0,0,,Secc. 69kV 3F con seccionador de cuchilla 2000A,SPE-3C2000,,
SPD0020,,,0,0,,Secc. 240V 3F con fusible NH 80 A,SPD-3L80,,
TRT0322,150,C,0,0,,Transformador 13 kV 1F conv. 150 kVA en cámara,TRT-1O150,,
SPS0066,,,0,0,,Secc. 6 kV 3F con interruptor 200A BIL 125,SPS-3I200_125,,
ESS0116,,,0,0,,Est. 6 kV 3F Dos Postes Angular deriv. 3F Semicentrada Retención,ESS-3HA+3SR,,
TUV0053,400,C,0,0,,Transformador  22kV 3F  seco 400 kVA,TUV-3D400,,
ESS0062,,,0,0,,Est. 6 kV 3F Bandera Retención,ESS-3BR,,
ESS0014,,,0,0,,Est. 6 kV 2F Centrada Doble retención,ESS-2CD,,
TRR0075,75,C,0,0,,Transformador 34.5 kV 1F conv. 75 kVA en cámara,TRR-1O75,,
EU0018,,,0,0,,Est.red subt.  banco de ductos  config. 1x2  de 110 mm. en calzada,EU0-0B1x2B2,,
TAS0004,,,0,0,,Tensor Poste a poste Simple en redes de dist. 6 kV,TAS-0PS,,
EU0024,,,0,0,,Est.red subt.  banco de ductos  config. 3x2  de 110 mm.  en calzada,EU0-0B3x2B2,,
TRT0328,500,C,0,0,,Transformador 13 kV 1F conv. 500 kVA en cámara,TRT-1O500,,
ECS0057,1800,C,0,0,,Capacitor fijo 6kV 3F 1800kVAR,ECS-3C1800,,
SDD0192,19,,,,,SGDA 220V 2F Fotovoltaica de 19kW,SDD-2F19,,
APO0533,125,C,0,13,,Proy. 240 V Na 125 W en poste con red aerea Autocontrolado pot. cte. C,APD-0PPCS125AC,16.25,
ESC0002,,,0,0,,Est. 120V 2 vías Vertical Retención,ESC-2ER,,
TRS0291,1250,C,0,0,,Transformador 6 kV 3F conv. 1250 kVA en cámara,TRS-3O1250,,
TRS0076,1600,C,0,0,,Transformador 6 kV 3F Pedestal o Padmounted 1600 kVA,TRS-3P1600,,
ESD0049,,,0,0,,Est. 240V 4 vías Centrada Angular,ESD-4CA,,
TRR0061,800,C,0,0,,Transformador 34.5 kV 3F Pedestal o Padmounted 800KVA,TRR-3P800,,
COO0335,,,0,0,,Conductor Semiaislado o Ecológico Clase 15kV Al 3/0 AWG,CO0-0F3/0,,
SPD0013,,,0,0,,Secc. 240V 2F con fusible NH 400 A,SPD-2L400,,
SPO0003,,,0,0,,Secc. 1F con fusible 3H,SPO-1F3H,,
POO9914,0,,0,0,,Poste Plástico fibra de vidrio Circular de 14m carga de rotura 1600kg,PO0-0PC14_1600,0,0
SPV0109,,,0,0,,Secc. 22kV 3F con interruptor 400A BIL 75,SPV-3I400_75,,
TUV0021,112.5,C,0,0,,Transformador  22kV 3F conv. frente muerto 112.5 kVA,TUV-3M112.5,,
TRV0219,200,C,0,0,,Transformador 22 kV 1F conv. 200 kVA en poste,TRV-1C200,,
SDD0140,3.8,,,,,SGDA 220V 2F Fotovoltaica de 3.8kW,SDD-2F3.8,,
TRV0095,30,C,0,0,,Transformador 22  kV 1F conv. 30 kVA en poste,TRV-1C30,,
TAT0010,,,0,0,,Tensor de Empuje en redes de dist. 13 kV,TAT-0ES,,
TRV0148,65,C,0,0,,Banco de 3 transformadores 22 kV monofásicos 65 kVA en cámara,TRV-3I65,,
POO0900,,,0,0,,Poste Madera Circular de 10m,PO0-0MC10,,
TRT0007,50,C,0,0,,Transformador 13 kV 1F conv. 50 kVA en poste,TRT-1C50,,
SPT0060,,,0,0,,Secc. 13kV 3F con reconectador 400A BIL 125,SPT-3R400_125,,
ECT0043,1200,C,0,0,,Capacitor fijo 13 kV 3F 1200kVAR,ECT-3C1200,,
TRR0100,100,C,0,0,,Banco de 2 transformadores 34.5 kV monofásicos 100 KVA en poste,TRR-3B100,,
SDV0324,750,,,,,SGDA 22kV 3F Fotovoltaica de 750kW,SDV-3F750,,
COO0048,,,0,0,,Conductor Multiplex Al 2x1/0 AWG,CO0-0J2x1/0,,
ESR0110,,,0,0,,Est. 34.5 kV 3F Dos Postes Retención dos deriv. 1F Centrada Retención,ESR-3HR+1CR+1CR,,
APO0424,1000,C,0,12,,Proy. 240 V Hg1000 W en fachada con red preen Autocontrolado pot. cte. C,APD-0FPCM1000AC,120,
ECT0017,50,E,0,0,,Regulador de voltaje bobina fija 13kV 1F 50 kVA ctrl electrónico,ECT-1RE50,,
TRV0166,267,C,0,0,,Banco de 3 transformadores 22 kV monofásicos 267 kVA en cámara,TRV-3I267,,
TRT0461,35,C,0,0,,Transformador 13 kV 1F conv. 35 kVA en cámara,TRT-1O35,,
SDD0190,17.6,,,,,SGDA 220V 2F Fotovoltaica de 17.6kW,SDD-2F17.6,,
TRR0107,175,C,0,0,,Banco de 2 transformadores 34.5 kV monofásicos 175 KVA en poste,TRR-3B175,,
TUT0135,32.5,C,0,0,,Banco de 2 transformadores 13 kV 1F convenc. Frente muerto 32.5 kVA (15KVA-17.5KVA),TUT-3T32.5,0,0
SST0068,,,0,0,,"Secc. red subt. 13kV 3F,  celda, protección, 400A, 150 BIL",SST-3EP400_150,,
AOD0160,80,C,0,10,C,Proy. 240V Ornamental Led 80 W en piso  hilo piloto pot. Cte.,AOD-0IPL80PC,8,
SST0014,,,0,0,,"Secc. red subt. 13kV 1F con barraje desc., 4 vias,  200 A",SST-1B4_200,,
TRV0413,1600,C,0,0,,Transformador 22 kV 3F Pedestal o Padmounted 1600 kVA,TRV-3P1600,,
SSV0041,,,0,0,,Secc. red subt. 22 kV 2F con fusible 10 A,SSV-2F10,,
COO0274,,,0,0,,Conductor Cu Desnudo #250  MCM,CO0-0G250,,
SDD0290,120,,,,,SGDA 220V 3F Fotovoltaica de 120kW,SDD-3F120,,
ESS0034,,,0,0,,Est. 6 kV 3F Tres Postes Retención,ESS-3TR,,
APO0740,115,C,0,10,,Lum. 240 V Led 115 W en poste con red aérea hilo piloto pot. cte. C,APD-0PLCL115PC,11.5,
TRT0158,65,C,0,0,,Banco de 3 transformadores 13 kV monofásicos 65 KVA en cámara,TRT-3I65,,
SPV0012,,,0,0,,Secc. 22kV 1F con interruptor 100A BIL 125,SPV-1I100_125,,
SPT0039,,,0,0,,Secc. 13kV 3F con seccionador de cuchilla   300A,SPT-3C300,,
ESR0137,,,0,0,,Est. 34.5 kV 3F Semiaislado o Ecologico Pasante,ESR-3MP,,
SPT0089,,,0,0,,Secc. 13kV 3F con interruptor 600A BIL 95,SPT-3I600_95,,
SPV0086,,,0,0,,Secc. 22kV 3F con reconectador 630A BIL 125,SPV-3R630_125,,
SPO0025,,,0,0,,Secc. 2F con fusible 10K,SPO-2F10K,,
ECS0045,288,M,0,0,,Regulador de voltaje bobina fija 6kV 1F 288 kVA ctrl manual,ECS-1RM288,,
APO0517,400,C,0,12,,Proy. 240 V Na 400 W en poste con red aerea Autocontrolado pot. cte. C,APD-0PPCS400AC,48,
ESS0035,,,0,0,,Est. 6 kV 3F Tres Postes Doble Retención,ESS-3TD,,
SPD0007,,,0,0,,Secc. 240V 2F con fusible NH 80 A,SPD-2L80,,
EU0036,,,0,0,,Est.red subt.  pozo de 160x120x150 cm,EU0-0PD,,
TRR0438,45,A,0,0,,Transformador 34.5 kV 1F autoproteg. 45 kVA en poste,TRR-1A45,,
AOD0005,70,C,0,16,C,Lum. 240 V Ornamental MH 70 W en poste Autocont. pot. cte.,AOD-0PLH70AC,11.2,
AOD0163,115,C,0,10,C,Proy. 240V Ornamental Led 115 W en piso  hilo piloto pot. Cte.,AOD-0IPL115PC,11.5,
TRS0282,960,C,0,0,,Transformador 6 kV 3F conv. 960 kVA en cámara,TRS-3O960,,
APO0935,210,C,0,10,,Lum. 240 V Led 210 W en poste con red preen Autocontrolada pot. cte. C,APD-0OLCL210AC,21,
CSP0006,1,,0,0,,Sem. 110V en poste acustico,CSC-0PA1,,
COO0312,,,0,0,,CONDUCTOR ACAR #336.4 MCM,CO0-0S336.4,,
TRR0308,23,C,0,0,,Banco de 3 transformadores 34.5 kV monofásicos 23 kVA en poste,TRR-3N23,,
APO0932,180,C,0,10,,Lum. 240 V Led 180 W en fachada con red subt Autocontrolada pot. cte. C,APD-0ALCL180AC,18,
SDD0130,1.96,,,,,SGDA 220V 2F Fotovoltaica de 1.96kW,SDD-2F1.96,,
TRT0125,35,C,0,0,,Banco de 2 transformadores 13 kV monofásicos 35 KVA en cámara,TRT-3V35,,
ESV0023,,,0,0,,Est. 22 kV 3F Semicentrada  Pasante,ESV-3SP,,
COO0216,,,0,0,,Conductor Clase 35KV Cu 500 MCM,CO0-0R500,,
AOD0130,112,C,0,10,C,Proy. 240 V Ornamental Led 112 W en piso Hilo Piloto. pot. cte.,AOD-0IPL112PC,11.2,
APO0955,71,C,0,10,C,Lum. 240 V Led 71 W en poste con red aérea hilo piloto pot. cte. C,APD-0PLCL71PC,7.1,
SDD0271,50,,,,,SGDA 220V 3F Fotovoltaica de 50kW,SDD-3F50,,
ESS0139,,,0,0,,Est. 6 kV 3F Semiaislado o Ecologico Retención,ESS-3MR,,
TRS0253,30,C,0,0,,Banco de 2 transformadores en paralelo 6 kV bifasicos 30 KVA en cámara,TRS-2V30,,
TRT0217,15,C,0,0,,Transformador 13 kV 2F conv. 15 kVA en poste,TRT-2C15,,
POO5100,,,0,0,,Poste Metálico Circular de 21m,PO0-0EC21,,
TRT0348,320,C,0,0,,Transformador 13 kV 3F conv. 320 kVA en poste,TRT-3C320,,
ESS0112,,,0,0,,Est. 6 kV 3F Dos Postes  Pasante dos deriv. 2F Centrada Retención,ESS-3HP+2CR+2CR,,
TRS0040,300,C,0,0,,Transformador 6  kV  3F conv. 300 kVA en poste,TRS-3C300,,
POO6415,,,0,0,,Poste Hormigón armado Forma H de 21m carga de rotura 2400kg,PO0-0HH21_2400,,
POO5800,,,0,0,,Poste Metálico Ornamental de 6m,PO0-0EO6,,
APO0760,133,C,0,10,,Lum. 240 V Led 133 W en fachada con red preen Autocontrolada pot. cte. C,APD-0FLCL133AC,13.3,
SSD0020,,,0,0,,"Secc. red subt. 220 V 3F con tablero de distribución,  200A, 3 circuitos",SSD-3L200_3,,
TRV0328,25,C,0,0,,Banco de 2 transformadores en paralelo 22 kV monofásicos 25 kVA en cámara,TRV-1V25,,
SPR0036,,,0,0,,Secc. 34.5kV 3F con seccionador fus. unipolar ab. disp. rompearco 200A,SPR-3E200,,
COO0402,,,0,0,,"Conductor de Cu concentrico, aislado 600 V, Tipo XLPE  No.1X10+10 AWG",CO0-0W1x10(10),,
TRS0275,192,C,0,0,,Banco de 2 transformadores en paralelo 6 kV bifasicos 192 KVA en cámara,TRS-2V192,,
SDD0011,2.04,,,,,SGDA 240V 1F Fotovoltaica de 2.04kW,SDD-1F2.04,,
COO0016,,,0,0,,Conductor Cu Desnudo # 3/0  AWG,CO0-0G3/0,,
TRT0481,60,C,0,0,,Transformador 13 kV 1F Pedestal o Padmounted 60 KVA,TRT-1P60,,
POO0127,,,0,0,,Poste Hormigón armado Circular de 9m carga de rotura 3600kg,PO0-0HC9_3600,,
TUV0004,37.5,C,0,0,,Transformador  22kV 1F conv. frente muerto  37.5 kVA,TUV-1M37.5,,
TRS0214,6,C,0,0,,Banco de 2 transformadores en paralelo 6 kV bifasicos 6KVA en poste,TRS-2B6,,
ECS0018,100,E,0,0,,Regulador de voltaje bobina fija 6kV 1F 100 kVA ctrl electrónico,ECS-1RE100,,
TRS0108,60,C,0,0,,Transformador 6 kV 3F conv. 60 kVA en cámara,TRS-3O60,,
EST0126,,,0,0,,Est. 13 kV 3F Volada Doble Reten. deriv. 3F Semi Centrada Pasante,EST-3VD+3SP,,
MED0033,,,0,0,,Medidor 240V 3F4H - Masivos Electromecánico. Energía Activa - 60 A_Forma 16A,MED-3L60_16A,,
TRT0197,990,C,0,0,,Banco de 3 transformadores 13 kV monofásicos 990 KVA en cámara,TRT-3I990,,
TRT0480,50,C,0,0,,Transformador 13 kV 1F semiprot. 50 kVA en poste,TRT-1R50,,
TRV0052,15,C,0,0,,Transformador 22 kV 1F conv. 15 kVA en cámara,TRV-1O15,,
EST0091,,,0,0,,Est. 13 kV 3F Centrada Angular dos deriv.1F Centrada Retención,EST-3CA+1CR+1CR,,
TRR0103,115,C,0,0,,Banco de 2 transformadores 34.5 kV monofásicos 115 KVA en poste,TRR-3B115,,
EST0099,,,0,0,,Est. 13 kV 3F Centrada Doble Retención deriv. 3F Semi Centrada Retención,EST-3CD+3SR,,
SDD0057,5.82,,,,,SGDA 240V 1F Fotovoltaica de 5.82kW,SDD-1F5.82,,
ESV0084,,,0,0,,Est. 22 kV 1F Centrada Angular deriv. 1F Bandera Doble Retención,ESV-1CA+1BD,,
MED0016,,,0,0,,Medidor 240V 1F3H - Masivos Electromecánico. Energía Activa - 10 A_Forma 4S,MED-1L10_4S,,
POO0602,,,0,0,,Poste Hormigón armado Circular de 10m carga de rotura 400kg,PO0-0HC10_400,,
POO1800,,,0,0,,Poste Metálico Circular de 12m,PO0-0EC12,,
ESD0003,,,0,0,,Est. 240V 3 vías Vertical Doble retención,ESD-3ED,,
TUT0084,30,C,0,0,,Banco de 3 transformadores 13 kV 1F convenc. Frente muerto 30 kVA,TUT-3R30,,
TRT0247,630,C,0,0,,Transformador 13 kV 3F conv. 630 kVA en cámara,TRT-3O630,,
APO0801,80,C,0,15,,Lum. 240 V Induccion 80 W en poste con red aerea Autocontrolada pot. cte. C,APD-0PLCI80AC,12,
ESR0061,,,0,0,,Est. 34.5 kV 3F Volada Pasante deriv. 3F Semi Centrada Retención,ESR-3VP+3SR,,
TRR0168,150,C,0,0,,Banco de 3 transformadores 34.5 kV monofásicos 150 KVA en cámara,TRR-3I150,,
ESS0078,,,0,0,,Est. 6 kV 3F Bandera Retención deriv. 2F Centrada Retención,ESS-3BR+2CR,,
ESV0132,,,0,0,,Est. 22 kV 1F Semiaislado o Ecologico  Doble retención,ESV-1MD,,
SPT0011,,,0,0,,Secc. 13kV 1F con seccionador de cuchilla   con disp. rompearco 300A,SPT-1O300,,
SDD0209,6,,,,,SGDA 220V 3F Fotovoltaica de 6kW,SDD-3F6,,
MED0002,,,0,0,,Medidor 240V 1F3H - Masivo Electr. Energía Activa - 100 A_ Forma 2A,MED-1E100_2A,,
COO0366,,,0,0,,Conductor Semiaislado o Ecológico Clase 35kV Al 477 MCM,CO0-0K477,,
TUT0101,175,C,0,0,,Banco de 3 transformadores 13 kV 1F convenc. Frente muerto 175 kVA,TUT-3R175,,
SPT0111,,,0,0,,Secc. 13kV 3F con interruptor 800A BIL 95,SPT-3I800_95,,
TRR0261,175,C,0,0,,Transformador 34.5 kV 3F conv. 175 kVA en cámara,TRR-3O175,,
TRR0407,192,C,0,0,,Banco de 2 transformadores en paralelo 34.5 kV monofásicos 192 KVA en cámara,TRR-1V192,,
TRR0101,110,C,0,0,,Banco de 2 transformadores 34.5 kV monofásicos 110 KVA en poste,TRR-3B110,,
TRT0473,45,A,0,0,,Transformador 13 kV 1F autoproteg. 45 kVA en poste,TRT-1A45,,
ESS0075,,,0,0,,Est. 6 kV 3F En Volado Angular deriv. 2F Centrada Retención,ESS-3VA+2CR,,
AOD0076,55,C,0,10,C,Lum. 240 V Ornamental Led 55 W en piso Hilo Piloto. pot. cte.,AOD-0ILL55PC,5.5,
TRS0229,52.5,C,0,0,,Banco de 2 transformadores en paralelo 6 kV bifasicos 52.5 KVA en poste,TRS-2B52.5,,
TUS0001,15,C,0,0,,Transformador  6kV 3F conv. frente muerto 15 kVA,TUS-3M15,,
TRS0136,82.5,C,0,0,,Transformador 6 kV 3F conv. 82.5 kVA  en cámara,TRS-3O82.5,,
MEV0002,,,0,0,,Medidor 22kV 3F4H - Espec. Electr.  Energía A-R-D-M - 20 A_ Forma 9S,MEV-3R20_9S,,
AOD0088,70,C,0,16,C,Lum. 240 V Ornamental Na 70 W en piso Hilo Piloto. pot. cte.,AOD-0ILS70PC,11.2,
SDD0121,90,,,,,SGDA 240V 1F Fotovoltaica de 90kW,SDD-1F90,,
AOD0056,175,C,0,12,C,Proy. 240 V Ornamental Hg 175 W en poste Autocont. pot. cte.,AOD-0PPM175AC,21,
ESD0067,,,0,0,,Est. 240V 1 via Preensamblado Pasante deriv. Retención con 5 conduct.,ESD-1PP5+1PR5,,
SPO0056,,,0,0,,Secc. 3F con conector de compresión 3/0 a 4/0 ACSR,SPO-3CB,,
TRR0128,50,C,0,0,,Banco de 2 transformadores 34.5 kV monofásicos 50 KVA en cámara,TRR-3V50,,
COO0411,,,0,0,,"Conductor de Cu concentrico, aislado 600 V, Tipo XLPE  No.2X10+14 AWG",CO0-0W2x10(14),,
TRS0264,87.5,C,0,0,,Banco de 2 transformadores en paralelo 6 kV bifasicos 87.5 KVA en cámara,TRS-2V87.5,,
TUV0054,500,C,0,0,,Transformador  22kV 3F  seco 500 kVA,TUV-3D500,,
SPD0046,,,0,0,,Secc. 240V 3F con Interruptor Termomagnetico de 250 A,SPD-3M250,,
COO0375,,,0,0,,Conductor Multiplex Al 4x4/0 AWG,CO0-0J4x4/0,,
TRR0351,17.5,C,0,0,,Banco de 2 transformadores en paralelo 34.5 kV monofasicos 17.5KVA en poste,TRR-1B17.5,,
TRS0008,75,C,0,0,,Transformador 6  kV  2F conv. 75 kVA en poste,TRS-2C75,,
ESD0046,,,0,0,,Est. 240V 3 vías Centrada Pasante,ESD-3CP,,
TRS0111,112.5,C,0,0,,Transformador 6 kV 3F conv. 112.5 kVA en cámara,TRS-3O112.5,,
ESD0045,,,0,0,,Est. 240V 3 vías Centrada Doble Retención,ESD-3CD,,
TRT0142,137.5,C,0,0,,Banco de 2 transformadores 13 kV monofásicos 137.5 KVA en cámara,TRT-3V137.5,,
ESS0097,,,0,0,,Est. 6 kV 3F Centrada Angular deriv. 3F Semicentrada Retención,ESS-3CA+3SR,,
SSS0066,,,0,0,,"Secc. red subt. 6kV 3F con int.  redes subt, 6 vías, 900 A",SSS-3I6_900,,
TRT0292,175,C,0,0,,Banco de 3 transformadores 13 kV monofásicos 175 KVA en poste,TRT-3N175,,
EST0131,,,0,0,,Est. 13 kV 1F Semiaislado o Ecologico Pasante,EST-1MP,,
POO4400,,,0,0,,Poste Metálico Circular de 18m,PO0-0EC18,,
APO0974,80,C,0,10,C,Lum. 240V Led 80 W en poste  con red aérea Autocontrolada pot. Cte. C,APD-0PLCL80AC,8,
TRT0163,112.5,C,0,0,,Banco de 3 transformadores 13 kV monofásicos 112.5 KVA en cámara,TRT-3I112.5,,
ECS0017,50,E,0,0,,Regulador de voltaje bobina fija 6kV 1F 50 kVA ctrl electrónico,ECS-1RE50,,
ECS0058,150,C,0,0,,Capacitor fijo 6kV 2F 150kVAR,ECS-2C150,,
APO0792,250,C,0,10,,Lum. 240 V Led 250 W en poste con red subt Autocontrolada pot. cte. C,APD-0SLCL250AC,25,
TRV0347,137.5,C,0,0,,Banco de 2 transformadores en paralelo 22 kV monofásicos 137.5 kVA en cámara,TRV-1V137.5,,
ECT0041,600,C,0,0,,Capacitor fijo 13 kV 3F 600kVAR,ECT-3C600,,
SST0057,,,0,0,,Secc. red subt. 13 kV 3F con fusible 40 A,SST-3F40,,
TRS0225,42.5,C,0,0,,Banco de 2 transformadores en paralelo 6 kV bifasicos 42.5KVA en poste,TRS-2B42.5,,
TRV0336,62.5,C,0,0,,Banco de 2 transformadores en paralelo 22 kV monofásicos 62.5 kVA en cámara,TRV-1V62.5,,
ESV0048,,,0,0,,Est. 22 kV 1F Centrada Doble Retención deriv. 1F Centrada Retención,ESV-1CD+1CR,,
SPO0042,,,0,0,,Secc. 3F con fusible 12K,SPO-3F12K,,
TRR0093,60,C,0,0,,Banco de 2 transformadores 34.5 kV monofásicos 60 KVA en poste,TRR-3B60,,
ESR0004,,,0,0,,Est. 34.5 kV 1F Centrada Doble retención,ESR-1CD,,
SPR0107,,,0,0,,Secc. 34.5 kV 3F con interruptor 800A BIL 125,SPR-3I800_125,,
ESS0088,,,0,0,,Est. 6 kV 3F Dos Postes Angular,ESS-3HA,,
TRS0039,250,C,0,0,,Transformador 6  kV  3F conv. 250 kVA en poste,TRS-3C250,,
SST0017,,,0,0,,"Secc. red subt. 13kV 2F con barraje desc., 2 vias,  600 A",SST-2B2_600,,
SPV0071,,,0,0,,Secc. 22 kV 3F con reconectador 600A BIL 95,SPV-3R600_95,,
ESR0012,,,0,0,,Est. 34.5 kV 2F Centrada Angular,ESR-2CA,,
TRT0446,25,C,0,0,,Transformador 13 kV 2F conv. 25 kVA en cámara,TRT-2O25,,
SSS0065,,,0,0,,"Secc. red subt. 6kV 3F con int.  redes subt, 6 vías, 600 A",SSS-3I6_600,,
TRR0411,300,C,0,0,,Banco de 2 transformadores en paralelo 34.5 kV monofásicos 300 KVA en cámara,TRR-1V300,,
COO0214,,,0,0,,Conductor Clase 35 kV Cu 250 MCM,CO0-0R250,,
TRR0051,225,C,0,0,,Transformador 34.5 kV 3F Pedestal o Padmounted 225KVA,TRR-3P225,,
POO2304,,,0,0,,Poste Hormigón armado Circular de 14m carga de rotura 500kg,PO0-0HC14_500,,
SDD0018,2.32,,,,,SGDA 240V 1F Fotovoltaica de 2.32kW,SDD-1F2.32,,
APO0503,150,C,0,13,,Proy. 240 V Na 150 W en poste con red aerea Autocontrolado pot. cte. C,APD-0PPCS150AC,19.5,
ESR0140,,,0,0,,Est. 34.5 kV 3F Semiaislado o Ecologico  Doble retención,ESR-3MD,,
TRT0056,500,C,0,0,,Transformador 13 kV 3F Pedestal o Pamounted 500KVA,TRT-3P500,,
TRT0474,45,C,0,0,,Transformador 13 kV 1F conv. 45 kVA en cámara,TRT-1O45,,
SPO0008,,,0,0,,Secc. 1F con fusible 12K,SPO-1F12K,,
TRV0157,140,C,0,0,,Banco de 3 transformadores 22 kV monofásicos 140 kVA en cámara,TRV-3I140,,
SPT0053,,,0,0,,Secc. 13kV 3F con interruptor 100A BIL 95,SPT-3I100_95,,
COO0001,,,0,0,,Conductor TW Cu # 4 AWG,CO0-0O4,,
APO0213,125,C,0,13,C,Lum. 240 V Hg 125 W en poste con red subt Autocontrolada pot. cte. C,APD-0SLCM125AC,16.25,
POO0106,,,0,0,,Poste Hormigón armado Circular de 9m carga de rotura 675kg,PO0-0HC9_675,,
APO0509,150,C,0,13,,Proy. 240 V Na 150 W en fachada con red preen hilo piloto pot. cte. C,APD-0FPCS150PC,19.5,
TRV0367,350,C,0,0,,Banco de 3 transformadores 22 kV monofásicos 350 kVA en cámara,TRV-3I350,,
SST0072,,,0,0,,"Secc. red subt. 13kV 2F, Transición, inst. en cruceta semicentrada",SST-2RS,,
COO0142,,,0,0,,Conductor TW Al # 6 AWG,CO0-0I6,,
TRR0246,750,C,0,0,,Transformador 34.5 kV 3F conv. 750 kVA en cámara,TRR-3O750,,
TRT0447,37.5,C,0,0,,Transformador 13 kV 2F conv. 37.5 kVA  en cámara,TRT-2O37.5,,
EST0008,,,0,0,,Est. 13 kV 1F En volado Doble retención,EST-1VD,,
SDD0155,6.1,,,,,SGDA 220V 2F Fotovoltaica de 6.1kW,SDD-2F6.1,,
ESV0033,,,0,0,,Est. 22 kV 3F Dos Postes Doble retención,ESV-3HD,,
SDD0017,2.26,,,,,SGDA 220V 1F Fotovoltaica de 2.26kW,SDD-1F2.26,,
TRT0236,90,C,0,0,,Transformador 13 kV 3F conv. 90 kVA en cámara,TRT-3O90,,
TRV0007,50,C,0,0,,Transformador 22 kV 1F conv. 50 kVA en poste,TRV-1C50,,
TRV0312,85,C,0,0,,Banco de 2 transformadores en paralelo 22 kV monofásicos 85 kVA en poste,TRV-1B85,,
TRR0260,15,C,0,0,,Banco de 3 transformadores 34.5 kV monofasicos 15KVA en poste,TRR-3N15,,
ESV0010,,,0,0,,Est. 22 kV 1F Bandera Doble retención,ESV-1BD,,
SPO0017,,,0,0,,Secc. 1F con conector ranuras paralelas 4/0 a 300 - 6 a 300 ACSR/AAAC,SPO-1UC,,
TRV0093,750,C,0,0,,Transformador 22 kV 3F conv. 750 kVA en cámara,TRV-3O750,,
TRR0082,100,C,0,0,,Transformador 34.5 kV 3F conv. 100 kVA en cámara,TRR-3O100,,
APO0204,400,C,0,12,C,Lum. 240 V Hg 400 W  en poste con red aerea hilo piloto pot. cte. C,APD-0PLCM400PC,48,
COO0115,,,0,0,,Conductor Clase 25kV Cu 2/0 AWG,CO0-0Y2/0,,
AOD0167,250,C,0,10,C,Lum. 240 V Ornamental Led 250 W en poste Hilo Piloto. pot. cte.,AOD-0PLL250PC,25,
POO2301,,,0,0,,Poste Hormigón armado Circular de 14m carga de rotura 350kg,PO0-0HC14_350,,
SPT0021,,,0,0,,Secc. 13kV 2F con seccionador fus. unipolar ab. 100A,SPT-2S100,,
TRT0275,750,C,0,0,,Transformador 13 kV 3F conv. 750 kVA  en poste,TRT-3C750,,
SPV0047,,,0,0,,Secc. 22kV 3F con reconectador 400A BIL 125,SPV-3R400_125,,
ECV0046,381,M,0,0,,Regulador de voltaje bobina fija 22kV 3F 381 kVA ctrl manual,ECV-3RM381,,
TRV0352,200,C,0,0,,Banco de 2 transformadores en paralelo 22 kV monofásicos 200 kVA en cámara,TRV-1V200,,
TRT0188,471,C,0,0,,Banco de 3 transformadores 13 kV monofásicos 471 KVA en cámara,TRT-3I471,,
ESN0010,,,0,0,,Est. 69 kV 3F Suspención doble circuito con cruceta volada y aisladores tipo disco,ESN-2VP,,
ESD0014,,,0,0,,Est. 240V 4 vías Vertical Pasante deriv. 1 vía Vertical Retención,ESD-4EP+ESE-1ER,,
POO9701,,,0,0,,Poste Hormigón armado rectangular de 6m carga de rotura 350kg,PO0-0HR6_350,,
SSD0039,,,0,0,,"Secc. red subt. 220V 3F, Transición, inst. en red  preensamblada",SSD-3RP,,
TRS0084,80,C,0,0,,Transformador 6 kV 3F conv. 80 kVA en poste,TRS-3C80,,
ESD0066,,,0,0,,Est. 240V Preensamblado Retención con 5 conduct.,ESD-1PR5,,
COO0098,,,0,0,,Conductor Clase 15kV Cu 2/0 AWG,CO0-0V2/0,,
APO0752,155,C,0,10,,Lum. 240 V Led 155 W en poste con red aerea Autocontrolada pot. cte. C,APD-0PLCL155AC,15.5,
SSV0048,,,0,0,,Secc. red subt. 22 kV 3F con fusible 3 A,SSV-3F3,,
ESV0124,,,0,0,,Est. 22 kV 3F Semi Centrada Reten. deriv. 3F Semi Centrada Reten. Deriv. 1F Centrada Reten.,ESV-3SR+3SR+1CR,,
TRT0346,180,C,0,0,,Transformador 13 kV 3F conv. 180 kVA en poste,TRT-3C180,,
TRT0373,55,C,0,0,,Banco de 2 transformadores en paralelo 13 kV monofásicos 55 kVA en poste,TRT-1B55,,
SPS0051,,,0,0,,Secc. 6 kV 3F con seccionador de cuchilla   con disp. rompearco 200A,SPS-3O200,,
ECS0001,50,C,0,0,,Capacitor fijo 6kV 2F 50kVAR,ECS-2C50,,
APO0996,200,D,140,10,D,Lum. 240 V Led 200 W en poste con red aerea Autocontrolada Dob.Niv.Pot. C,APD-0PLCL200AD,20,14
APO0997,200,D,140,10,D,Lum. 240 V Led 200 W en poste con red subt  Autocontrolada Dob.Niv.Pot. C,APD-0SLCL200AD,20,14
TRV0286,528,C,0,0,,Banco de 3 transformadores 22 kV monofásicos 528 kVA en cámara,TRV-3I528,,
TUT0017,60,C,0,0,,Transformador  13kV 3F conv. frente muerto  60 kVA,TUT-3M60,,
TRS0267,110,C,0,0,,Banco de 2 transformadores en paralelo 6 kV bifasicos 110 KVA en cámara,TRS-2V110,,
SPR0034,,,0,0,,Secc. 34.5kV 3F con seccionador fus. unipolar ab. 200A,SPR-3S200,,
SPE0006,,,0,0,,Secc. 69 kV 3F con seccionador tripolar para  oper. con carga 1200A,SPE-3A1200,,
ESV0016,,,0,0,,Est. 22 kV 2F En volado Angular,ESV-2VA,,
TRT0175,250,C,0,0,,Banco de 3 transformadores 13 kV monofásicos 250 KVA en cámara,TRT-3I250,,
POO4105,,,0,0,,Poste Hormigón armado Circular de 16.5m carga de rotura 600kg,PO0-0HC16.5_600,,
COO0162,,,0,0,,"Multiconductor de Cu, aislado  600 V, Tipo PVC  No.4X12 AWG",CO0-0N4x12,,
SPT0090,,,0,0,,Secc. 13kV 3F con interruptor 600A BIL 125,SPT-3I600_125,,
SPO0012,,,0,0,,Secc. 1F con conector de compresión 1 a 2/0 ACSR,SPO-1CA,,
POO1506,,,0,0,,Poste Hormigón armado Circular de 11.5m carga de rotura 675kg,PO0-0HC11.5_675,,
POO3310,,,0,0,,Poste Hormigón armado Circular de 20m carga de rotura 1200kg,PO0-0HC20_1200,,
SSS0045,,,0,0,,Secc. red subt. 6 kV 2F con fusible 25 A,SSS-2F25,,
SPV0017,,,0,0,,Secc. 22kV 2F con seccionador fus. unipolar ab. 100A,SPV-2S100,,
SDD0093,12.6,,,,,SGDA 240V 1F Fotovoltaica de 12.6kW,SDD-1F12.6,,
SDD0156,6.12,,,,,SGDA 220V 2F Fotovoltaica de 6.12kW,SDD-2F6.12,,
SPV0120,,,0,0,,Secc. 22kV 1F con interruptor 600A BIL 95,SPV-1I100_95,,
SDU0308,330,,,,,SGDA 440V 3F Fotovoltaica de 330kW,SDU-3F330,,
TRS0107,15,C,0,0,,Transformador 6 kV 3F conv. 15 kVA  en cámara,TRS-3O15,,
EST0125,,,0,0,,Est. 13 kV 3F Semi Centrada Reten. dos deriv. 3F Semi Centrada Reten.,EST-3SR+3SR+3SR,,
TRS0022,200,C,0,0,,Transformador 6 kV 3F Pedestal o Padmounted 200KVA,TRS-3P200,,
SDD0109,20,,,,,SGDA 240V 1F Fotovoltaica de 20kW,SDD-1F20,,
APO0923,108,C,0,10,,Lum. 240 V Led 108 W en poste con red aérea hilo piloto pot. cte. C,APD-0PLCL108PC,10.8,
TRT0224,90,C,0,0,,Transformador 13 kV 3F conv. 90 kVA en poste,TRT-3C90,,
SPS0076,,,0,0,,Secc. 6kV 3F con interruptor 400A BIL 75,SPS-3I400_75,,
SDD0142,4.23,,,,,SGDA 220V 2F Fotovoltaica de 4.23kW,SDD-2F4.23,,
SPS0036,,,0,0,,Secc. 6 kV 2F con seccionador de cuchilla  100A,SPS-2C100,,
ECR0051,381,M,0,0,,Regulador de voltaje bobina fija 34.5kV 3F 381 kVA ctrl manual,ECR-3RM381,,
TUT0094,112.5,C,0,0,,Banco de 3 transformadores 13 kV 1F convenc. Frente muerto 112.5 kVA,TUT-3R112.5,,
TRV0022,75,C,0,0,,Transformador 22 kV 3F conv. 75 kVA en poste,TRV-3C75,,
COO0057,,,0,0,,Conductor Al. Preensamblado 2x95 + Nx50 mm²,CO0-0T2x95(50),,
ESN0023,,,0,0,,"Est. 69 kV 3F Doble retención circuito simple con tres postes , aisladores tipo disco y poste",ESN-1TD,,
SDD0301,180,,,,,SGDA 220V 3F Fotovoltaica de 180kW,SDD-3F180,,
COO0193,,,0,0,,"Multiconductor de Cu, aislado  600 V, Tipo PVC  No.4X6 AWG, 7 hilos",CO0-0N4x6,,
SSV0057,,,0,0,,Secc. red subt. 22 kV 3F con fusible 40 A,SSV-3F40,,
TRV0216,600,C,0,0,,Transformador 22 kV 3F conv. 600 kVA en cámara,TRV-3O600,,
TRR0211,30,C,0,0,,Transformador 34.5 kV 1F conv. 30 kVA en poste,TRR-1C30,,
COO0350,,,0,0,,Conductor Semiaislado o Ecológico Clase 25kV Al 266.8 MCM,CO0-0H266.8,,
TRT0098,87.5,C,0,0,,Banco de 2 transformadores 13 kV monofásicos 87.5 KVA en poste,TRT-3B87.5,,
ESS0135,,,0,0,,Est. 6 kV 2F Semiaislado o Ecologico Retención,ESS-2MR,,
SDD0074,8.2,,,,,SGDA 240V 1F Fotovoltaica de 8.2kW,SDD-1F8.2,,
COO0295,,,0,0,,Conductor Al. Preesamblado 3x16 + Nx16 mm,CO0-0T3X16(16),,
ESR0058,,,0,0,,Est. 34.5 kV 3F Semi Cen. Pasante deriv. 1F Centrada Retención,ESR-3SP+1CR,,
SPT0007,,,0,0,,Secc. 13kV 1F con seccionador de cuchilla   300A,SPT-1C300,,
ESR0076,,,0,0,,Est. 34.5 kV 3F Bandera Angular deriv. 1F Centrada Retención,ESR-3BA+1CR,,
ESS0047,,,0,0,,Est. 6 kV 2F En Volado Pasante deriv. 2F Centrada Retención,ESS-2VP+2CR,,
TRT0303,215,C,0,0,,Transformador 13 kV 3F conv. 215 kVA en cámara,TRT-3O215,,
TRR0156,50,C,0,0,,Banco de 3 transformadores 34.5 kV monofásicos 50 KVA en cámara,TRR-3I50,,
TRV0127,1500,C,0,0,,Transformador 22 kV 3F Pedestal o Padmounted 1500 kVA,TRV-3P1500,,
COO0277,,,0,0,,Conductor Cu Desnudo #750  MCM,CO0-0G750,,
APO0369,400,D,250,12,S,Lum. 240 V Na 400 W en fachada con red subt hilo piloto Dob.niv.pot. C,APD-0ALCS400PD,48,30
TRR0003,10,C,0,0,,Transformador 34.5 kV 1F conv. 10 kVA en poste,TRR-1C10,,
COO0030,,,0,0,,Conductor ACSR #4 AWG,CO0-0B4,,
ESS0093,,,0,0,,Est. 6 kV 3F Centrada Doble Retención dos deriv. 2F Centrada Retención,ESS-3CD+2CR+2CR,,
TRR0184,384,C,0,0,,Banco de 3 transformadores 34.5 kV monofásicos 384 KVA en cámara,TRR-3I384,,
SPS0087,,,0,0,,Secc. 6kV 3F con interruptor 600A BIL 125,SPS-3I600_125,,
TRS0198,600,C,0,0,,Transformador 6 kV 3F conv. 600 kVA en cámara,TRS-3O600,,
POO5300,,,0,0,,Poste Metálico Circular de 15m,PO0-0EC15,,
TRR0192,584,C,0,0,,Banco de 3 transformadores 34.5 kV monofásicos 584 KVA en cámara,TRR-3I584,,
POO1607,,,0,0,,Poste Hormigón armado Circular de 12m carga de rotura 700kg,PO0-0HC12_700,,
TUT0108,292,C,0,0,,Banco de 3 transformadores 13 kV 1F convenc. Frente muerto  292 kVA,TUT-3R292,,
AOD0059,1000,C,0,12,C,Proy. 240 V Ornamental MH 1000 W en poste Autocont. pot. cte.,AOD-0PPH1000AC,120,
TRV0042,200,C,0,0,,Transformador 22 kV 3F Pedestal o Padmounted 200KVA,TRV-3P200,,
APO0120,175,C,0,12,C,Lum. 240 V Hg 175 W en fachada con red subt hilo piloto pot. cte. A,APD-0ALAM175PC,21,
TRT0398,75,A,0,0,,Transformador 13 kV 3F autoproteg. 75 kVA en poste,TRT-3A75,,
TUV0024,250,C,0,0,,Transformador  22kV 3F conv. frente muerto 250 kVA,TUV-3M250,,
ESS0080,,,0,0,,Est. 6 kV 3F Bandera Doble Retenc. deriv. 3F Semicentrada Retenc.,ESS-3BD+3SR,,
TRR0266,20,C,0,0,,Transformador 34.5 kV 1F conv.  20 kVA en poste,TRR-1C20,,
SPD0038,,,0,0,,Secc. 240V 3F con Interruptor Termomagnetico de 80 A,SPD-3M80,,
TRR0118,75,C,0,0,,Banco de 3 transformadores 34.5 kV monofásicos 75 KVA en poste,TRR-3N75,,
AOD0101,400,C,0,12,C,Lum. 240 V Ornamental MH 400 W en poste Autocont. pot. cte.,AOD-0PLH400AC,48,
EST0089,,,0,0,,Est. 13 kV 3F Volada Retención deriv.1F Centrada Retención,EST-3VR+1CR,,
AOD0134,20,C,0,10,C,Lum. 240 V Ornamental Led 20 W en piso Autocont. pot. cte.,AOD-0ILL20AC,2,
ESR0078,,,0,0,,Est. 34.5 kV 3F Bandera Retención derivación 1F Centrada Retención,ESR-3BR+1CR,,
TRT0337,5,C,0,0,,Transformador 13 kV 3F Pedestal o Padmounted 5 kVA,TRT-3P5,,
SST0002,,,0,0,,"Secc. red subt. 13kV 2F con conector tipo Codo,  200A",SST-2C200,,
SSS0064,,,0,0,,"Secc. red subt. 6kV 3F con int.  redes subt, 6 vías, 200 A",SSS-3I6_200,,
TRV0119,600,C,0,0,,Transformador 22 kV 3F Pedestal o Padmounted 600 kVA,TRV-3P600,,
COO0287,,,0,0,,Multiconductor Cu 3X6,CO0-0N3X6,,
POO9909,0,,0,0,,Poste Hormigón armado Rectangular de 14m carga de rotura 2500kg,PO0-0HR14_2500,0,0
TRT0380,204.5,C,0,0,,Banco de 2 transformadores 13 kV monofásicos  204.5 kVA en poste,TRT-3B204.5,,
POO1612,,,0,0,,Poste Hormigón armado Circular de 12m carga de rotura 2000kg,PO0-0HC12_2000,,
CSP0001,7,,0,0,,Sem. 110V en poste vehicular 1 modulo,CSC-0PV7M1,,
TUT0073,137.5,C,0,0,,Banco de 2 transformadores 13 kV 1F convenc. Frente muerto 137.5 kVA,TUT-3T137.5,,
TRR0421,60,C,0,0,,Transformador 34.5 kV 1F conv. 60 kVA en poste,TRR-1C60,,
TRV0059,45,C,0,0,,Transformador 22 kV 3F conv. 45 kVA en cámara,TRV-3O45,,
TRV0075,80,C,0,0,,Transformador 22kV 3F conv. 80 kVA en poste,TRV-3C80,,
POO1712,,,0,0,,Poste Plástico fibra de vidrio Circular de 12m carga de rotura 2000kg,PO0-0PC12_2000,,
TRR0055,400,C,0,0,,Transformador 34.5 kV 3F Pedestal o Padmounted 400KVA,TRR-3P400,,
ESN0027,,,0,0,,Est. 69 kV 3F Tipo torre doble retención circuito doble y aisladores tipo disco,ESN-2OD,,
TRV0004,15,C,0,0,,Transformador 22 kV 1F conv. 15 kVA en poste,TRV-1C15,,
TRR0306,15,C,0,0,,Banco de 2 transformadores 34.5 kV monofásicos 15 kVA en cámara,TRR-3V15,,
TUV0015,45,C,0,0,,Transformador  22kV 3F conv. frente muerto  45 kVA,TUV-3M45,,
ESV0098,,,0,0,,Est. 22 kV 3F Centrada Retención deriv. 3F Semi Centrada Retención,ESV-3CR+3SR,,
POO9904,,,0,0,,Poste Hormigón armado rectangular de 10.5m carga de rotura 500kg,PO0-0HR10.5_500,,
SDD0279,79.5,,,,,SGDA 220V 3F Fotovoltaica de 79.5kW,SDD-3F79.5,,
TRT0368,1600,C,0,0,,Transformador 13 kV 3F Pedestal o Padmounted 1600 kVA,TRT-3P1600,,
TRT0036,300,C,0,0,,Transformador 13 kV 1F Pedestal o Padmounted 300KVA,TRT-1P300,,
TUT0110,317,C,0,0,,Banco de 3 transformadores 13 kV 1F convenc. Frente muerto 317 kVA,TUT-3R317,,
SPS0096,,,0,0,,Secc. 6kV 3F con interruptor 630A BIL 150,SPS-3I630_150,,
TRT0178,292,C,0,0,,Banco de 3 transformadores 13 kV monofásicos 292 KVA en cámara,TRT-3I292,,
EST0077,,,0,0,,Est. 13 kV 3F Bandera Angular derivación 3F Semi Centrada Retención,EST-3BA+3SR,,
TUT0010,37.5,C,0,0,,Transformador  13kV 1F sumerg.  37.5 kVA,TUT-1S37.5,,
TRS0203,25,C,0,0,,Transformador 6 kV 2F conv. 25 kVA en cámara,TRS-2O25,,
ECS0039,200,E,0,0,,Regulador de voltaje bobina múltiple 6kV 3F 200 kVA ctrl electrónico,ECS-3EE200,,
SSS0047,,,0,0,,Secc. red subt. 6 kV 2F con fusible 40 A,SSS-2F40,,
APO0767,500,D,400,10,S,Lum. 240 V Led 500 W en poste con red aerea Autocontrolada Dob.niv.pot. C,APD-0PLCL500AD,50,40
TRR0152,350,C,0,0,,Banco de 2 transformadores 34.5 kV monofásicos 350 KVA en cámara,TRR-3V350,,
AOD0044,60,C,0,16,C,Lum. 240 V Ornamental Hg 60 W en poste Autocont. pot. cte.,AOD-0PLM60AC,9.6,
TAR0011,,,0,0,,Tensor en V a tierra Doble en redes de dist. 34.5 kV,TAR-0VD,,
TRR0288,25,C,0,0,,Banco de 3 transformadores 34.5 kV monofásicos 25 KVA en poste,TRR-3N25,,
TUT0089,65,C,0,0,,Banco de 3 transformadores 13 kV 1F convenc. Frente muerto 65 kVA,TUT-3R65,,
TRR0389,50,C,0,0,,Banco de 2 transformadores en paralelo 34.5 kV monofásicos 50 KVA en cámara,TRR-1V50,,
APO0419,500,C,0,12,,Proy. 240 V Hg 500 W en fachada con red preen hilo piloto pot. cte. C,APD-0FPCM500PC,60,
SDD0114,27,,,,,SGDA 240V 1F Fotovoltaica de 27kW,SDD-1F27,,
TUS0021,75,C,0,0,,Transformador  6kV 3F sumerg. 75 kVA,TUS-3S75,,
TUT0090,67,C,0,0,,Banco de 3 transformadores 13 kV 1F convenc. Frente muerto 67.5 kVA,TUT-3R67,,
COO0236,,,0,0,,CONDUCTOR ACAR #750 MCM,CO0-0S750,,
EST0038,,,0,0,,Est. 13 kV 3F Neutro Alineado en Cruceta Centrada Pasante,EST-3NP,,
ESE0005,,,0,0,,Est. 0V 1 vía Vertical Retención deriv. 1 vía Vertical Retención,ESE-1ER+1ER,,
APO0990,50,C,0,10,C,Lum. 240 V Led 50 W en poste con red subt Autocontrolada pot. cte. C,APD-0SLCL50AC,5,0
APO0953,201,C,0,10,C,Lum. 240 V Led 201 W en poste con red aérea hilo piloto pot. cte. C,APD-0PLCL201PC,20.1,
SST0019,,,0,0,,"Secc. red subt. 13kV 2F con barraje desc., 3 vias,  600 A",SST-2B3_600,,
SST0054,,,0,0,,Secc. red subt. 13 kV 3F con fusible 20 A,SST-3F20,,
TRT0294,375,C,0,0,,Transformador 13 kV 3F conv. 375 kVA en cámara,TRT-3O375,,
AOD0025,125,C,0,13,C,Lum. 240 V Ornamental Hg 125 W en Fachada Hilo Piloto pot. cte.,AOD-0FLM125PC,16.25,
ECV0034,100,E,0,0,,Regulador de voltaje bobina múltiple 22kV 1F 100 kVA ctrl electrónico,ECV-1EE100,,
SPS0100,,,0,0,,Secc. 6kV 3F con reconectador 1250A BIL 150,SPS-3R1250_150,,
SPS0104,,,0,0,,Secc. 6kV 3F con interruptor 1250A BIL 150,SPS-3I1250_150,,
SPV0088,,,0,0,,Secc. 22kV 3F con interruptor 630A BIL 75,SPV-3I630_75,,
ECV0006,100,C,0,0,,Capacitor fijo 22kV 3F 100kVAR,ECV-3C100,,
APO0325,150,C,0,13,,Lum. 240 V Na 150 W en poste con red subt hilo piloto pot. cte. C,APD-0SLCS150PC,19.5,
TRS0013,100,C,0,0,,Transformador 6  kV  3F conv. 100 kVA en poste,TRS-3C100,,
TRV0008,75,C,0,0,,Transformador 22 kV 1F conv. 75 kVA en poste,TRV-1C75,,
TRS0284,220,C,0,0,,Transformador 6 kV 3F conv. 220 kVA en cámara,TRS-3O220,,
ECV0007,200,C,0,0,,Capacitor fijo 22kV 3F 200kVAR,ECV-3C200,,
TRR0282,17.5,C,0,0,,Banco de 2 transformadores 34.5 kV monofasicos 17.5KVA en poste,TRR-3B17.5,,
SPV0115,,,0,0,,Secc. 22kV 3F con seccionador fus. unipolar ab. disp. rompearco 300A,SPV-3E300,,
SPS0038,,,0,0,,Secc. 6 kV 2F con seccionador de cuchilla   300A,SPS-2C300,,
MET0005,,,0,0,,Medidor 13kV 3F4H - Espec. Electr.  Energía A-R-D-M - 20 A_ Forma 5S,MET-3R20_5S,,
SST0051,,,0,0,,Secc. red subt. 13 kV 3F con fusible 10 A,SST-3F10,,
SPS0119,,,0,0,,Secc. 6 kV 2F con seccionador fus. unipolar ab. disp. rompearco 300A,SPS-2E300,,
POO9915,0,,0,0,,Poste Plástico fibra de vidrio Circular de 7.5m carga de rotura 200kg,PO0-0PC7.5_200,0,0
EST0078,,,0,0,,Est. 13 kV 3F Bandera Retención derivación 1F Centrada Retención,EST-3BR+1CR,,
SPR0050,,,0,0,,Secc. 34.5kV 3F con secc. trip. oper. con carga con disp. rompearco 200A,SPR-3N200,,
TUT0092,87.5,C,0,0,,Banco de 3 transformadores 13 kV 1F convenc. Frente muerto 87.5 kVA,TUT-3R87.5,,
TRR0413,350,C,0,0,,Banco de 2 transformadores en paralelo 34.5 kV monofásicos 350 KVA en cámara,TRR-1V350,,
TRR0314,275,C,0,0,,Banco de 3 transformadores 34.5 kV monofásicos 275 kVA en poste,TRR-3N275,,
SDD0001,0.67,,,,,SGDA 220V 1F Fotovoltaica de 0.67kW,SDD-1F0.67,,
APO0117,175,C,0,12,C,Lum. 240 V Hg175 W en fachada con red preen Autocontrolada pot. cte. A,APD-0FLAM175AC,21,
SPV0014,,,0,0,,Secc. 22kV 1F con interruptor 200A BIL 95,SPV-1I200_95,,
APO0113,125,C,0,13,C,Lum. 240 V Hg125 W en fachada con red preen hilo piloto pot. cte. A,APD-0FLAM125PC,16.25,
SPV0040,,,0,0,,Secc. 22kV 3F con seccionador tripolar para  oper. con carga 200A,SPV-3A200,,
POO0213,,,0,0,,Poste Hormigón armado rectangular de 9m carga de rotura 3000kg,PO0-0HR9_3000,,
SST0059,,,0,0,,"Secc. red subt. 13kV 2F con descarg. premold., MCOV 8,4kV",SST-2D8,,
SPD0023,,,0,0,,Secc. 240V 3F con fusible NH 160 A,SPD-3L160,,
SDC0157,6.5,,,,,SGDA 127V 2F Fotovoltaica de 6.5kW,SDC-2F6.5,,
ECT0016,300,M,0,0,,Regulador de voltaje bobina fija 13kV 1F 300 kVA ctrl manual,ECT-1RM300,,
SDD0143,4.36,,,,,SGDA 220V 2F Fotovoltaica de 4.36kW,SDD-2F4.36,,
TRS0194,175,C,0,0,,Transformador 6 kV 3F conv. 175 kVA en cámara,TRS-3O175,,
TRR0270,25,C,0,0,,Transformador 34.5 kV 3F conv. 25 kVA  en poste,TRR-3C25,,
SPT0001,,,0,0,,Secc. 13kV 1F con seccionador fus. unipolar ab. 100A,SPT-1S100,,
MED0029,,,0,0,,Medidor 240V 2F3H - Masivos Electromecánico. Energía Activa - 100 A_Forma 13A,MED-2L100_13A,,
APO0347,100,C,0,15,,Lum. 240 V Na 100 W en fachada con red preen Autocontrolada pot. cte. C,APD-0FLCS100AC,15,
ECS0034,100,E,0,0,,Regulador de voltaje bobina múltiple 6kV 1F 100 kVA ctrl electrónico,ECS-1EE100,,
COO0146,,,0,0,,Conductor TW Al # 350 MCM,CO0-0I350,,
COO0320,,,0,0,,Conductor Al. Preensamblado 3x25 + Nx50 mm²,CO0-0T3X25(50),,
POO9204,,,0,0,,Poste Hormigón armado Ornamental de 10.5m carga de rotura 500kg,PO0-0HO10.5_350,,
COO0176,,,0,0,,Conductor Concéntrico Al 3x1/0,CO0-0X3x1/0,,
TUT0035,100,C,0,0,,Transformador  13kV 3F sumerg. 100 kVA,TUT-3S100,,
TRR0230,250,C,0,0,,Transformador 34.5 kV 3F conv. 250 kVA en poste,TRR-3C250,,
TRV0142,112.5,C,0,0,,Banco de 3 transformadores 22 kV monofásicos 112.5 kVA en poste,TRV-3N112.5,,
EST0049,,,0,0,,Est. 13 kV 2F Centrada Pasante deriv. 1F Centrada Retención,EST-2CP+1CR,,
SPV0011,,,0,0,,Secc. 22kV 1F con interruptor 100A BIL 95,SPV-1I100_95,,
SDD0102,15.64,,,,,SGDA 240V 1F Fotovoltaica de 15.64kW,SDD-1F15.64,,
TRT0102,112.5,C,0,0,,Banco de 2 transformadores 13 kV monofásicos 112.5 KVA en poste,TRT-3B112.5,,
TUT0095,115,C,0,0,,Banco de 3 transformadores 13 kV 1F convenc. Frente muerto 115 kVA,TUT-3R115,,
APO0926,139,C,0,10,,Lum. 240 V Led 139 W en poste con red aérea Autocontrolada pot. cte. C,APD-0PLCL139AC,13.9,
TRS0235,75,C,0,0,,Banco de 2 transformadores en paralelo 6 kV bifasicos 75 KVA en poste,TRS-2B75,,
AOD0132,450,C,0,12,C,Lum. 240 V Ornamental MH 450 W en poste Autocont. pot. cte.,AOD-0PLH450AC,54,
TRT0304,60,C,0,0,,Transformador 13 kV 3F Pedestal o Padmounted 60 kVA,TRT-3P60,,
EU0033,,,,0,,Est.red subt.  pozo de 60x60x75 cm,EU0-0PA,,
SPT0126,0,,0,0,,Secc. 13kV 3F con seccionador de cuchilla   1200A,SPT-3C1200,0,0
ESN0021,,,0,0,,Est. 69 kV 3F Doble retención circuito simple con dos postes y aisladores tipo disco,ESN-1HD,,
TUV0036,112.5,C,0,0,,Transformador  22kV 3F sumerg. 112.5 kVA,TUV-3S112.5,,
TRR0020,50,C,0,0,,Transformador 34.5 kV 3F conv. 50 kVA en poste,TRR-3C50,,
EST0060,,,0,0,,Est. 13kV 3F Volada Pasante deriv. 1F Centrada Retención,EST-3VP+1CR,,
TRS0137,650,C,0,0,,Transformador 6 kV 3F conv. 650 kVA  en cámara,TRS-3O650,,
TRT0502,950,C,0,0,,Transformador 13 kV 3F conv. 950 kVA en cámara,TRT-2O950,0,0
MEC0014,,,0,0,,Medidor 120V 1F2H - Masivo Electrónico. Energía Activa - 80 A_ Forma 13A,MEC-1E80_13A,,
TRT0017,15,C,0,0,,Transformador 13 kV 3F conv. 15 kVA  en poste,TRT-3C15,,
TUT0060,50,C,0,0,,Banco de 2 transformadores 13 kV 1F convenc. Frente muerto 50 kVA,TUT-3T50,,
ESS0059,,,0,0,,Est. 6kV 3F Semi Cen. Pasante deriv. 2F Semi Cen. Retención,ESS-3SP+2SR,,
TRT0406,25,C,0,0,,Transformador 13 kV 1F semiprot. 25 kVA en poste,TRT-1R25,,
TOO0002,,,0,0,,Torre Metálica de 19.5 m,TO0-0ET19.5,,
TRS0092,160,C,0,0,,Transformador 6 kV 3F Pedestal o Padmounted 160 kVA,TRS-3P160,,
SPO0057,,,0,0,,Secc. 3F con conector de compresión 4/0 a 477 ACSR,SPO-3CC,,
ECS0014,100,M,0,0,,Regulador de voltaje bobina fija 6kV 1F 100 kVA ctrl manual,ECS-1RM100,,
TRV0156,137.5,C,0,0,,Banco de 3 transformadores 22 kV monofásicos 137.5 kVA en cámara,TRV-3I137.5,,
EST0095,,,0,0,,Est. 13 kV 3F Bandera Retención dos deriv.1F Centrada Retención,EST-3BR+1CR+1CR,,
TRT0094,62.5,C,0,0,,Banco de 2 transformadores 13 kV monofásicos 62.5 KVA en poste,TRT-3B62.5,,
SDD0050,4.95,,,,,SGDA 240V 1F Fotovoltaica de 4.95kW,SDD-1F4.95,,
ESN0002,,,0,0,,Est. 69 kV 3F Suspensión sencilla con aisladores tipo soporte o de poste,ESN-1LP,,
POO9101,,,0,0,,Poste Hormigón armado Ornamental de 9m carga de rotura 350kg,PO0-0HO9_350,,
TRR0433,220,C,0,0,,Transformador 34.5 kV 3F conv. 220 kVA en poste,TRR-3C220,,
ESV0040,,,0,0,,Est. 22 kV 1F Centrada Pasante deriv. 1F Centrada Retención,ESV-1CP+1CR,,
TRR0277,315,C,0,0,,Transformador 34.5 kV 3F Pedestal o Padmounted 315KVA,TRR-3P315,,
TUT0044,25,C,0,0,,Transformador  13kV 3F seco  25 kVA,TUT-3D25,,
EST0020,,,0,0,,Est. 13 kV 3F Centrada Angular,EST-3CA,,
APO0356,400,D,250,12,S,Lum. 240 V Na400 W en fachada con red preen Autocont. Dob.Niv.pot. C,APD-0FLCS400AD,48,30
COO0392,,,0,0,,Conductor TTU Al #350 MCM,CO0-0M350,,
ESR0139,,,0,0,,Est. 34.5 kV 3F Semiaislado o Ecologico Retención,ESR-3MR,,
TUT0119,500,C,0,0,,Banco de 3 transformadores 13 kV 1F convenc. Frente muerto 500 kVA,TUT-3R500,,
TRV0302,40,C,0,0,,Banco de 2 transformadores en paralelo 22 kV monofásicos 40 KVA en poste,TRV-1B40,,
TRT0196,833,C,0,0,,Banco de 3 transformadores 13 kV monofásicos 833 KVA en cámara,TRT-3I833,,
SPT0056,,,0,0,,Secc. 13kV 3F con interruptor 200A BIL 95,SPT-3I200_95,,
TRR0292,375,C,0,0,,Transformador 34.5 kV 3F conv. 375 kVA en cámara,TRR-3O375,,
EST0035,,,0,0,,Est. 13 kV 3F Tres Postes Doble retención,EST-3TD,,
POO4108,,,0,0,,Poste Hormigón armado Circular de 16.5 m carga de rotura 800 kg,PO0-0HC16.5_800,,
TRV0351,192,C,0,0,,Banco de 2 transformadores en paralelo 22 kV monofásicos 192 kVA en cámara,TRV-1V192,,
TRT0321,55,C,0,0,,Banco de 2 transformadores 13 kV monofásicos 55 kVA en poste,TRT-3B55,,
TRT0477,28,C,0,0,,Banco de 2 transformadores 13 kV monofasicos 28KVA en poste,TRT-3B28,,
TUT0056,25,C,0,0,,Banco de 2 transformadores 13 kV 1F convenc. Frente muerto 25 kVA,TUT-3T25,,
ECS0051,250,C,0,0,,Capacitor fijo 6kV 3F 250kVAR,ECS-3C250,,
ESV0002,,,0,0,,Est. 22 kV 1F Centrada Angular,ESV-1CA,,
EST0127,,,0,0,,Est. 13 kV 3F Tres Postes Doble Reten. deriv. 3F Centrada Retención,EST-3TD+3CR,,
ESR0023,,,0,0,,Est. 34.5 kV 3F Semicentrada Pasante,ESR-3SP,,
POO3116,,,0,0,,Poste Hormigón armado Rectangular de 14m carga de rotura 1100kg,PO0-0HR14_1100,,
ESD0051,,,0,0,,Est. 240V 4 vías Centrada Pasante,ESD-4CP,,
TRS0059,5,A,0,0,,Transformador 6 kV 2F autoproteg. 5 kVA en poste,TRS-2A5,,
ECT0048,144,M,0,0,,Regulador de voltaje bobina fija 13kV 1F 144 kVA ctrl manual,ECT-1RM144,,
SPO0052,,,0,0,,Secc. 3F con fusible 200K,SPO-3F200K,,
TRR0054,350,C,0,0,,Transformador 34.5 kV 3F Pedestal o Padmounted 350KVA,TRR-3P350,,
TRS0220,20,C,0,0,,Banco de 2 transformadores en paralelo 6 kV bifasicos 20 KVA en poste,TRS-2B20,,
TUS0023,100,C,0,0,,Transformador  6kV 3F sumerg. 100 kVA,TUS-3S100,,
TRR0035,167,C,0,0,,Transformador 34.5 kV 1F Pedestal o Padmounted 167KVA,TRR-1P167,,
TRR0334,500,C,0,0,,Transformador 34.5 kV 1F conv. 500 kVA en poste,TRR-1C500,,
SPT0035,,,0,0,,Secc. 13kV 3F con seccionador fus. unipolar ab. disp. rompearco 100A,SPT-3E100,,
TUV0046,50,C,0,0,,Transformador  22kV 3F seco 50 kVA,TUV-3D50,,
TRT0238,120,C,0,0,,Transformador 13 kV 3F conv. 120 kVA en cámara,TRT-3O120,,
TRS0020,125,C,0,0,,Transformador 6 kV 3F Pedestal o Padmounted 125KVA,TRS-3P125,,
SDD0293,140,,,,,SGDA 220V 3F Fotovoltaica de 140kW,SDD-3F140,,
TRS0091,120,C,0,0,,Transformador 6 kV 3F Pedestal o Padmounted 120 kVA,TRS-3P120,,
SSD0018,,,0,0,,Secc. red subt. 220 V 3F con interruptor termomagnético  350 A,SSD-3N350,,
SST0049,,,0,0,,Secc. red subt. 13 kV 3F con fusible 6 A,SST-3F6,,
ESV0130,,,0,0,,Est. 22 kV 1F Semiaislado o Ecologico Angular,ESV-1MA,,
TRT0237,112,C,0,0,,Transformador 13 kV 3F conv. 112 kVA en cámara,TRT-3O112,,
SDD0171,9.36,,,,,SGDA 220V 2F Fotovoltaica de 9.36kW,SDD-2F9.36,,
SDD0193,20,,,,,SGDA 220V 2F Fotovoltaica de 20kW,SDD-2F20,,
SPR0013,,,0,0,,Secc. 34.5kV 1F con interruptor 100A BIL 95,SPR-1I100_95,,
SPO0063,,,,0,,Secc. 2F con fusible 4H,SPO-2F4H,,
SSD0037,,,0,0,,"Secc. red subt. 220V 2F, Transición, inst. de bornes de fusibles NH",SSD-2RF,,
SPO0040,,,0,0,,Secc. 3F con fusible 8K,SPO-3F8K,,
ECV0041,150,C,0,0,,Capacitor fijo 22kV 3F 150kVAR,ECV-3C150,,
TRT0053,300,C,0,0,,Transformador 13 kV 3F Pedestal o Padmounted 300KVA,TRT-3P300,,
SPT0109,,,0,0,,Secc. 13kV 3F con reconectador 800A BIL 150,SPT-3R800_150,,
TRR0137,100,C,0,0,,Banco de 2 transformadores 34.5 kV monofásicos 100 KVA en cámara,TRR-3V100,,
SPS0062,,,0,0,,Secc. 6 kV 3F con interruptor 100A BIL 95,SPS-3I100_95,,
EST0108,,,0,0,,Est. 13 kV 3F Dos Postes Doble Retención deriv. 1F Centrada Pasante,EST-3HD+1CP,,
ECV0040,300,E,0,0,,Regulador de voltaje bobina múltiple 22kV 3F 300 kVA ctrl electrónico,ECV-3EE300,,
COO0207,,,0,0,,Conductor  Al. Preensamblado 2x35 + Nx50 mm²,CO0-0T2X35(50),,
SDD0103,16,,,,,SGDA 240V 1F Fotovoltaica de 16kW,SDD-1F16,,
TRV0168,292,C,0,0,,Banco de 3 transformadores 22 kV monofásicos 292 kVA en cámara,TRV-3I292,,
TRT0272,25,C,0,0,,Transformador 13 kV 3F conv. 25 kVA  en poste,TRT-3C25,,
SDD0212,6.6,,,,,SGDA 220V 3F Fotovoltaica de 6.6kW,SDD-3F6.6,,
COO0308,,,0,0,,CONDUCTOR ACAR #2/0 AWG,CO0-0S2/0,,
SPO0045,,,0,0,,Secc. 3F con fusible 30K,SPO-3F30K,,
SPO0060,,,0,0,,Secc. 3F con conector ranuras paralelas 4/0 a 300 - 6 a 300 ACSR/AAAC,SPO-3UC,,
TRR0194,667,C,0,0,,Banco de 3 transformadores 34.5 kV monofásicos 667 KVA en cámara,TRR-3I667,,
TRS0082,15,C,0,0,,Transformador 6 kV 3F conv. 15 kVA en poste,TRS-3C15,,
COO0280,,,0,0,,Multiconductor Cu 2X10,CO0-0N2X10,,
SDD0191,18,,,,,SGDA 220V 2F Fotovoltaica de 18kW,SDD-2F18,,
TRS0093,175,C,0,0,,Transformador 6 kV 3F Pedestal o Padmounted 175 kVA,TRS-3P175,,
EST0039,,,0,0,,Est. 13 kV 1F Centrada Pasante deriv. 1F Centrada Retención,EST-1CP+1CR,,
ESV0101,,,0,0,,Est. 22 kV 3F Volada Doble Retención deriv. 3F Semi Centrada Retención,ESV-3VD+3SR,,
TRS0077,225,C,0,0,,Transformador 6 kV 2F Pedestal o Padmounted 225 kVA,TRS-2P225,,
COO0119,,,0,0,,Conductor Clase 25kV Cu 750 MCM,CO0-0Y750,,
ESR0033,,,0,0,,Est. 34.5 kV 3F Dos Postes Doble retención,ESR-3HD,,
COO0125,,,0,0,,Conductor Clase 25kV Al 3/0 AWG,CO0-0E3/0,,
TRT0207,250,C,0,0,,Transformador 13 kV 1F conv. 250 kVA en poste,TRT-1C250,,
POO3705,,,0,0,,Poste Hormigón armado Circular de 18m carga de rotura 600kg,PO0-0HC18_600,,
AOD0154,42,C,0,10,C,Proy. 240V Ornamental Led 42 W en piso  hilo piloto pot. Cte.,AOD-0IPL42PC,4.2,
ESR0025,,,0,0,,Est. 34.5 kV 3F Semicentrada Retención,ESR-3SR,,
SPT0033,,,0,0,,Secc. 13kV 3F con seccionador fus. unipolar ab. 100A,SPT-3S100,,
SPD0036,,,0,0,,Secc. 240V 3F con Interruptor Termomagnetico de 60 A,SPD-3M60,,
TAT0003,,,0,0,,Tensor Farol Doble en redes de dist. 13 kV,TAT-0FD,,
TRR0086,25,C,0,0,,Banco de 2 transformadores 34.5 kV monofásicos 25 KVA en poste,TRR-3B25,,
TUS0022,90,C,0,0,,Transformador  6kV 3F sumerg. 90 kVA,TUS-3S90,,
ESS0070,,,0,0,,Est. 6 kV 3F Semicentrada Retención deriv. 2F Centrada Retención,ESS-3SR+2CR,,
TRV0018,30,C,0,0,,Transformador 22 kV 3F conv. 30 kVA en poste,TRV-3C30,,
ESS0133,,,0,0,,Est. 6 kV 2F Semiaislado o Ecologico Pasante,ESS-2MP,,
TRV0295,315,C,0,0,,Transformador 22 kV 3F conv. 315 kVA en poste,TRV-3C315,,
APO0787,135,C,0,10,,Lum. 240 V Led 135 W en poste con red preen Autocont. pot. cte. C,APD-0OLCL135AC,13.5,
TRR0422,60,A,0,0,,Transformador 34.5 kV 1F autoproteg. 60 kVA en poste,TRR-1A60,,
TRV0252,35,C,0,0,,Banco de 2 transformadores 22 kV monofásicos 35 kVA en cámara,TRV-3V35,,
POO5700,,,0,0,,Poste Metálico Ornamental de 5m,PO0-0EO5,,
COO0241,,,0,0,,CONDUCTOR AAAC 5005 #397.5 MCM,CO0-0C397.5,,
SDV0238,12,,,,,SGDA 22kV 3F Fotovoltaica de 12kW,SDV-3F12,,
SPV0085,,,0,0,,Secc. 22kV 3F con reconectador 630A BIL 95,SPV-3R630_95,,
COO0154,,,0,0,,Conductor THHN Cu #300 MCM,CO0-0Q300,,
SDD0123,1000,,,,,SGDA 240V 1F Fotovoltaica de 1000kW,SDD-1F1000,,
POO2205,,,0,0,,Poste Hormigón armado Circular de 13.5m carga de rotura 600kg,PO0-0HC13.5_600,,
ESS0094,,,0,0,,Est. 6 kV 3F Bandera Angular dos deriv. 2F Centrada Retención,ESS-3BA+2CR+2CR,,
ESV0113,,,0,0,,Est. 22 kV 3F Tres Postes Doble Reten. dos deriv. 1F Centrada Reten.,ESV-3TD+1CR+1CR,,
TRR0359,47.5,C,0,0,,Banco de 2 transformadores en paralelo 34.5 kV monofásicos 47.5 KVA en poste,TRR-1B47.5,,
TRV0117,160,C,0,0,,Transformador 22 kV 3F Pedestal o Padmounted 160 kVA,TRV-3P160,,
SDD0252,24.8,,,,,SGDA 220V 3F Fotovoltaica de 24.8kW,SDD-3F24.8,,
SDD0198,24,,,,,SGDA 220V 2F Fotovoltaica de 24kW,SDD-2F24,,
SPR0100,,,0,0,,Secc. 34.5 kV 3F con interruptor 1250A BIL 150,SPR-3I1250_150,,
APO0936,210,C,0,10,,Lum. 240 V Led 210 W en poste con red aérea Autocontrolada pot. cte. C,APD-0PLCL210AC,21,
TRR0429,960,C,0,0,,Transformador 34.5 kV 3F conv. 960 kVA en cámara,TRR-3O960,,
TRV0175,400,C,0,0,,Banco de 3 transformadores 22 kV monofásicos 400 kVA en cámara,TRV-3I400,,
TRT0441,350,C,0,0,,Banco de 2 transformadores en paralelo 13 kV monofásicos 350 KVA en cámara,TRT-1V350,,
POO1003,,,0,0,,Poste Hormigón armado Circular de 11m carga de rotura 475kg,PO0-0HC11_475,,
TRR0372,110,C,0,0,,Banco de 2 transformadores en paralelo 34.5 kV monofásicos 110 KVA en poste,TRR-1B110,,
TRT0122,20,C,0,0,,Banco de 2 transformadores 13 kV monofásicos 20 KVA en cámara,TRT-3V20,,
APO0403,500,C,0,12,,Proy. 240 V Hg 500 W en poste con red aerea hilo piloto pot. cte. C,APD-0PPCM500PC,60,
SPV0093,,,0,0,,Secc. 22kV 3F con reconectador 1250A BIL 95,SPV-3R1250_95,,
TRT0377,60,C,0,0,,Banco de 2 transformadores en paralelo 13 kV monofásicos 60 KVA en poste,TRT-1B60,,
ESR0105,,,0,0,,Est. 34.5 kV 3F Dos Postes Pasante deriv. 1F Centrada Pasante,ESR-3HP+1CP,,
APO0965,106,C,0,10,C,Lum. 127 V Led 106 W en fachada con red subt Autocontrolada pot. cte. C,APC-0ALCL106AC,10.6,
SSS0056,,,0,0,,Secc. red subt. 6 kV 3F con fusible 30 A,SSS-3F30,,
EST0101,,,0,0,,Est. 13 kV 3F Volada Doble Retención deriv. 3F Semi Centrada Retención,EST-3VD+3SR,,
TRR0010,5,A,0,0,,Transformador 34.5 kV 1F autoproteg. 5 kVA en poste,TRR-1A5,,
POO2105,,,0,0,,Poste Hormigón armado Circular de 13m carga de rotura 600kg,PO0-0HC13_600,,
SSV0047,,,0,0,,Secc. red subt. 22 kV 2F con fusible 40 A,SSV-2F40,,
EU0012,,,0,0,,Est.red subt.  banco de ductos  config. 4x2  de 110 mm.  en acera,EU0-0B4x2B1,,
ESV0097,,,0,0,,Est. 22 kV 3F Centrada Angular deriv. 3F Semi Centrada Retención,ESV-3CA+3SR,,
SPR0096,,,0,0,,Secc. 34.5 kV 3F con reconectador 1250A BIL 150,SPR-3R1250_150,,
POO3804,,,0,0,,Poste Hormigón armado rectangular de 12m carga de rotura 500kg,PO0-0HR12_500,,
TRV0198,50,C,0,0,,Banco de 2 transformadores 22 kV monofásicos 50 KVA en poste,TRV-3B50,,
TRS0122,350,C,0,0,,Transformador 6 kV 3F conv. 350 kVA en cámara,TRS-3O350,,
EU0038,,,0,0,,Est.red subt.  pozo de l?40; a?40; p<60 cm,EU0-0PX,,
COO0301,,,0,0,,Conductor TTU Cu #600 MCM,CO0-0P600,,
ESD0001,,,0,0,,Est. 240V 3 vías Vertical Pasante,ESD-3EP,,
TUT0100,162.5,C,0,0,,Banco de 3 transformadores 13 kV 1F convenc. Frente muerto 162.5 kVA,TUT-3R162.5,,
TRT0137,100,C,0,0,,Banco de 2 transformadores 13 kV monofásicos 100 KVA en cámara,TRT-3V100,,
TRT0147,200,C,0,0,,Banco de 2 transformadores 13 kV monofásicos 200 KVA en cámara,TRT-3V200,,
TRV0136,55,C,0,0,,Banco de 3 transformadores 22 kV monofásicos 55 kVA en poste,TRV-3N55,,
SSS0008,,,0,0,,"Secc. red subt. 6kV 2F con conector codo Portaf.,  200 A",SSS-2P200,,
ESD0048,,,0,0,,Est. 240V 3 vías Vertical en volado Retención,ESD-3OR,,
TRV0106,25,C,0,0,,Transformador 22 kV 2F conv. 25 kVA en poste,TRV-2C25,,
SDD0054,5.68,,,,,SGDA 240V 1F Fotovoltaica de 5.68kW,SDD-1F5.68,,
TRT0499,275,C,0,0,,Transformador 13 kV 3F conv. 275 kVA en cámara,TRT-3O275,0,0
SSD0008,,,0,0,,Secc. red subt. 220 V 2F con interruptor termomagnético 100 A,SSD-2N100,,
SSV0019,,,0,0,,"Secc. red subt. 22kV 2F con barraje desc., 3 vias,  600 A",SSV-2B3_600,,
ESR0036,,,0,0,,Est. 34.5 kV 3F Bandera Angular,ESR-3BA,,
ECV0024,300,M,0,0,,Regulador de voltaje bobina fija 22kV 3F 300 kVA ctrl manual,ECV-3RM300,,
APO0931,220,C,0,10,,Lum. 240 V Led 220 W en fachada con red subt hilo piloto pot. cte. C,APD-0ALCL220PC,22,
TRS0124,450,C,0,0,,Transformador 6 kV 3F conv. 450 kVA en cámara,TRS-3O450,,
POO11012,,,0,0,,Poste Plástico fibra de vidrio Circular de 14m carga de rotura 2000kg,PO0-0PC14_2000,,
TRR0165,125,C,0,0,,Banco de 3 transformadores 34.5 kV monofásicos 125 KVA en cámara,TRR-3I125,,
TRT0420,62.5,C,0,0,,Banco de 2 transformadores en paralelo 13 kV monofásicos 62.5 KVA en cámara,TRT-1V62.5,,
SPS0083,,,0,0,,Secc. 6kV 3F con reconectador 560A BIL 125,SPS-3R560_125,,
TAS0006,,,0,0,,Tensor a Tierra Simple en redes de dist. 6 kV,TAS-0TS,,
POO1007,,,0,0,,Poste Hormigón armado Circular de 11m carga de rotura 700kg,PO0-0HC11_700,,
TRT0258,200,C,0,0,,Banco de 3 transformadores 13 kV monofásicos 200 KVA en poste,TRT-3N200,,
COO0286,,,0,0,,Multiconductor Cu 3X4,CO0-0N3X4,,
SPD0010,,,0,0,,Secc. 240V 2F con fusible NH 160 A,SPD-2L160,,
TRV0169,300,C,0,0,,Banco de 3 transformadores 22 kV monofásicos 300 kVA en cámara,TRV-3I300,,
TRT0351,17.5,C,0,0,,Banco de 2 transformadores en paralelo 13 kV monofasicos 17.5KVA en poste,TRT-1B17.5,,
TRT0455,97.5,C,0,0,,Banco de 3 transformadores 13 kV monofásicos 97.5 KVA en poste,TRT-3N97.5,,
TRT0419,60,C,0,0,,Banco de 2 transformadores en paralelo 13 kV monofásicos 60 KVA en cámara,TRT-1V60,,
APO0764,500,C,0,10,,Lum. 240 V Led 500 W en poste con red subt Autocontrolada pot. cte. C,APD-0SLCL500AC,50,
TRT0168,150,C,0,0,,Banco de 3 transformadores 13 kV monofásicos 150 KVA en cámara,TRT-3I150,,
ESS0140,,,0,0,,Est. 6 kV 3F Semiaislado o Ecologico  Doble retención,ESS-3MD,,
COO0185,,,0,0,,Conductor Cu. Desnudo # 4/0 AWG,CO0-0G4/0,,
SPO0005,,,0,0,,Secc. 1F con fusible 6K,SPO-1F6K,,
SPT0086,,,0,0,,Secc. 13kV 3F con reconectador 560A BIL 125,SPT-3R560_125,,
SPO0015,,,0,0,,Secc. 1F con conector ranuras paralelas 3 a 2/0 - 6 a 2/0 Al/Cu,SPO-1UA,,
TRR0455,1050,C,0,0,,Transformador 34.5 kV 3F conv. 1050 kVA en cámara,TRR-3O1050,,
ESS0123,,,0,0,,Est. 6 kV 2F Bandera Angular dos deriv. 2F Centrada Retención,ESS-2BA+2CR+2CR,,
TRV0319,125,C,0,0,,Banco de 2 transformadores en paralelo 22 kV monofásicos 125 kVA en poste,TRV-1B125,,
ECR0038,100,E,0,0,,Regulador de voltaje bobina múltiple 34.5kV 3F 100 kVA ctrl electrónico,ECR-3EE100,,
EST0112,,,0,0,,Est. 13 kV 3F Dos Postes Pasante dos deriv. 1F Centrada Retención,EST-3HP+1CR+1CR,,
SPT0061,,,0,0,,Secc. 13kV 3F con reconectador 600A BIL 95,SPT-3R600_95,,
SDD0141,4,,,,,SGDA 220V 2F Fotovoltaica de 4kW,SDD-2F4,,
TRT0190,501,C,0,0,,Banco de 3 transformadores 13 kV monofásicos 501 KVA en cámara,TRT-3I501,,
COO0321,,,0,0,,Conductor Al. Preensamblado 3x35 + Nx50 mm²,CO0-0T3X35(50),,
ESR0088,,,0,0,,Est. 34.5 kV 3F Dos Postes Angular,ESR-3HA,,
TRR0234,90,C,0,0,,Transformador 34.5 kV 3F conv. 90 kVA en cámara,TRR-3O90,,
TRT0058,630,C,0,0,,Transformador 13 kV 3F Pedestal o Padmounted 630KVA,TRT-3P630,,
TRR0011,10,A,0,0,,Transformador 34.5 kV 1F autoproteg. 10 kVA en poste,TRR-1A10,,
ESD0022,,,0,0,,Est. 240V 4 vías Vertical Retención deriv. 4 vías Vertical Retención,ESD-4ER+4ER,,
APO0421,100,C,0,15,,Proy. 240 V Hg 100 W en fachada con red preen Autocontrolado pot. cte. C,APD-0FPCM100AC,15,
TRR0071,15,C,0,0,,Transformador 34.5 kV 1F conv. 15 kVA en cámara,TRR-1O15,,
TUT0132,250,C,0,0,,Transformador  13kV 1F conv. frente muerto 250 kVA,TUT-1M250,0,0
ECV0055,900,C,0,0,,Capacitor fijo 22kV 3F 900kVAR,ECV-3C900,,
SSD0015,,,0,0,,Secc. red subt. 220 V 3F con interruptor termomagnético  225 A,SSD-3N225,,
TRV0176,434,C,0,0,,Banco de 3 transformadores 22 kV monofásicos 434 kVA en cámara,TRV-3I434,,
TRT0450,350,C,0,0,,Banco de 3 transformadores 13 kV monofásicos 350 KVA en poste,TRT-3N350,,
TRT0020,50,C,0,0,,Transformador 13 kV 3F conv. 50 kVA en poste,TRT-3C50,,
ECR0031,200,M,0,0,,Regulador de voltaje bobina múltiple 34.5kV 1F 200 kVA ctrl manual,ECR-1EM200,,
ESR0008,,,0,0,,Est. 34.5 kV 1F En volado Doble retención,ESR-1VD,,
EU0032,,,0,0,,"Est.red subt. banco ductos,config.2x2 de Ø160 mm+1x2 de Ø110 mm calzada",EU0-0B(2X2C+1x2B)2,,
EST0107,,,0,0,,Est. 13 kV 3F Dos Postes Angular deriv. 1F Centrada Pasante,EST-3HA+1CP,,
COO0194,,,0,0,,"Multiconductor de Cu, aislado  600 V, Tipo PVC  No.4X8 AWG, 7 hilos",CO0-0N4x8,,
MED0019,,,0,0,,Medidor 240V 2F3H - Especiales Electrónico. Energía A-D - 20 A_Forma 5S,MED-3D20_5S,,
COO0229,,,0,0,,CONDUCTOR ACAR #250 MCM,CO0-0S250,,
ECR0064,450,A,0,0,,Capacitor automático 34.5kV 3F 450kVAR,ECR-3A450,,
TRR0139,112.5,C,0,0,,Banco de 2 transformadores 34.5 kV monofásicos 112.5 KVA en cámara,TRR-3V112.5,,
TRR0328,37.5,C,0,0,,Transformador 34.5 kV 2F conv. 37.5 kVA en cámara,TRR-2O37.5,,
TRV0338,75,C,0,0,,Banco de 2 transformadores en paralelo 22 kV monofásicos 75 kVA en cámara,TRV-1V75,,
POO5014,,,0,0,,Poste Hormigón armado rectangular de 16m carga de rotura 750kg,PO0-0HR16_750,,
COO0263,,,0,0,,Conductor Clase 15kV Cu 600 MCM,CO0-0V600,,
TUT0050,200,C,0,0,,Transformador  13kV 3F  seco 200 kVA,TUT-3D200,,
TUS0047,250,C,0,0,,Transformador  6kV 3F  seco 250 kVA,TUS-3D250,,
TRT0402,10,C,0,0,,Transformador 13 kV 1F semiprot. 10 kVA en poste,TRT-1R10,,
COO0078,,,0,0,,Conductor Concéntrico Cu 2x14,CO0-0W2x14,,
POO8304,,,0,0,,Poste Hormigón armado Circular de 10.5m carga de rotura 500kg,PO0-0HC10.5_500,,
TRR0237,190,C,0,0,,Transformador 34.5 kV 3F conv. 190 kVA en cámara,TRR-3O190,,
AOD0028,150,C,0,13,C,Lum. 240 V Ornamental Na 150 W en piso Autocont. pot. cte.,AOD-0ILS150AC,19.5,
TRR0220,20,C,0,0,,Transformador 34.5 kV 3F conv. 20 kVA  en poste,TRR-3C20,,
APO0339,250,D,150,12,S,Lum. 240 V Na250 W en poste con red subt Autocontrolada Dob.niv.pot. C,APD-0SLCS250AD,30,19.5
TRV0285,90,C,0,0,,Banco de 3 transformadores 22 kV monofásicos 90 kVA en poste,TRV-3N90,,
COO0222,,,0,0,,Conductor Clase 35KV Al 3/0 AWG,CO0-0L3/0,,
POO0301,,,0,0,,Poste Plástico fibra de vidrio Circular de 9m carga de rotura 350kg,PO0-0PC9_350,,
ESR0048,,,0,0,,Est. 34.5 kV 2F Centrada Pasante deriv. 2F Centrada Retención,ESR-2CP+2CR,,
POO10022,,,0,0,,Poste Hormigón armado rectangular de 19m carga de rotura 1600kg,PO0-0HR19_1600,,
SDT0127,1.5,,,,,"SGDA 13,8kV 2F Fotovoltaica de 1.5kW",SDT-2F1.5,,
SPS0115,,,0,0,,Secc. 6kV 3F con interruptor 400A BIL 125,SPS-3I400_125,,
TUV0032,60,C,0,0,,Transformador  22kV 3F sumerg.  60 kVA,TUV-3S60,,
APO0979,212,D,148,10,D,Lum. 240V Led 212 W en poste  con red aérea Autocontrolada Dob.Niv.Pot. C,APD-0PLCL212AD,21.2,14.8
SPT0087,,,0,0,,Secc. 13kV 3F con reconectador 560A BIL 150,SPT-3R560_150,,
TUS0028,300,C,0,0,,Transformador  6kV 3F sumerg. 300 kVA,TUS-3S300,,
EST0042,,,0,0,,Est. 13 kV 1F Centrada Angular deriv. 1F Centrada Retención,EST-1CA+1CR,,
TRR0195,750,C,0,0,,Banco de 3 transformadores 34.5 kV monofásicos 750 KVA en cámara,TRR-3I750,,
EU0040,,,0,0,,Est.red subt.  pozo de l>80; a>80; p>100,EU0-0PZ,,
APO0233,125,C,0,13,C,Lum. 240 V Hg 125 W en poste con red preen Autocontrolada pot. cte. C,APD-0OLCM125AC,16.25,
ESD0011,,,0,0,,Est. 240V 4 vías En volado Pasante,ESD-4OP,,
COO0180,,,0,0,,Conductor Multiplex Al 3x2/0 AWG,CO0-0J3x2/0,,
COO0103,,,0,0,,Conductor Clase 15kV Al 4 AWG,CO0-0Z4,,
ESV0046,,,0,0,,Est. 22 kV 1F Centrada Retención deriv. 1F Centrada Retención,ESV-1CR+1CR,,
POO4310,,,0,0,,Poste Hormigón armado Rectangular de 23 m carga de rotura 1200 kg,PO0-0HR23_1200,,
POO0304,,,0,0,,Poste Plástico fibra de vidrio Circular de 9m carga de rotura 500kg,PO0-0PC9_500,,
SSV0059,,,0,0,,"Secc. red subt. 22kV 2F con descarg. premold., MCOV 15,3kV",SSV-2D15,,
ECV0043,144,M,0,0,,Regulador de voltaje bobina fija 22kV 1F 144 kVA ctrl manual,ECV-1RM144,,
APO0776,120,C,0,10,,Lum. 240 V Led 120 W en fachada con red subt Autocontrolada pot. cte. C,APD-0ALCL120AC,12,
COO0262,,,0,0,,Conductor Clase 15kV Cu 6 AWG,CO0-0V6,,
TRV0426,130,C,0,0,,Transformador 22 kV 3F conv. 130 kVA en cámara,TRV-3O130,,
POO1104,,,0,0,,Poste Hormigón armado Rectangular de 11m carga de rotura 500kg,PO0-0HR11_500,,
ECS0068,50,A,0,0,,Capacitor automático 6kV 2F 50kVAR,ECS-2A50,,
TRS0106,4500,C,0,0,,Transformador 6 kV 3F Pedestal o Padmounted 4500 kVA,TRS-3P4500,,
TRR0293,700,C,0,0,,Transformador 34.5 kV 3F conv. 700 kVA en cámara,TRR-3O700,,
COO0065,,,0,0,,Conductor TTU Cu #4 AWG,CO0-0P4,,
TRR0014,37.5,A,0,0,,Transformador 34.5 kV 1F autoproteg. 37.5 kVA en poste,TRR-1A37.5,,
TRR0121,112.5,C,0,0,,Banco de 3 transformadores 34.5 kV monofásicos 112.5 KVA en poste,TRR-3N112.5,,
SDD0282,80,,,,,SGDA 220V 3F Fotovoltaica de 80kW,SDD-3F80,,
SPT0049,,,0,0,,Secc. 13kV 3F con secc. trip. oper. con carga con disp. rompearco 100A,SPT-3N100,,
SPT0018,,,0,0,,Secc. 13kV 1F con reconectador 400A BIL 125,SPT-1R400_125,,
TRT0356,180,C,0,0,,Transformador 13 kV 3F conv. 180 kVA en cámara,TRT-3O180,,
SDD0047,4.5,,,,,SGDA 240V 1F Fotovoltaica de 4.5kW,SDD-1F4.5,,
TRT0330,1250,C,0,0,,Transformador 13 kV 3F conv. 1250 kVA en cámara,TRT-3O1250,,
ECT0059,900,C,0,0,,Capacitor fijo 13kV 3F 900kVAR,ECT-3C900,,
TRV0299,25,C,0,0,,Banco de 2 transformadores en paralelo 22 kV monofásicos 25 kVA en poste,TRV-1B25,,
POO6000,,,0,0,,Poste Metálico Ornamental de 8m,PO0-0EO8,,
SDV0085,9.9,,,,,SGDA 22kV 1F Fotovoltaica de 9.9kW,SDV-1F9.9,,
TRV0353,242,C,0,0,,Banco de 2 transformadores en paralelo 22 kV monofásicos 242 kVA en cámara,TRV-1V242,,
TRV0222,60,C,0,0,,Transformador 22 kV 3F Pedestal o Padmounted 60 kVA,TRV-3P60,,
ESS0049,,,0,0,,Est. 6 kV 2F Centrada Pasante deriv. 2F Centrada Retención,ESS-2CP+2CR,,
SDD0236,11.5,,,,,SGDA 220V 3F Fotovoltaica de 11.5kW,SDD-3F11.5,,
MEC0009,,,0,0,,Medidor 120V 1F2H - Masivos Electromecánico. Energía Activa - 100 A_Forma 13A,MEC-1L100_13A,,
ECV0052,400,C,0,0,,Capacitor fijo 22kV 3F 400kVAR,ECV-3C400,,
COO0256,,,0,0,,Conductor TW Cu # 450 MCM,CO0-0O450,,
APO0991,90,C,0,10,C,Lum. 240 V Led 90 W en poste con red subt Autocontrolada pot. cte. C,APD-0SLCL90AC,9,0
ECR0049,167,M,0,0,,Regulador de voltaje bobina fija 34.5kV 1F 167 kVA ctrl manual,ECR-1RM167,,
SDT0326,800,,,,,"SGDA 13,8kV 3F Fotovoltaica de 800kW",SDT-3F800,,
TUT0016,50,C,0,0,,Transformador  13kV 3F conv. frente muerto  50 kVA,TUT-3M50,,
POO11100,,,0,0,,Poste Metálico Ornamental de 10.5m,PO0-0EO10.5,,
SPS0092,,,0,0,,Secc. 6kV 3F con reconectador 630A BIL 150,SPS-3R630_150,,
COO0243,,,0,0,,CONDUCTOR AAAC 6201 #266.8 MCM,CO0-0D266.8,,
EST0030,,,0,0,,Est. 13 kV 3F En volado Doble retención,EST-3VD,,
SSS0005,,,0,0,,"Secc. red subt. 6kV 2F con conector tipo T,  600 A",SSS-2T600,,
SDD0306,240,,,,,SGDA 220V 3F Fotovoltaica de 240kW,SDD-3F240,,
POO4210,,,0,0,,Poste Hormigón armado Rectangular de 21 m carga de rotura 1200 kg,PO0-0HR21_1200,,
EST0072,,,0,0,,Est. 13 kV 3F Neutro Alineado en Cruceta Centrada Retención,EST-3NR,,
COO0406,,,0,0,,Conductor Al. Preensamblado 2x95 + Nx95 mm² + HPx25 mm²,CO0-0T2X95(95)+25,,
ESV0059,,,0,0,,Est. 22 kV 3F Centrada Retención deriv. 2F Centrada Retención,ESV-3CR+2CR,,
POO4023,,,0,0,,Poste Hormigón armado Rectangular de 16.5 m carga de rotura 1400 kg,PO0-0HR16.5_1400,,
TRV0346,125,C,0,0,,Banco de 2 transformadores en paralelo 22 kV monofásicos 125 kVA en cámara,TRV-1V125,,
COO0026,,,0,0,,Conductor AAAC 6201 #1/0 AWG,CO0-0D1/0,,
TRR0344,5,C,0,0,,Transformador 34.5 kV 3F Pedestal o Padmounted 5 kVA,TRR-3P5,,
ESS0100,,,0,0,,Est. 6 kV 3F En Volado Angular deriv. 3F Semicentrada Retención,ESS-3VA+3SR,,
TRR0384,25,C,0,0,,Banco de 2 transformadores en paralelo 34.5 kV monofásicos 25 KVA en cámara,TRR-1V25,,
TRV0116,120,C,0,0,,Transformador 22 kV 3F Pedestal o Padmounted 120 kVA,TRV-3P120,,
TRV0409,850,C,0,0,,Transformador 22 kV 3F conv. 850 kVA en cámara,TRV-3O850,,
TRS0134,192,C,0,0,,Transformador 6 kV 3F conv. 192 kVA  en cámara,TRS-3O192,,
COO0179,,,0,0,,Conductor Multiplex Al 2x2/0 AWG,CO0-0J2x2/0,,
TRS0197,700,C,0,0,,Transformador 6 kV 3F conv. 700 kVA en cámara,TRS-3O700,,
COO0415,0,,0,0,,Conductor Semiaislado o Ecológico Clase 15kV Al 300 MCM,CO0-0F300,0,0
PTO0003,,,0,0,,P. a Tierra en Red Secun. Desnuda Cond. Cu Cal. 2 AWG 1 Var.,PT0-0DC2_1,,
SPT0038,,,0,0,,Secc. 13kV 3F con seccionador de cuchilla   200A,SPT-3C200,,
ECR0025,50,E,0,0,,Regulador de voltaje bobina fija 34.5kV 3F 50 kVA ctrl electrónico,ECR-3RE50,,
TRT0495,32.5,C,0,0,,Banco de 2 transformadores 13 kV monofásicos 32.5 KVA en poste (15KVA-17.5KVA),TRT-3B32.5,0,0
ESS0079,,,0,0,,Est. 6 kV 3F Bandera Doble Retención deriv. 2F Centrada Retención,ESS-3BD+2CR,,
SSV0003,,,0,0,,"Secc. red subt. 22kV 3F con conector tipo Codo,  200 A",SSV-3C200,,
TRR0435,192.5,C,0,0,,Transformador 34.5 kV 3F conv. 192.5 kVA en cámara,TRR-3O192.5,,
SDD0149,5.3,,,,,SGDA 220V 2F Fotovoltaica de 5.3kW,SDD-2F5.3,,
TRS0263,85,C,0,0,,Banco de 2 transformadores en paralelo 6 kV bifasicos 85 KVA en cámara,TRS-2V85,,
SPR0055,,,0,0,,Secc. 34.5kV 3F con interruptor 100A BIL 150,SPR-3I100_150,,
ECT0072,400,A,0,0,,Capacitor automático 13kV 1F 400kVAR,ECT-1A400,,
AOD0084,400,C,0,12,C,Proy. 240 V Ornamental Na 400 W en poste Hilo Piloto. pot. cte.,AOD-0PPS400PC,48,
AOD0016,175,C,0,12,C,Lum. 240 V Ornamental Hg 175 W en Fachada Autocont. pot. cte.,AOD-0FLM175AC,21,
TAV0009,,,0,0,,Tensor en A en redes de dist. 22 kV,TAV-0AS,,
SDD0208,5.82,,,,,SGDA 220V 3F Fotovoltaica de 5.82kW,SDD-3F5.82,,
TRT0194,667,C,0,0,,Banco de 3 transformadores 13 kV monofásicos 667 KVA en cámara,TRT-3I667,,
TRT0015,50,A,0,0,,Transformador 13 kV 1F autoproteg. 50 kVA en poste,TRT-1A50,,
ESS0119,,,0,0,,Est. 6 kV 3F Centrada Pasante deriv. 3F Semicentrada Retención,ESS-3CP+3SR,,
POO3415,,,0,0,,Poste Hormigón armado Rectangular de 20m carga de rotura 2400kg,PO0-0HR20_2400,,
SPT0107,,,0,0,,Secc. 13kV 3F con reconectador 800A BIL 95,SPT-3R800_95,,
ECV0056,1200,C,0,0,,Capacitor fijo 22kV 3F 1200kVAR,ECV-3C1200,,
APO0416,1000,C,0,12,,Proy. 240 V Hg 1000 W en poste con red subt Autocontrolado pot. cte. C,APD-0SPCM1000AC,120,
SPV0096,,,0,0,,Secc. 22kV 3F con interruptor 1250A BIL 75,SPV-3I1250_75,,
TRR0186,434,C,0,0,,Banco de 3 transformadores 34.5 kV monofásicos 434 KVA en cámara,TRR-3I434,,
TRT0161,87.5,C,0,0,,Banco de 3 transformadores 13 kV monofásicos 87.5 KVA en cámara,TRT-3I87.5,,
SDD0075,8.28,,,,,SGDA 240V 1F Fotovoltaica de 8.28kW,SDD-1F8.28,,
POO0112,,,0,0,,Poste Hormigón armado Circular de 9m carga de rotura 2000kg,PO0-0HC9_2000,,
ESS0020,,,0,0,,Est. 6 kV 3F Centrada Angular,ESS-3CA,,
TRV0304,47.5,C,0,0,,Banco de 2 transformadores en paralelo 22 kV monofásicos 47.5 kVA en poste,TRV-1B47.5,,
TRR0090,47.5,C,0,0,,Banco de 2 transformadores 34.5 kV monofásicos 47.5 KVA en poste,TRR-3B47.5,,
AOD0064,250,C,0,12,C,Proy. 240 V Ornamental Hg 250 W en poste Autocont. pot. cte.,AOD-0PPM250AC,30,
APO0727,114,C,0,10,,Lum. 240 V Led 114 W en fachada con red preen Autocontrolada pot. cte. C,APD-0FLCL114AC,11.4,
POO8901,,,0,0,,Poste Hormigón armado Ornamental de 7m carga de rotura 350kg,PO0-0HO7_350,,
TRT0324,2500,C,0,0,,Transformador 13 kV 3F conv. 2500 kVA en cámara,TRT-3O2500,,
SSD0017,,,0,0,,Secc. red subt. 220 V 3F con interruptor termomagnético  300 A,SSD-3N300,,
ECT0071,150,A,0,0,,Capacitor automático 13kV 1F 150kVAR,ECT-1A150,,
SPV0035,,,0,0,,Secc. 22kV 3F con seccionador de cuchilla con disp. rompearco 100A,SPV-3O100,,
TRT0459,30,C,0,0,,Transformador 13 kV 1F conv. 30 kVA en cámara,TRT-1O30,,
SSD0031,,,0,0,,"Secc. red subt. 220 V 3F con tablero de distribución,  1000A, 2 circuitos",SSD-3L1000_2,,
TRR0063,1050,C,0,0,,Transformador 34.5 kV 3F Pedestal o Padmounted 1050KVA,TRR-3P1050,,
ESS0009,,,0,0,,Est. 6 kV 2F Bandera Angular,ESS-2BA,,
TUT0123,600,C,0,0,,Banco de 3 transformadores 13 kV 1F convenc. Frente muerto 600 kVA,TUT-3R600,,
ECV0030,100,M,0,0,,Regulador de voltaje bobina múltiple 22kV 1F 100 kVA ctrl manual,ECV-1EM100,,
TUT0114,384,C,0,0,,Banco de 3 transformadores 13 kV 1F convenc. Frente muerto 384 kVA,TUT-3R384,,
POO3900,,,0,0,,Poste Madera Circular de 8.5m,PO0-0MC8.5,,
TRR0001,3,C,0,0,,Transformador 34.5 kV 1F conv.  3 kVA en poste,TRR-1C3,,
TRR0016,75,A,0,0,,Transformador 34.5 kV 1F autoproteg. 75 kVA en poste,TRR-1A75,,
SPV0084,,,0,0,,Secc. 22kV 3F con reconectador 630A BIL 75,SPV-3R630_75,,
ESV0068,,,0,0,,Est. 22 kV 3F Bandera Pasante,ESV-3BP,,
SPV0037,,,0,0,,Secc. 22kV 3F con seccionador de cuchilla con disp. rompearco 300A,SPV-3O300,,
POO4904,,,0,0,,Poste Hormigón armado Circular de 8m carga de rotura 500kg,PO0-0HC8_500,,
COO0297,,,0,0,,Conductor Al. Preesamblado 3x70 + Nx70 mm,CO0-0T3X70(70),,
TUV0008,15,C,0,0,,Transformador  22kV 1F sumerg. 15 kVA,TUV-1S15,,
ESD0010,,,0,0,,Est. 240V 3 vías En volado Pasante,ESD-3OP,,
APO0314,400,C,0,12,C,Lum. 240V Na 400 W en poste con red aerea Autocontrolada pot. cte. C,APD-0PLCS400AC,48,
ECR0029,50,M,0,0,,Regulador de voltaje bobina múltiple 34.5kV 1F 50 kVA ctrl manual,ECR-1EM50,,
EST0043,,,0,0,,Est. 13 kV 1F Centrada Retención deriv. 1F Bandera Angular,EST-1CR+1BA,,
TUT0055,20,C,0,0,,Banco de 2 transformadores 13 kV 1F convenc. Frente muerto 20 kVA,TUT-3T20,,
ESV0051,,,0,0,,Est. 22 kV 2F Centrada Pasante deriv. 2F Centrada Retención,ESV-2CP+2CR,,
TUT0125,750,C,0,0,,Banco de 3 transformadores 13 kV 1F convenc. Frente muerto 750 kVA,TUT-3R750,,
TRR0352,20,C,0,0,,Banco de 2 transformadores en paralelo 34.5 kV monofásicos 20 KVA en poste,TRR-1B20,,
APO0637,250,C,0,12,,Lum. 240 V Na 250 W en poste con red subt hilo piloto pot. cte. A,APD-0SLAS250PC,30,
SST0015,,,0,0,,"Secc. red subt. 13kV 1F con barraje desc., 4 vias,  600 A",SST-1B4_600,,
ECS0048,501,M,0,0,,Regulador de voltaje bobina fija 6kV 3F 501 kVA ctrl manual,ECS-3RM501,,
COO0028,,,0,0,,Conductor AAAC 6201 #3/0 AWG,CO0-0D3/0,,
SDV0333,1020,,,,,SGDA 22kV 3F Fotovoltaica de 1020kW,SDV-3F1020,,
TRT0274,225,C,0,0,,Transformador 13 kV 3F conv. 225 kVA  en poste,TRT-3C225,,
COO0331,,,0,0,,Conductor Semiaislado o Ecológico Clase 15kV Al 4 AWG,CO0-0F4,,
TRS0255,40,C,0,0,,Banco de 2 transformadores en paralelo 6 kV bifasicos 40 KVA en cámara,TRS-2V40,,
APO0315,150,D,100,13,S,Lum. 240V Na 150 W en poste con red aerea  hilo piloto Dob. niv. pot. C,APD-0PLCS150PD,19.5,15
SDD0218,7.6,,,,,SGDA 220V 3F Fotovoltaica de 7.6kW,SDD-3F7.6,,
TRV0014,37.5,A,0,0,,Transformador 22 kV 1F autoproteg. 37.5 kVA en poste,TRV-1A37.5,,
APO0103,250,C,0,12,C,Lum. 240 V Hg 250 W  en poste con red aerea hilo piloto pot. cte. A,APD-0PLAM250PC,30,
SPR0120,,,0,0,,Secc. 34.5 kV 3F con interruptor 300A BIL 125,SPR-3I300_125,,
ECT0070,100,A,0,0,,Capacitor automático 13kV 1F 100kVAR,ECT-1A100,,
APO0948,240,C,0,10,,Lum. 240 V Led 240 W en fachada con red subt hilo piloto pot. cte. C,APD-0ALCL240PC,24,
EST0048,,,0,0,,Est. 13 kV 2F Centrada Pasante deriv. 2F Centrada Retención,EST-2CP+2CR,,
TUS0017,30,C,0,0,,Transformador  6kV 3F sumerg. 30 kVA,TUS-3S30,,
COO0070,,,0,0,,Conductor TTU Cu #4/0 AWG,CO0-0P4/0,,
POO2310,,,0,0,,Poste Hormigón armado Circular de 14m carga de rotura 1200kg,PO0-0HC14_1200,,
AOD0109,150,C,0,13,C,Lum. 240 V Ornamental Hg 150 W en poste Autocont. pot. cte.,AOD-0PLM150AC,19.5,
POO1202,,,0,0,,Poste Plástico fibra de vidrio Circular de 11m carga de rotura 400kg,PO0-0PC11_400,,
SPV0087,,,0,0,,Secc. 22kV 3F con reconectador 630A BIL 150,SPV-3R630_150,,
SPV0081,,,0,0,,Secc. 22kV 3F con interruptor 600A BIL 95,SPV-3I600_95,,
TUT0104,225,C,0,0,,Banco de 3 transformadores 13 kV 1F convenc. Frente muerto  225 kVA,TUT-3R225,,
TRT0105,137.5,C,0,0,,Banco de 2 transformadores 13 kV monofásicos 137.5 KVA en poste,TRT-3B137.5,,
SPT0081,,,0,0,,Secc. 13kV 3F con interruptor 1250A BIL 125,SPT-3I1250_125,,
SPT0120,,,0,0,,Secc. 13kV 1F con seccionador fus. unipolar ab. disp. rompearco 300A,SPT-1E300,,
COO0109,,,0,0,,Conductor Clase 15kV Al 500 MCM,CO0-0Z500,,
APO0313,250,C,0,12,C,Lum. 240V Na 250 W en poste con red aerea Autocontrolada pot. cte.  C,APD-0PLCS250AC,30,
EU0035,,,,0,,Est.red subt.  pozo de 120x120x120 cm,EU0-0PC,,
SPR0010,,,0,0,,Secc. 34.5kV 1F con seccionador de cuchilla   con disp. rompearco 200A,SPR-1O200,,
SDT0300,160.78,,,,,"SGDA 13,8kV 3F Fotovoltaica de 160.78kW",SDT-3F160.78,,
TRV0228,47.5,C,0,0,,Banco de 2 transformadores 22 kV monofásicos 47.5 kVA en poste,TRV-3B47.5,,
TRR0313,320,C,0,0,,Transformador 34.5 kV 3F conv. 320 kVA en cámara,TRR-3O320,,
POO5012,,,0,0,,Poste Hormigón armado rectangular de 16m carga de rotura 2000kg,PO0-0HR16_2000,,
APO0341,70,C,0,16,,Lum. 240 V Na 70 W en fachada con red preen hilo piloto pot. cte. C,APD-0FLCS70PC,11.2,
TRV0234,75,C,0,0,,Banco de 2 transformadores 22 kV monofásicos 75 kVA en poste,TRV-3B75,,
TRR0042,75,C,0,0,,Transformador 34.5 kV 3F Pedestal o Padmounted 75KVA,TRR-3P75,,
TAE0004,,,0,0,,Tensor a tierra con tres o más cables ligados para tensar,TAE-0TT,,
TUT0062,60,C,0,0,,Banco de 2 transformadores 13 kV 1F convenc. Frente muerto 60 kVA,TUT-3T60,,
APO0364,150,C,0,13,,Lum. 240 V Na 150 W en fachada con red subt Autocontrolada pot. cte. C,APD-0ALCS150AC,19.5,
TRT0154,35,C,0,0,,Banco de 3 transformadores 13 kV monofásicos 35 KVA en cámara,TRT-3I35,,
ESV0103,,,0,0,,Est. 22 kV 3F Bandera Angular deriv. 3F Bandera Retención,ESV-3BA+3BR,,
AOD0012,100,C,0,15,C,Lum. 240 V Ornamental Na 100 W en poste Autocont. pot. cte.,AOD-0PLS100AC,15,
ESS0053,,,0,0,,Est. 6 kV 3F Centrada Pasante deriv. 2F Centrada Retención,ESS-3CP+2CR,,
AOD0164,150,C,0,10,C,Proy. 240V Ornamental Led 150 W en piso  hilo piloto pot. Cte.,AOD-0IPL150PC,15,
TRT0010,5,A,0,0,,Transformador 13 kV 1F autoproteg. 5 kVA en poste,TRT-1A5,,
TAR0007,,,0,0,,Tensor en V a tierra Simple en redes de dist. 34.5 kV,TAR-0VS,,
TRS0223,35,C,0,0,,Banco de 2 transformadores en paralelo 6 kV bifasicos 35 KVA en poste,TRS-2B35,,
TRR0330,75,C,0,0,,Transformador 34.5 kV 2F conv. 75 kVA en cámara,TRR-2O75,,
SPV0113,,,0,0,,Secc. 22kV 1F con seccionador fus. unipolar ab. disp. rompearco 300A,SPV-1E300,,
ESR0042,,,0,0,,Est. 34.5 kV 1F Centrada Angular deriv. 1F Centrada Retención,ESR-1CA+1CR,,
SPV0095,,,0,0,,Secc. 22kV 3F con reconectador 1250A BIL 150,SPV-3R1250_150,,
TRV0122,750,C,0,0,,Transformador 22 kV 3F Pedestal o Padmounted 750 kVA,TRV-3P750,,
TRT0119,87.5,C,0,0,,Banco de 3 transformadores 13 kV monofásicos 87.5 KVA en poste,TRT-3N87.5,,
ESR0001,,,0,0,,Est. 34.5 kV 1F Centrada Pasante,ESR-1CP,,
TUV0051,250,C,0,0,,Transformador  22kV 3F  seco 250 kVA,TUV-3D250,,
TRV0244,175,C,0,0,,Banco de 2 transformadores 22 kV monofásicos 175 kVA en poste,TRV-3B175,,
TRS0061,15,A,0,0,,Transformador 6 kV 2F autoproteg. 15 kVA en poste,TRS-2A25,,
AOD0110,125,C,0,13,C,Proy. 240 V Ornamental MH 125 W en poste Autocont. pot. cte.,AOD-0PPH125AC,16.25,
APO0707,180,C,0,10,,Lum. 240 V Led 180 W en poste con red preen Autocont. pot. cte. C,APD-0OLCL180AC,18,
SPD0016,,,0,0,,Secc. 240V 2F con fusible NH 800 A,SPD-2L800,,
TRS0234,65,C,0,0,,Banco de 2 transformadores en paralelo 6 kV bifasicos 65 KVA en poste,TRS-2B65,,
TRT0179,300,C,0,0,,Banco de 3 transformadores 13 kV monofásicos 300 KVA en cámara,TRT-3I300,,
TRT0359,35,C,0,0,,Banco de 2 transformadores en paralelo 13 kV monofásicos 35 KVA en poste,TRT-1B35,,
APO0959,71,C,0,10,C,Lum. 127 V Led 71 W en poste con red aérea hilo piloto pot. cte. C,APC-0PLCL71PC,7.1,
POO9401,,,0,0,,Poste Hormigón armado Ornamental de 12m carga de rotura 350kg,PO0-0HO12_350,,
TRR0226,175,C,0,0,,Transformador 34.5 kV 3F conv. 175 kVA en poste,TRR-3C175,,
ESS0040,,,0,0,,Est. 6 kV 2F Centrada Pasante deriv. 2F Bandera Angular,ESS-2CP+2BA,,
COO0067,,,0,0,,Conductor TTU Cu #1/0 AWG,CO0-0P1/0,,
ESV0050,,,0,0,,Est. 22 kV 2F Volada Pasante deriv. 1F Centrada Retención,ESV-2VP+1CR,,
ESV0127,,,0,0,,Est. 22 kV 3F Tres Postes Doble Reten. Deriv. 3F Centrada Retención,ESV-3TD+3CR,,
TRS0222,30,C,0,0,,Banco de 2 transformadores en paralelo 6 kV bifasicos 30 KVA en poste,TRS-2B30,,
APO0939,180,C,0,10,,Lum. 240 V Led 180 W en fachada con red preen Autocontrolada pot. cte. C,APD-0FLCL180AC,18,
AOD0142,3,C,0,10,C,Proy. 240V Ornamental Led 3 W en piso  hilo piloto pot. Cte.,AOD-0IPL3PC,0.3,
APO0601,70,C,0,16,,Lum. 240 V Na 70 W en poste con red preen Autocontrolada pot. cte. A,APD-0OLAS70AC,11.2,
TRT0487,300,C,0,0,,Transformador 13 kV 1F conv. 300 kVA en cámara,TRT-1O300,0,0
APO0918,123,C,0,10,,Lum. 240 V Led 123 W en poste con red aérea Autocontrolada pot. cte. C,APD-0PLCL123AC,12.3,
COO0015,,,0,0,,Conductor Cu Desnudo # 2/0  AWG,CO0-0G2/0,,
AOD0032,3.6,C,0,10,C,Proy. 240 V Ornamental Led 3.6 W en piso Autocont. pot. cte.,AOD-0IPL3.6AC,0.36,
TRV0183,600,C,0,0,,Banco de 3 transformadores 22 kV monofásicos 600 kVA en cámara,TRV-3I600,,
TRR0004,15,C,0,0,,Transformador 34.5 kV 1F conv. 15 kVA en poste,TRR-1C15,,
TRT0339,315,C,0,0,,Transformador 13 kV 3F conv. 315 kVA en poste,TRT-3C315,,
COO0360,,,0,0,,Conductor Semiaislado o Ecológico Clase 35kV Al 2/0 AWG,CO0-0K2/0,,
ECT0006,100,C,0,0,,Capacitor fijo 13kV 3F 100kVAR,ECT-3C100,,
AOD0063,800,C,0,12,C,Proy. 240 V Ornamental MH 800 W en poste Autocont. pot. cte.,AOD-0PPH800AC,96,
POO1015,,,0,0,,Poste Hormigón armado Circular de 11m carga de rotura 2400kg,PO0-0HC11_2400,,
POO1022,,,0,0,,Poste Hormigón armado Circular de 11m carga de rotura 1600kg,PO0-0HC11_1600,,
ESS0019,,,0,0,,Est. 6 kV 3F Centrada Pasante,ESS-3CP,,
CSP0004,28,,0,0,,Sem. 110V en poste vehicular 4 modulo,CSC-0PV28M4,,
MEC0005,,,0,0,,Medidor 120V 1F2H - Masivos Electrónico. Energía Activa - 60 A_Forma 1A,MEC-1E60_1A,,
SST0050,,,0,0,,Secc. red subt. 13 kV 3F con fusible 8 A,SST-3F8,,
TRS0045,90,C,0,0,,Transformador 6  kV  3F conv. 90 kVA en poste,TRS-3C90,,
TUS0030,500,C,0,0,,Transformador  6kV 3F sumerg. 500 kVA,TUS-3S500,,
TRS0279,300,C,0,0,,Banco de 2 transformadores en paralelo 6 kV bifasicos 300 KVA en cámara,TRS-2V300,,
ESS0063,,,0,0,,Est. 6 kV 3F Line Poste Pasante,ESS-3LP,,
POO3709,,,0,0,,Poste Hormigón armado Circular de 18m carga de rotura 1000kg,PO0-0HC18_1000,,
TUT0043,15,C,0,0,,Transformador  13kV 3F seco 15 kVA,TUT-3D15,,
TRR0149,267,C,0,0,,Banco de 2 transformadores 34.5 kV monofásicos 267 KVA en cámara,TRR-3V267,,
TRT0391,100,C,0,0,,Banco de 2 transformadores en paralelo 13 kV monofásicos 100 KVA en poste,TRT-1B100,,
ESR0034,,,0,0,,Est. 34.5 kV 3F Tres Postes Retención,ESR-3TR,,
ECV0028,300,E,0,0,,Regulador de voltaje bobina fija 22kV 3F 300 kVA ctrl electrónico,ECV-3RE300,,
EST0010,,,0,0,,Est. 13 kV 1F Bandera Doble retención,EST-1BD,,
COO0133,,,0,0,,Conductor TW Cu # 8 AWG,CO0-0O8,,
TRR0381,200,C,0,0,,Banco de 2 transformadores en paralelo 34.5 kV monofásicos 200 KVA en poste,TRR-1B200,,
POO10015,,,0,0,,Poste Hormigón armado rectangular de 19m carga de rotura 2400kg,PO0-0HR19_2400,,
ECR0047,127,M,0,0,,Regulador de voltaje bobina fija 34.5kV 1F 127 kVA ctrl manual,ECR-1RM127,,
APO0427,500,C,0,12,,Proy. 240 V Hg 500 W en fachada con red subt hilo piloto pot. cte. C,APD-0APCM500PC,60,
ECS0011,200,A,0,0,,Capacitor automático 6kV 3F 200kVAR,ECS-3A200,,
TRV0050,5,C,0,0,,Transformador 22 kV 1F conv. 5 kVA en cámara,TRV-1O5,,
TRT0438,267,C,0,0,,Banco de 2 transformadores en paralelo 13 kV monofásicos 267 KVA en cámara,TRT-1V267,,
TRV0343,110,C,0,0,,Banco de 2 transformadores en paralelo 22 kV monofásicos 110 kVA en cámara,TRV-1V110,,
POO10010,,,0,0,,Poste Hormigón armado rectangular de 19m carga de rotura 1200kg,PO0-0HR19_1200,,
SPD0015,,,0,0,,Secc. 240V 2F con fusible NH 630 A,SPD-2L630,,
TRR0015,50,A,0,0,,Transformador 34.5 kV 1F autoproteg. 50 kVA en poste,TRR-1A50,,
SDT0322,630,,,,,"SGDA 13,8kV 3F Fotovoltaica de 630kW",SDT-3F630,,
COO0352,,,0,0,,Conductor Semiaislado o Ecológico Clase 25kV Al 397.5 MCM,CO0-0H397.5,,
SSV0049,,,0,0,,Secc. red subt. 22 kV 3F con fusible 6 A,SSV-3F6,,
APO0512,250,C,0,12,,Proy. 240 V Na 250 W en fachada con red preen Autocont. pot. cte. C,APD-0FPCS250AC,30,
TRR0091,50,C,0,0,,Banco de 2 transformadores 34.5 kV monofásicos 50 KVA en poste,TRR-3B50,,
TRS0289,192.5,C,0,0,,Transformador 6 kV 3F conv. 192.5 kVA en cámara,TRS-3O192.5,,
SDD0101,15.2,,,,,SGDA 240V 1F Fotovoltaica de 15.2kW,SDD-1F15.2,,
TRR0233,500,C,0,0,,Transformador 34.5 kV 3F conv. 500 kVA en poste,TRR-3C500,,
TRR0280,10,C,0,0,,Banco de 2 transformadores 34.5 kV monofasicos 10KVA en poste,TRR-3B10,,
SPV0106,,,0,0,,Secc. 22kV 3F con interruptor 800A BIL 125,SPV-3I800_125,,
TRT0034,150,C,0,0,,Transformador 13 kV 1F Pedestal o Padmounted 150KVA,TRT-1P150,,
COO0244,,,0,0,,CONDUCTOR AAAC 6201 #312.8 MCM,CO0-0D312.8,,
AOD0074,70,C,0,16,C,Proy. 240 V Ornamental MH 70 W en poste Hilo Piloto. pot. cte.,AOD-0PPH70PC,11.2,
APO0986,141,C,0,10,C,Lum. 240 V Led 141 W en poste con red aérea hilo piloto pot. cte. C,APD-0PLCL141PC,14.1,0
SDD0040,4.24,,,,,SGDA 240V 1F Fotovoltaica de 4.24kW,SDD-1F4.24,,
ESS0025,,,0,0,,Est. 6 kV 3F Semicentrada Retención,ESS-3SR,,
APO0751,180,C,0,10,,Lum. 120 V Led 180 W en poste con red aerea Autocontrolada pot. cte. C,APC-0PLCL180AC,18,
APO0961,106,C,0,10,C,Lum. 127 V Led 106 W en poste con red aérea hilo piloto pot. cte. C,APC-0PLCL106PC,10.6,
TRR0319,137.5,C,0,0,,Banco de 3 transformadores 34.5 kV monofásicos 137.5 kVA en poste,TRR-3N137.5,,
SDD0317,531.27,,,,,SGDA 220V 3F Fotovoltaica de 531.27kW,SDD-3F531.27,,
APO0525,1500,C,0,12,,Proy. 240 V Na 1500 W en poste con red aerea Autocontrolado pot. cte. C,APD-0PPCS1500AC,180,
APO0230,175,C,0,12,C,Lum. 240 V Hg 175 W en fachada con red subt Autocontrolada pot. cte. C,APD-0ALCM175AC,21,
TRR0205,150,C,0,0,,Transformador 34.5 kV 1F conv. 150 kVA en poste,TRR-1C150,,
TRR0164,115,C,0,0,,Banco de 3 transformadores 34.5 kV monofásicos 115 KVA en cámara,TRR-3I115,,
TUV0023,200,C,0,0,,Transformador  22kV 3F conv. frente muerto 200 kVA,TUV-3M200,,
TRT0031,75,C,0,0,,Transformador 13 kV 1F Pedestal o Padmounted 75KVA,TRT-1P75,,
SPV0005,,,0,0,,Secc. 22kV 1F con seccionador de cuchilla 100A,SPV-1C100,,
AOD0140,100,C,0,15,C,Proy. 240 V Ornamental Hg 100 W en piso Autocont. pot. cte.,AOD-0IPM100AC,15,
TRT0248,750,C,0,0,,Transformador 13 kV 3F conv. 750 kVA en cámara,TRT-3O750,,
ESR0031,,,0,0,,Est. 34.5 kV 3F Dos Postes Pasante,ESR-3HP,,
TRV0287,2500,C,0,0,,Transformador 22 kV 3F conv. 2500 kVA en cámara,TRV-3O2500,,
SPR0024,,,0,0,,Secc. 34.5kV 2F con seccionador fus. unipolar ab. disp. rompearco 200A,SPR-2E200,,
POO0205,,,,0,,Poste Hormigón armado rectangular de 9m carga de rotura 600kg,PO0-0HR9_600,,
TRV0257,60,C,0,0,,Banco de 2 transformadores 22 kV monofásicos 60 kVA en cámara,TRV-3V60,,
ECS0043,144,M,0,0,,Regulador de voltaje bobina fija 6kV 1F 144 kVA ctrl manual,ECS-1RM144,,
SPV0007,,,0,0,,Secc. 22kV 1F con seccionador de cuchilla 300A,SPV-1C300,,
TRT0353,20,C,0,0,,Banco de 2 transformadores en paralelo 13 kV monofásicos 20 KVA en poste,TRT-1B20,,
TRV0310,65,C,0,0,,Banco de 2 transformadores en paralelo 22 kV monofásicos 65 kVA en poste,TRV-1B65,,
ESV0052,,,0,0,,Est. 22 kV 2F Centrada Pasante deriv. 1F Centrada Retención,ESV-2CP+1CR,,
TRR0161,87.5,C,0,0,,Banco de 3 transformadores 34.5 kV monofásicos 87.5 KVA en cámara,TRR-3I87.5,,
TRS0103,1200,C,0,0,,Transformador 6 kV 3F Pedestal o Padmounted 1200 kVA,TRS-3P1200,,
SDD0204,3.85,,,,,SGDA 220V 3F Fotovoltaica de 3.85kW,SDD-3F3.85,,
TRV0032,75,C,0,0,,Transformador 22 kV 1F Pedestal o Padmounted 75KVA.,TRV-1P75,,
AOD0099,240,C,0,10,C,Lum. 240 V Ornamental Led 240 W en poste Autocont. pot. cte.,AOD-0PLL240AC,24,
EU0028,,,0,0,,Est.red subt.  banco de ductos  config. 4x3  de 110 mm.  en calzada,EU0-0B4x3B2,,
TRR0317,333,C,0,0,,Transformador 34.5 kV 1F conv. 333 kVA en cámara,TRR-1O333,,
ESR0035,,,0,0,,Est. 34.5 kV 3F Tres Postes Doble retención,ESR-3TD,,
COO0073,,,0,0,,Conductor THHN Cu #4 AWG,CO0-0Q4,,
SPS0039,,,0,0,,Secc. 6 kV 2F con seccionador de cuchilla   600A,SPS-2C600,,
POO0104,,,0,0,,Poste Hormigón armado Circular de 9m carga de rotura 500kg,PO0-0HC9_500,,
SPS0007,,,0,0,,Secc. 6kV 2F con seccionador fus. unipolar ab. 100A,SPS-2S100,,
APO0778,240,C,0,10,,Lum. 240 V Led 240 W en poste con red preen Autocont. pot. cte. C,APD-0OLCL240AC,24,
TRV0272,182,C,0,0,,Banco de 2 transformadores 22 kV monofásicos 182 kVA en cámara,TRV-3V182,,
SDD0003,1,,,,,SGDA 220V 1F Fotovoltaica de 1kW,SDD-1F1,,
TRT0478,28,C,0,0,,Banco de 2 transformadores 13 kV monofásicos 28 KVA en cámara,TRT-3V28,,
SPD0031,,,0,0,,Secc. 240V 3F con seccionador fusible unipolar cerrado 160 A,SPD-3D160,,
EST0103,,,0,0,,Est. 13 kV 3F Bandera Angular deriv. 3F Bandera Retención,EST-3BA+3BR,,
SPV0063,,,0,0,,Secc. 22kV 2F con seccionador de cuchilla 600A,SPV-2C600,,
ECS0038,100,E,0,0,,Regulador de voltaje bobina múltiple 6kV 3F 100 kVA ctrl electrónico,ECS-3EE100,,
SSD0003,,,0,0,,Secc. red subt. 220 V 2F con interruptor termomagnético 30 A,SSD-2N30,,
SPO0035,,,0,0,,Secc. 2F con conector ranuras paralelas 4/0 a 300 - 6 a 300 ACSR/AAAC,SPO-2UC,,
ESS0051,,,0,0,,Est. 6 kV 3F Centrada Pasante deriv. 3F Centrada Retención,ESS-3CP+3CR,,
TRR0312,120,C,0,0,,"Transformador 34,5 kV 3F conv. 120 kVA en poste",TRR-3C120,,
TRR0245,630,C,0,0,,Transformador 34.5 kV 3F conv. 630 kVA en cámara,TRR-3O630,,
TRV0306,52.5,C,0,0,,Banco de 2 transformadores en paralelo 22 kV monofásicos 52.5 kVA en poste,TRV-1B52.5,,
TRV0120,630,C,0,0,,Transformador 22 kV 3F Pedestal o Padmounted 630 kVA,TRV-3P630,,
TRR0039,37.5,C,0,0,,Transformador 34.5 kV 3F Pedestal o Padmounted 37.5KVA,TRR-3P37.5,,
APO0612,125,C,0,13,,Lum. 240 V Na 125 W en poste con red aerea Autocontrolada pot. cte. C,APD-0PLCS125AC,16.25,
SDD0153,5.85,,,,,SGDA 220V 2F Fotovoltaica de 5.85kW,SDD-2F5.85,,
TAE0002,,,0,0,,Tensor a tierra simple con un cable ligado para tensar,TAE-0TS,,
SST0021,,,0,0,,"Secc. red subt. 13kV 2F con barraje desc., 4 vias,  600 A",SST-2B4_600,,
APO0234,175,C,0,12,C,Lum. 240 V Hg 175 W en poste con red preen Autocontrolada pot. cte. C,APD-0OLCM175AC,21,
APO1000,86,C,0,10,C,Lum. 240 V Led 86 W en poste con red aérea Autocontrolada pot. cte. C,APD-0PLCL86AC,8.6,0
POO2004,,,0,0,,Poste Hormigón armado Circular de 12.5m carga de rotura 500kg,PO0-0HC12.5_500,,
EU0015,,,0,0,,Est.red subt.  banco de ductos  config. 2x2  de 160 mm.  en acera,EU0-0B2x2C1,,
TRV0084,200,C,0,0,,Transformador 22 kV 3F conv. 200 kVA en cámara,TRV-3O200,,
COO0088,,,0,0,,Conductor Concéntrico Al 3x6,CO0-0X3x6,,
TRT0079,50,C,0,0,,Transformador 13 kV 3F conv. 50 kVA en cámara,TRT-3O50,,
SPV0089,,,0,0,,Secc. 22kV 3F con interruptor 630A BIL 95,SPV-3I630_95,,
EST0051,,,0,0,,Est. 13 kV 3F Centrada Pasante deriv. 3F Centrada Retención,EST-3CP+3CR,,
APO0945,90,C,0,10,,Lum. 240 V Led 90 W en fachada con red preen Autocontrolada pot. cte. C,APD-0FLCL90AC,9,
SPT0102,,,0,0,,Secc. 13kV 3F con interruptor 630A BIL 150,SPT-3I630_150,,
MED0028,,,0,0,,Medidor 240V 2F3H - Masivos Electromecánico. Energía Activa - 80 A_Forma 13A,MED-2L80_13A,,
APO0746,115,C,0,10,,Lum. 120 V Led 115 W en poste con red aérea Autocontrolada pot. cte. C,APC-0PLCL115AC,11.5,
COO0326,,,0,0,,Conductor Al. Preensamblado 3x50 + Nx50 mm² + HPx25 mm²,CO0-0T3X50(50)+25,,
SDD0240,13,,,,,SGDA 220V 3F Fotovoltaica de 13kW,SDD-3F13,,
APO0414,150,C,0,13,,Proy. 240 V Hg 150 W en poste con red subt Autocontrolado pot. cte. C,APD-0SPCM150AC,19.5,
TUV0026,400,C,0,0,,Transformador  22kV 3F conv. frente muerto 400 kVA,TUV-3M400,,
SPS0064,,,0,0,,Secc. 6 kV 3F con interruptor 100A BIL 150,SPS-3I100_150,,
SPR0070,,,0,0,,Secc. 34.5 kV 1F con interruptor 100A BIL 150,SPR-1I100_150,,
TRT0453,200,C,0,0,,Transformador 13 kV 1F conv. 200 kVA en cámara,TRT-1O200,,
ECR0044,400,C,0,0,,Capacitor fijo 34.5kV 1F 400kVAR,ECR-1C400,,
SPR0042,,,0,0,,Secc. 34.5kV 3F con seccionador de cuchilla   con disp. rompearco 200A,SPR-3O200,,
POO1609,,,0,0,,Poste Hormigón armado Circular de 12m carga de rotura 1000kg,PO0-0HC12_1000,,
APO0409,100,C,0,15,,Proy. 240 V Hg 100 W en poste con red subt hilo piloto pot. cte. C,APD-0SPCM100PC,15,
SPO0058,,,0,0,,Secc. 3F con conector ranuras paralelas 3 a 2/0 - 6 a 2/0 Al/Cu,SPO-3UA,,
TAS0005,,,0,0,,Tensor Poste a poste  Doble en redes de dist. 6 kV,TAS-0PD,,
ECR0010,,,0,0,,Capacitor automático 34.5kV 1F 300kVAR,ECR-1A300,,
ESR0084,,,0,0,,Est. 34.5 kV 1F Centrada Angular deriv. 1F Bandera Doble Retención,ESR-1CA+1BD,,
TRV0355,300,C,0,0,,Banco de 2 transformadores en paralelo 22 kV monofásicos 300 kVA en cámara,TRV-1V300,,
TRT0047,150,C,0,0,,Transformador 13 kV 3F Pedestal o Padmounted 150KVA,TRT-3P150,,
PTO0012,,,0,0,,P. a Tierra en Red Secun. Preen. Cond. Cu Cal. 4/0AWG 1Var.,PT0-0PC4/0_1,,
SPR0056,,,0,0,,Secc. 34.5kV 3F con interruptor 200A BIL 95,SPR-3I200_95,,
SDU0313,450,,,,,SGDA 440V 3F Fotovoltaica de 450kW,SDU-3F450,,
ESS0121,,,0,0,,Est. 6 kV 3F Semicentrada Doble Retenc. deriv. 3F Semicentrada Pasante,ESS-3SD+3SP,,
TRV0281,23,C,0,0,,Banco de 3 transformadores 22 kV monofásicos 23 kVA en poste,TRV-3N23,,
SDU0122,257.04,,,,,SGDA 440V 1F Fotovoltaica de 257.04kW,SDU-1F257.04,,
APO0611,75,C,0,15,,Lum. 240 V Na 75 W en poste con red aerea Autocontrolada pot. cte. C,APD-0PLCS75AC,11.25,
SSD0025,,,0,0,,"Secc. red subt. 220 V 3F con tablero de distribución,  600A, 2 circuitos",SSD-3L600_2,,
SST0024,,,0,0,,"Secc. red subt. 13kV 3F con barraje desc., 3 vias,  200 A",SST-3B3_200,,
COO0208,,,0,0,,Conductor Clase 35KV Cu 4 AWG,CO0-0R4,,
TUT0105,250,C,0,0,,Banco de 3 transformadores 13 kV 1F convenc. Frente muerto  250 kVA,TUT-3R250,,
SDV0335,1275,,,,,SGDA 22kV 3F Fotovoltaica de 1275kW,SDV-3F1275,,
TRR0181,318,C,0,0,,Banco de 3 transformadores 34.5 kV monofásicos 318 KVA en cámara,TRR-3I318,,
TRR0463,217,C,0,0,,Banco de 2 transformadores en paralelo 34.5 kV monofásicos 217 kVA en cámara,TRR-1V217,,
ESR0117,,,0,0,,Est. 34.5 kV 3F Dos Postes Doble Reten. deriv. 3F Semi Centrada Reten.,ESR-3HD+3SR,,
TRV0015,50,A,0,0,,Transformador 22 kV 1F autoproteg. 50 kVA en poste,TRV-1A50,,
TUT0023,200,C,0,0,,Transformador  13kV 3F conv. frente muerto 200 kVA,TUT-3M200,,
SPO0011,,,0,0,,Secc. 1F con grapa deriv. en caliente 6 a 4/0 AAC/ACSR,SPO-1GB,,
EST0002,,,0,0,,Est. 13 kV 1F Centrada Angular,EST-1CA,,
ESD0039,,,0,0,,Est. 240V Preensamblado Retención con 2 conduct.,ESD-1PR2,,
TRV0010,5,A,0,0,,Transformador 22 kV 1F autoproteg. 5 kVA en poste,TRV-1A5,,
MEC0002,,,0,0,,Medidor 120V 1F2H - Masivos Electromecánico. Energía Activa - 60 A_Forma 1A,MEC-1L60_1A,,
TRV0012,15,A,0,0,,Transformador 22 kV 1F autoproteg. 15 kVA en poste,TRV-1A15,,
TRT0430,125,C,0,0,,Banco de 2 transformadores en paralelo 13 kV monofásicos 125 KVA en cámara,TRT-1V125,,
EST0073,,,0,0,,Est. 13 kV 3F Semi Centrada Doble Retenc. deriv. 1F Centrada Retenc.,EST-3SD+1CR,,
SSS0002,,,0,0,,"Secc. red subt. 6kV 2F con conector tipo Codo,  200 A",SSS-2C200,,
TUT0054,500,C,0,0,,Transformador  13kV 3F  seco 500 kVA,TUT-3D500,,
COO0344,,,0,0,,Conductor Semiaislado o Ecológico Clase 25kV Al 4 AWG,CO0-0H4,,
COO0139,,,0,0,,Conductor TW Al # 12 AWG,CO0-0I12,,
TRV0030,37.5,C,0,0,,Transformador 22 kV 1F Pedestal o Padmounted 37.5KVA,TRV-1P37.5,,
TRV0335,60,C,0,0,,Banco de 2 transformadores en paralelo 22 kV monofásicos 60 kVA en cámara,TRV-1V60,,
ECS0055,900,C,0,0,,Capacitor fijo 6kV 3F 900kVAR,ECS-3C900,,
TRT0023,100,C,0,0,,Transformador 13 kV 3F conv. 100 kVA en poste,TRT-3C100,,
ESR0024,,,0,0,,Est. 34.5 kV 3F Semicentrada Angular,ESR-3SA,,
TRT0323,600,C,0,0,,Transformador 13 kV 3F conv. 600 kVA en cámara,TRT-3O600,,
POO1503,,,0,0,,Poste Hormigón armado Circular de 11.5m carga de rotura 475kg,PO0-0HC11.5_475,,
APO0434,2500,C,0,12,,Proy. 240 V Hg 2500 W en poste con red aerea Autocontrolados pot. cte. C,APD-0PPCM2500AC,300,
SDD0182,13,,,,,SGDA 220V 2F Fotovoltaica de 13kW,SDD-2F13,,
APO0418,150,C,0,13,,Proy. 240 V Hg 150 W en fachada con red preen hilo piloto pot. cte. C,APD-0FPCM150PC,19.5,
SDD0162,7.5,,,,,SGDA 220V 2F Fotovoltaica de 7.5kW,SDD-2F7.5,,
TRS0113,125,C,0,0,,Transformador 6 kV 3F conv. 125 kVA en cámara,TRS-3O125,,
APO0795,400,C,0,10,,Lum. 240 V Led 400 W en poste con red preen Autocont. pot. cte. C,APD-0OLCL400AC,40,
TRV0412,1100,C,0,0,,Transformador 22 kV 3F Pedestal o Padmounted 1100 kVA,TRV-3P1100,,
TRR0324,5,C,0,0,,Transformador 34.5 kV 2F conv. 5 kVA en cámara,TRR-2O5,,
TUT0064,65,C,0,0,,Banco de 2 transformadores 13 kV 1F convenc. Frente muerto 65 kVA,TUT-3T65,,
TRS0069,37.5,C,0,0,,Transformador 6 kV 2F Pedestal o Padmounted 37.5 kVA,TRS-2P37.5,,
TRR0006,37.5,C,0,0,,Transformador 34.5 kV 1F conv. 37.5 kVA  en poste,TRR-1C37.5,,
TAS0008,,,0,0,,Tensor poste a poste en V Simple en redes de dist. 6 kV,TAS-0SS,,
TRR0454,900,C,0,0,,Transformador 34.5 kV 3F conv. 900 kVA en cámara,TRR-3O900,,
APO0337,400,D,250,12,S,Lum. 240 V Na 400 W en poste con red subt hilo piloto Dob.niv.pot. C,APD-0SLCS400PD,48,30
POO4219,,,0,0,,Poste Hormigón armado Rectangular de 21m carga de rotura 8000kg,PO0-0HR21_8000,,
SPT0075,,,0,0,,Secc. 13 kV 3F con reconectador 600A BIL 150,SPT-3R600_150,,
TRS0037,192.5,C,0,0,,Transformador 6  kV  3F conv. 192.5 kVA en poste,TRS-3C192.5,,
TUV0020,100,C,0,0,,Transformador  22kV 3F conv. frente muerto 100 kVA,TUV-3M100,,
ECR0043,1200,C,0,0,,Capacitor fijo 34.5kV 3F 1200kVAR,ECR-3C1200,,
COO0342,,,0,0,,Conductor Semiaislado o Ecológico Clase 15kV Al 636 MCM,CO0-0F636,,
ECT0036,300,E,0,0,,Regulador de voltaje bobina múltiple 13kV 1F 300 kVA ctrl electrónico,ECT-1EE300,,
TRR0096,75,C,0,0,,Banco de 2 transformadores 34.5 kV monofásicos 75 KVA en poste,TRR-3B75,,
POO3801,,,0,0,,Poste Hormigón armado rectangular de 12m carga de rotura 350kg,PO0-0HR12_350,,
COO0177,,,0,0,,Conductor Concéntrico Al 4x2,CO0-0X4x2,,
TRR0340,650,C,0,0,,Transformador 34.5 kV 3F conv. 650 kVA en cámara,TRR-3O650,,
COO0377,,,0,0,,CONDUCTOR ACSR #1000 MCM,CO0-0B1000,,
ESR0047,,,0,0,,Est. 34.5 kV 2F Volada Pasante deriv. 1F Centrada Retención,ESR-2VP+1CR,,
COO0387,,,0,0,,Conductor TTU Al #2/0 AWG,CO0-0M2/0,,
TUT0025,300,C,0,0,,Transformador  13kV 3F conv. frente muerto 300 kVA,TUT-3M300,,
TRS0089,37.5,C,0,0,,Transformador 6 kV 3F Pedestal o Padmounted 37.5 kVA,TRS-3P37.5,,
SST0065,,,0,0,,"Secc. red subt. 13kV 3F con int.  redes subt, 6 vías, 600 A",SST-3I6_600,,
ECR0061,150,C,0,0,,Capacitor fijo 34.5kV 1F 150kVAR,ECR-1C150,,
AOD0145,6.5,C,0,10,C,Proy. 240V Ornamental Led 6.5 W en piso  hilo piloto pot. Cte.,AOD-0IPL6.5PC,0.65,
ECR0005,,,0,0,,Capacitor fijo 34.5kV 3F 50kVAR,ECR-3C50,,
TRR0125,35,C,0,0,,Banco de 2 transformadores 34.5 kV monofásicos 35 KVA en cámara,TRR-3V35,,
EU0002,,,0,0,,Est.red subt.  cámara eléctrica a nivel,EU0-0CN,,
COO0018,,,0,0,,Conductor AAAC 5005 #4 AWG,CO0-0C4,,
TRR0252,40,C,0,0,,Banco de 3 transformadores 34.5 kV monofasicos 40KVA en poste,TRR-3N40,,
TRR0159,67.5,C,0,0,,Banco de 3 transformadores 34.5 kV monofásicos 67.5 KVA en cámara,TRR-3I67.5,,
SDT0336,1320,,,,,"SGDA 13,8kV 3F Fotovoltaica de 1320kW",SDT-3F1320,,
TRT0250,1000,C,0,0,,Transformador 13 kV 3F conv. 1000 kVA en cámara,TRT-3O1000,,
COO0037,,,0,0,,Conductor ACSR #336.4 MCM,CO0-0B336,,
ESS0036,,,0,0,,Est. 6 kV 3F Bandera Angular,ESS-3BA,,
TRS0068,25,C,0,0,,Transformador 6 kV 2F Pedestal o Padmounted 25 kVA,TRS-2P25,,
TRR0310,85,C,0,0,,Banco de 3 transformadores 34.5 kV monofásicos 85 kVA en poste,TRR-3N85,,
COO0383,,,0,0,,Conductor TTU Al #6 AWG,CO0-0M6,,
AOD0124,25,C,0,10,C,Lum. 240 V Ornamental Led 25 W en piso Hilo Piloto. pot. cte.,AOD-0ILL25PC,2.5,
ESR0041,,,0,0,,Est. 34.5 kV 1F Centrada Angular deriv. 1F Bandera Angular,ESR-1CA+1BA,,
POO1400,,,0,0,,Poste Madera Circular de 11m,PO0-0MC11,,
POO0704,,,0,0,,Poste Plástico fibra de vidrio Circular de 10m carga de rotura 500kg,PO0-0PC10_500,,
SPO0009,,,0,0,,Secc. 1F con fusible 15K,SPO-1F15K,,
APO0232,400,C,0,12,C,Lum. 240 V Hg 400 W en fachada con red subt Autocontrolada pot. cte. C,APD-0ALCM400AC,48,
TRT0309,23,C,0,0,,Banco de 3 transformadores 13 kV monofásicos 23 kVA en poste,TRT-3N23,,
TRR0290,175,C,0,0,,Banco de 3 transformadores 34.5 kV monofásicos 175 KVA en poste,TRR-3N175,,
COO0080,,,0,0,,Conductor Concéntrico Al 2x8,CO0-0X2x8,,
TUT0103,217,C,0,0,,Banco de 3 transformadores 13 kV 1F convenc. Frente muerto  217 kVA,TUT-3R217,,
TRT0112,35,C,0,0,,Banco de 3 transformadores 13 kV monofásicos 35 KVA en poste,TRT-3N35,,
EST0027,,,0,0,,Est. 13 kV 3F En volado  Pasante,EST-3VP,,
SPS0077,,,0,0,,Secc. 6 kV 3F con reconectador 600A BIL 150,SPS-3R600_150,,
TRT0262,15,C,0,0,,Banco de 3 transformadores 13 kV monofasicos 15KVA en poste,TRT-3N15,,
ECR0024,300,M,0,0,,Regulador de voltaje bobina fija 34.5kV 3F 300 kVA ctrl manual,ECR-3RM300,,
ESV0019,,,0,0,,Est. 22 kV 3F Centrada Pasante,ESV-3CP,,
SDD0051,5,,,,,SGDA 240V 1F Fotovoltaica de 5kW,SDD-1F5,,
TRV0294,315,C,0,0,,Transformador 22 kV 3F Pedestal o Padmounted 315 kVA,TRV-3P315,,
AOD0152,35,C,0,10,C,Proy. 240V Ornamental Led 35 W en piso  hilo piloto pot. Cte.,AOD-0IPL35PC,3.5,
TRV0061,60,C,0,0,,Transformador 22 kV 3F conv. 60 kVA en cámara,TRV-3O60,,
TRV0038,100,C,0,0,,Transformador 22 kV 3F Pedestal o Padmounted 100KVA,TRV-3P100,,
EST0071,,,0,0,,Est. 13 kV 3F Semi Centrada Retención deriv. 3F Semi Centrada Retención,EST-3SR+3SR,,
SPT0108,,,0,0,,Secc. 13kV 3F con reconectador 800A BIL 125,SPT-3R800_125,,
TRV0020,50,C,0,0,,Transformador 22 kV 3F conv. 50 kVA en poste,TRV-3C50,,
TRR0138,110,C,0,0,,Banco de 2 transformadores 34.5 kV monofásicos 110 KVA en cámara,TRR-3V110,,
TRV0192,75,A,0,0,,Transformador 22 kV 3F autoproteg. 75 kVA en poste,TRV-3A75,,
TRT0018,30,C,0,0,,Transformador 13 kV  3F conv. 30 kVA en poste,TRT-3C30,,
APO0412,1000,C,0,12,,Proy. 240 V Hg 1000 W en poste con red subt hilo piloto pot. cte. C,APD-0SPCM1000PC,120,
SPO0030,,,0,0,,Secc. 2F con conector de compresión 1 a 2/0 ACSR,SPO-2CA,,
TRT0108,182,C,0,0,,Banco de 2 transformadores 13 kV monofásicos 182 KVA en poste,TRT-3B182,,
SPT0041,,,0,0,,Secc. 13kV 3F con seccionador de cuchilla   con disp. rompearco 100A,SPT-3O100,,
COO0251,,,0,0,,Conductor TW Cu # 750 MCM,CO0-0O750,,
POO2307,,,0,0,,Poste Hormigón armado Circular de 14m carga de rotura 700kg,PO0-0HC14_700,,
MED0004,,,0,0,,Medidor 240V 1F3H - Espec. Electr.  Energía A-R-D-M - 200 A_ Forma 2S,MED-1R200_2S,,
APO0508,250,C,0,12,,Proy. 240 V Na 250 W en poste con red subt Autocontrolado pot. cte. C,APD-0SPCS250AC,30,
ECR0057,250,C,0,0,,Capacitor fijo 34.5kV 3F 250kVAR,ECR-3C250,,
TAV0007,,,0,0,,Tensor en V a tierra Simple en redes de dist. 22 kV,TAV-0VS,,
SPT0036,,,0,0,,Secc. 13kV 3F con seccionador fus. unipolar ab. disp. rompearco 200A,SPT-3E200,,
APO0527,1500,C,0,12,,Proy. 240 V Na 1500 W en poste con red subt Autocontrolado pot. cte. C,APD-0SPCS1500AC,180,
PTO0004,,,0,0,,P. a Tierra en Red Secun. Preen. Cab. Alumo. 7H Calibre 9 AWG 1 Var.,PT0-0PA9_1,,
COO0258,,,0,0,,Conductor Al. Preesamblado 1x70 + Nx50 mm²,CO0-0T1X70(50),,
APO0630,400,C,0,12,,Lum. 120V Na 400 W en poste con red aerea Autocontrolada pot. cte. A,APC-0PLCS400AC,48,
TRV0405,330,C,0,0,,Transformador 22 kV 3F conv. 330 kVA en poste,TRV-3C330,,
TRV0058,30,C,0,0,,Transformador 22 kV 3F conv. 30 kVA en cámara,TRV-3O30,,
ECR0033,50,E,0,0,,Regulador de voltaje bobina múltiple 34.5kV 1F 50 kVA ctrl electrónico,ECR-1EE50,,
COO0074,,,0,0,,Conductor THHN Cu #2 AWG,CO0-0Q2,,
TRT0488,3125,C,0,0,,Transformador 13 kV 3F Pedestal o Padmounted 3125KVA,TRT-3P3125,0,0
APO0712,250,C,0,10,,Lum. 240 V Led 250 W en poste con red aérea Autocontrolada pot. cte. C,APD-0PLCL250AC,25,
TUV0027,500,C,0,0,,Transformador  22kV 3F conv. frente muerto 500 kVA,TUV-3M500,,
APO0789,135,C,0,10,,Lum. 240 V Led 135 W en fachada con red preen Autocontrolada pot. cte. C,APD-0FLCL135AC,13.5,
TRT0230,192.5,C,0,0,,Transformador 13 kV 3F conv. 192.5 kVA en poste,TRT-3C192.5,,
PTO0008,,,0,0,,P. a Tierra en Red Secun. Desnuda Cond. Cu Cal. 1/0AWG 2Var.,PT0-0DC1/0_2,,
ESV0021,,,0,0,,Est. 22 kV 3F Centrada Retención,ESV-3CR,,
COO0086,,,0,0,,Conductor Concéntrico Al 3x8,CO0-0X3x8,,
TRV0105,15,C,0,0,,Transformador 22 kV 2F conv. 15 kVA en poste,TRV-2C15,,
COO0264,,,0,0,,Conductor Clase 15kV Cu 700 MCM,CO0-0V700,,
ECT0022,100,M,0,0,,Regulador de voltaje bobina fija 13kV 3F 100 kVA ctrl manual,ECT-3RM100,,
TRT0266,1,C,0,0,,Transformador 13 kV 1F conv.  1 kVA en poste,TRT-1C1,,
SPR0097,,,0,0,,Secc. 34.5 kV 3F con interruptor 1250A BIL 75,SPR-3I1250_75,,
ECV0058,150,C,0,0,,Capacitor fijo 22kV 1F 150kVAR,ECV-1C150,,
ESR0046,,,0,0,,Est. 34.5 kV 1F Volada Pasante deriv. 1F Centrada Retención,ESR-1VP+1CR,,
TUV0052,300,C,0,0,,Transformador  22kV 3F  seco 300 kVA,TUV-3D300,,
TRR0005,25,C,0,0,,Transformador 34.5 kV 1F conv. 25 kVA en poste,TRR-1C25,,
TRV0420,217,C,0,0,,Banco de 2 transformadores 22 kV monofásicos  217 kVA en poste,TRV-3B217,,
ESV0013,,,0,0,,Est. 22 kV 2F Centrada Retención,ESV-2CR,,
TRR0361,52.5,C,0,0,,Banco de 2 transformadores en paralelo 34.5 kV monofásicos 52.5 KVA en poste,TRR-1B52.5,,
TRR0141,125,C,0,0,,Banco de 2 transformadores 34.5 kV monofásicos 125 KVA en cámara,TRR-3V125,,
SDD0069,7.7,,,,,SGDA 240V 1F Fotovoltaica de 7.7kW,SDD-1F7.7,,
TRT0136,90,C,0,0,,Banco de 2 transformadores 13 kV monofásicos 90 KVA en cámara,TRT-3V90,,
SPD0014,,,0,0,,Secc. 240V 2F con fusible NH 500 A,SPD-2L500,,
SPV0078,,,0,0,,Secc. 22kV 3F con reconectador 560A BIL 125,SPV-3R560_125,,
ESN0012,,,0,0,,Est. 69 kV 3F Suspención doble circuito con aisladores tipo soporte o de poste,ESN-2LP,,
AOD0055,70,C,0,16,C,Lum. 240 V Ornamental Na 70 W en poste Hilo Piloto. pot. cte.,AOD-0PLS70PC,11.2,
APO0322,100,C,0,15,,Lum. 120 V Na 100 W en poste con red subt hilo piloto pot. cte. C,APC-0SLCS100PC,15,
TRS0245,150,C,0,0,,Banco de 2 transformadores en paralelo 6 kV bifasicos 150 KVA en poste,TRS-2B150,,
COO0140,,,0,0,,Conductor TW Al # 10 AWG,CO0-0I10,,
SPR0087,,,0,0,,Secc. 34.5 kV 3F con reconectador 630A BIL 125,SPR-3R630_125,,
SDT0340,2000,,,,,"SGDA 13,8kV 3F Fotovoltaica de 2000kW",SDT-3F2000,,
TUV0009,25,C,0,0,,Transformador  22kV 1F sumerg.  25 kVA,TUV-1S25,,
SPO0033,,,0,0,,Secc. 2F con conector ranuras paralelas 3 a 2/0 - 6 a 2/0 Al/Cu,SPO-2UA,,
TUT0009,25,C,0,0,,Transformador  13kV 1F sumerg.  25 kVA,TUT-1S25,,
SPR0093,,,0,0,,Secc. 34.5 kV 3F con reconectador 1250A BIL 75,SPR-3R1250_75,,
SPR0033,,,0,0,,Secc. 34.5kV 3F con seccionador fus. unipolar ab. 100A,SPR-3S100,,
MED0032,,,0,0,,Medidor 240V 2F3H - Masivos Electrónico. Energía Activa - 80 A_Forma 13A,MED-2E80_13A,,
TUV0007,10,C,0,0,,Transformador  22kV 1F sumerg. 10 kVA,TUV-1S10,,
TRT0228,175,C,0,0,,Transformador 13 kV 3F conv. 175 kVA en poste,TRT-3C175,,
ESV0082,,,0,0,,Est. 22 kV 1F Bandera Angular deriv. 1F Centrada Retención,ESV-1BA+1CR,,
TRR0337,1250,C,0,0,,Transformador 34.5 kV 3F conv. 1250 kVA en cámara,TRR-3O1250,,
POO8305,,,0,0,,Poste Hormigón armado Circular de 10.5m carga de rotura 600kg,PO0-0HC10.5_600,,
ECR0017,50,E,0,0,,Regulador de voltaje bobina fija 34.5kV 1F 50 kVA ctrl electrónico,ECR-1RE50,,
SPD0051,,,0,0,,Secc. 240V 3F con Interruptor Termomagnetico de 500 A,SPD-3M500,,
TRV0357,350,C,0,0,,Banco de 2 transformadores en paralelo 22 kV monofásicos 350 kVA en cámara,TRV-1V350,,
ESD0027,,,0,0,,Est. 240V Preensamblado Pasante con 3 conduct.,ESD-1PP3,,
SDD0265,40,,,,,SGDA 220V 3F Fotovoltaica de 40kW,SDD-3F40,,
TRT0225,140,C,0,0,,Transformador 13 kV 3F conv. 140 kVA en poste,TRT-3C140,,
ESS0023,,,0,0,,Est. 6 kV 3F Semicentrada Pasante,ESS-3SP,,
POO2005,,,0,0,,Poste Hormigón armado Circular de 12.5m carga de rotura 600kg,PO0-0HC12.5_600,,
POO3000,,,0,0,,Poste Metálico Circular de 3m,PO0-0EC3,,
COO0008,,,0,0,,Conductor TW Al # 1/0 AWG,CO0-0I1/0,,
TRR0322,600,C,0,0,,Transformador 34.5 kV 3F conv. 600 kVA en cámara,TRR-3O600,,
SPE0005,,,0,0,,Secc. 69 kV 3F con seccionador tripolar para  oper. con carga 600A,SPE-3A600,,
COO0043,,,0,0,,Conductor ASC #4/0 AWG,CO0-0A4/0,,
TRT0505,850,C,0,0,,Banco de 3 transformadores 13 kV monofásicos 850 KVA en cámara (300KVA-300KVA-250KVA),TRT-3I850,0,0
TRV0076,1000,C,0,0,,Transformador 22 kV 3F conv. 1000 kVA en cámara,TRV-3O1000,,
TRV0128,2000,C,0,0,,Transformador 22 kV 3F Pedestal o Padmounted 2000 kVA,TRV-3P2000,,
TAR0009,,,0,0,,Tensor en A en redes de dist. 34.5 kV,TAR-0AS,,
TRS0249,200,C,0,0,,Banco de 2 transformadores en paralelo 6 kV bifasicos 200 KVA en poste,TRS-2B200,,
EST0033,,,0,0,,Est. 13 kV 3F Dos Postes Doble retención,EST-3HD,,
TRT0479,37.5,C,0,0,,Transformador 13 kV 1F semiprot. 37.5 kVA en poste,TRT-1R37.5,,
SPR0108,,,0,0,,Secc. 34.5 kV 3F con interruptor 800A BIL 150,SPR-3I800_150,,
EU0039,,,0,0,,Est.red subt.  pozo de 40<l?80; 40<a?80; p?100 cm,EU0-0PY,,
SPV0101,,,0,0,,Secc. 22kV 3F con reconectador 800A BIL 95,SPV-3R800_95,,
EST0085,,,0,0,,Est. 13 kV 3F Dos Postes  Pasante deriv. 1F Centrada Retención,EST-3HP+1CR,,
TRR0320,55,C,0,0,,Banco de 2 transformadores 34.5 kV monofásicos 55 kVA en poste,TRR-3B55,,
COO0353,,,0,0,,Conductor Semiaislado o Ecológico Clase 25kV Al 477 MCM,CO0-0H477,,
SST0060,,,0,0,,"Secc. red subt. 13kV 3F con descarg. premold., MCOV 8,4kV",SST-3D8,,
TRV0221,215,C,0,0,,Transformador 22 kV 3F conv. 215 kVA en cámara,TRV-3O215,,
ECR0037,50,E,0,0,,Regulador de voltaje bobina múltiple 34.5kV 3F 50 kVA ctrl electrónico,ECR-3EE50,,
TUS0027,250,C,0,0,,Transformador  6kV 3F sumerg. 250 kVA,TUS-3S250,,
SPR0099,,,0,0,,Secc. 34.5 kV 3F con interruptor 1250A BIL 125,SPR-3I1250_125,,
POO2604,,,0,0,,Poste Hormigón armado Rectangular de 15m carga de rotura 500kg,PO0-0HR15_500,,
ESR0113,,,0,0,,Est. 34.5 kV 3F Tres Postes Doble Reten. dos deriv. 1F Centrada Reten.,ESR-3TD+1CR+1CR,,
SDD0058,5.85,,,,,SGDA 220V 1F Fotovoltaica de 5.85kW,SDD-1F5.85,,
APO0999,200,C,0,10,C,Proy. 240 V Led 200 W en poste con red subt Autocontrolado pot. cte. C,APD-0SPCL200AC,20,0
ECR0027,200,E,0,0,,Regulador de voltaje bobina fija 34.5kV 3F 200 kVA ctrl electrónico,ECR-3RE200,,
SPV0013,,,0,0,,Secc. 22kV 1F con interruptor 100A BIL 150,SPV-1I100_150,,
EST0017,,,0,0,,Est. 13 kV 2F En volado Retención,EST-2VR,,
APO0219,250,C,0,12,C,Lum. 240 V Hg250 W en fachada con red preen hilo piloto pot. cte. C,APD-0FLCM250PC,30,
SPS0111,,,0,0,,Secc. 6kV 3F con interruptor 800A BIL 125,SPS-3I800_125,,
COO0238,,,0,0,,CONDUCTOR AAAC 5005 #266.8 MCM,CO0-0C266.8,,
ECR0058,450,C,0,0,,Capacitor fijo 34.5kV 3F 450kVAR,ECR-3C450,,
ESR0038,,,0,0,,Est. 34.5 kV 3F Neutro Alineado en Cruceta Centrada Pasante,ESR-3NP,,
COO0151,,,0,0,,"Multiconductor de Cu, aislado  600 V, Tipo PVC  No.4X14 AWG",CO0-0N4x14,,
COO0017,,,0,0,,Conductor AAAC 5005 #6 AWG,CO0-0C6,,
ESR0027,,,0,0,,Est. 34.5 kV 3F En volado  Pasante,ESR-3VP,,
TUT0068,90,C,0,0,,Banco de 2 transformadores 13 kV 1F convenc. Frente muerto 90 kVA,TUT-3T90,,
TRV0135,50,C,0,0,,Banco de 3 transformadores 22 kV monofásicos 50 kVA en poste,TRV-3N50,,
TRT0331,1725,C,0,0,,Transformador 13 kV 3F conv. 1725 kVA en cámara,TRT-3O1725,,
TRS0116,190,C,0,0,,Transformador 6 kV 3F conv. 190 kVA en cámara,TRS-3O190,,
TRT0307,15,C,0,0,,Banco de 2 transformadores 13 kV monofásicos 15 kVA en cámara,TRT-3V15,,
SPS0103,,,0,0,,Secc. 6kV 3F con interruptor 1250A BIL 125,SPS-3I1250_125,,
TRS0224,40,C,0,0,,Banco de 2 transformadores en paralelo 6 kV bifasicos 40 KVA en poste,TRS-2B40,,
SPS0069,,,0,0,,Secc. 6 kV 3F con reconectador 400A BIL 125,SPS-3R400_125,,
TRT0143,150,C,0,0,,Banco de 2 transformadores 13 kV monofásicos 150 KVA en cámara,TRT-3V150,,
POO4319,,,0,0,,Poste Hormigón armado Rectangular de 23m carga de rotura 3500kg,PO0-0HR23_3500,,
SDD0129,1.68,,,,,SGDA 220V 2F Fotovoltaica de 1.68kW,SDD-2F1.68,,
SPS0124,,,0,0,,Secc. 6kV 3F con interruptor 300A BIL 150,SPS-3I300_150,,
AOD0115,100,C,0,10,C,Lum. 240 V Ornamental Led 100 W en poste Autocont. pot. cte.,AOD-0PLL100AC,10,
ECS0006,100,C,0,0,,Capacitor fijo 6kV 3F 100kVAR,ECS-3C100,,
SST0061,,,0,0,,"Secc. red subt. 13kV 3F con int.  redes subt, 4 vías, 200A",SST-3I4_200,,
TRV0055,50,C,0,0,,Transformador 22 kV 1F conv. 50 kVA en cámara,TRV-1O50,,
APO0607,70,C,0,16,,Lum. 240 V Na 70 W en poste con red aérea hilo piloto pot. cte. A,APD-0PLAS70PC,11.2,
TAV0008,,,0,0,,Tensor poste a poste en V Simple en redes de dist. 22 kV,TAV-0SS,,
TRT0029,37.5,C,0,0,,Transformador 13 kV 1F Pedestal o Padmounted 37.5KVA,TRT-1P37.5,,
TRR0106,150,C,0,0,,Banco de 2 transformadores 34.5 kV monofásicos 150 KVA en poste,TRR-3B150,,
POO0101,,,0,0,,Poste Hormigón armado Circular de 9m carga de rotura 350kg,PO0-0HC9_350,,
APO0711,20,C,0,10,,Lum. 240 V Led 20 W en poste con red aérea Autocontrolada pot. cte. C,APD-0PLCL20AC,2,
SDD0286,92.8,,,,,SGDA 220V 3F Fotovoltaica de 92.8kW,SDD-3F92.8,,
ECR0011,,,0,0,,Capacitor automático 34.5kV 3F 200kVAR,ECR-3A200,,
TRR0350,15,C,0,0,,Banco de 2 transformadores en paralelo 34.5 kV monofasicos 15KVA en poste,TRR-1B15,,
TRS0019,112.5,C,0,0,,Transformador 6 kV 3F Pedestal o Padmounted 112.5KVA,TRS-3P112.5,,
POO2609,,,0,0,,Poste Hormigón armado Rectangular de 15m carga de rotura 1000kg,PO0-0HR15_1000,,
TRS0012,75,C,0,0,,Transformador 6  kV  3F conv. 75 kVA en poste,TRS-3C75,,
SPS0042,,,0,0,,Secc. 6 kV 2F con seccionador de cuchilla   con disp. rompearco 300A,SPS-2O300,,
TRT0035,167,C,0,0,,Transformador 13 kV 1F Pedestal o Padmounted 167KVA,TRT-1P167,,
TRV0073,20,C,0,0,,Transformador 22kV 3F conv. 20 kVA en poste,TRV-3C20,,
TRT0290,25,C,0,0,,Banco de 3 transformadores 13 kV monofásicos 25 KVA en poste,TRT-3N25,,
SPR0043,,,0,0,,Secc. 34.5kV 3F con seccionador de cuchilla   con disp. rompearco 300A,SPR-3O300,,
APO0912,145,C,0,10,,Lum. 240 V Led 145 W en poste con red aérea hilo piloto pot. cte. C,APD-0PLCL145PC,14.5,
SDV0281,80,,,,,SGDA 22kV 3F Fotovoltaica de 80kW,SDV-3F80,,
TRS0080,240,C,0,0,,Transformador 6 kV 3F conv. 240 kVA  en cámara,TRS-3O240,,
SPS0055,,,0,0,,Secc. 6 kV 3F con seccionador tripolar para  oper. con carga 200A,SPS-3A200,,
ECV0042,127,M,0,0,,Regulador de voltaje bobina fija 22kV 1F 127 kVA ctrl manual,ECV-1RM127,,
ESV0020,,,0,0,,Est. 22 kV 3F Centrada Angular,ESV-3CA,,
SDD0176,11.4,,,,,SGDA 220V 2F Fotovoltaica de 11.4kW,SDD-2F11.4,,
TRV0036,50,C,0,0,,Transformador 22 kV 3F Pedestal o Padmounted 50KVA.,TRV-3P50,,
TRR0155,45,C,0,0,,Banco de 3 transformadores 34.5 kV monofásicos 45 KVA en cámara,TRR-3I45,,
TRT0003,10,C,0,0,,Transformador 13 kV 1F conv. 10 kVA en poste,TRT-1C10,,
COO0105,,,0,0,,Conductor Clase 15kV Al 1/0 AWG,CO0-0Z1/0,,
APO0125,125,C,0,13,C,Lum. 240  V Hg 125 W en poste con red preen Autocontrolada pot. cte. A,APD-0OLAM125AC,16.25,
ESR0093,,,0,0,,Est. 34.5 kV 3F Centrada Doble Retención dos deriv.1F Centrada Retención,ESR-3CD+1CR+1CR,,
EST0118,,,0,0,,Est. 13 kV 3F Centrada Pasante deriv. 3F Semi Centrada Pasante,EST-3CP+3SP,,
TRR0111,30,C,0,0,,Banco de 3 transformadores 34.5 kV monofásicos 30 KVA en poste,TRR-3N30,,
COO0333,,,0,0,,Conductor Semiaislado o Ecológico Clase 15kV Al 1/0 AWG,CO0-0F1/0,,
POO0612,,,0,0,,Poste Hormigón armado Circular de 10m carga de rotura 2000kg,PO0-0HC10_2000,,
COO0398,,,0,0,,Conductor TTU Al #750 MCM,CO0-0M750,,
TUS0006,75,C,0,0,,Transformador  6kV 3F conv. frente muerto 75 kVA,TUS-3M75,,
APO0736,39,C,0,10,,Lum. 240 V Led 39 W en poste con red preen Autocont. pot. cte. C,APD-0OLCL39AC,3.9,
ESR0065,,,0,0,,Est. 34.5 kV 1F Centrada Retención dos deriv.1F Centrada Retención,ESR-1CR+1CR+1CR,,
COO0175,,,0,0,,Conductor Concéntrico Al 3x2,CO0-0X3x2,,
SPS0033,,,0,0,,Secc. 6kV 2F con seccionador fus. unipolar ab. 200A,SPS-2S200,,
SPD0048,,,0,0,,Secc. 240V 3F con Interruptor Termomagnetico de 320 A,SPD-3M320,,
TRR0188,471,C,0,0,,Banco de 3 transformadores 34.5 kV monofásicos 471 KVA en cámara,TRR-3I471,,
TRT0038,30,C,0,0,,Transformador 13 kV 3F Pedestal o Padmounted 30KVA,TRT-3P30,,
ESS0073,,,0,0,,Est. 6 kV 3F Semicentrada Doble Retenc. deriv. 2F Centrada Retenc.,ESS-3SD+2CR,,
EST0081,,,0,0,,Est. 13 kV 3F Tres Postes Doble retenc. deriv. 1F Centrada Retenc.,EST-3TD+1CR,,
SSV0043,,,0,0,,Secc. red subt. 22 kV 2F con fusible 18 A,SSV-2F18,,
SPO0018,,,0,0,,Secc. 1F con conector ranuras paralelas 336.4 A 397.5 ACSR/AAAC,SPO-1UD,,
TRT0138,110,C,0,0,,Banco de 2 transformadores 13 kV monofásicos 110 KVA en cámara,TRT-3V110,,
SDT0337,1600,,,,,"SGDA 13,8kV 3F Fotovoltaica de 1600kW",SDT-3F1600,,
AOD0037,60,C,0,10,C,Lum. 240 V Ornamental Led 60 W en poste Autocont. pot. cte.,AOD-0PLL60AC,6,
TAT0001,,,0,0,,Tensor a Tierra Doble en redes de dist. 13 kV,TAT-0TD,,
AOD0108,100,C,0,15,C,Lum. 240 V Ornamental Hg 100 W en poste Autocont. pot. cte.,AOD-0PLM100AC,15,
SDV0257,29.3,,,,,SGDA 22kV 3F Fotovoltaica de 29.3kW,SDV-3F29.3,,
TRV0209,320,C,0,0,,Transformador 22 kV 3F conv. 320 kVA en cámara,TRV-3O320,,
TRV0291,5,C,0,0,,Transformador 22 kV 3F conv. 5 kVA en poste,TRV-3C5,,
TUT0058,35,C,0,0,,Banco de 2 transformadores 13 kV 1F convenc. Frente muerto 35 kVA,TUT-3T35,,
ESD0040,,,0,0,,Est. 240V Preensamblado Angular con 2 conduct.,ESD-1PA2,,
SDD0004,1.34,,,,,SGDA 240V 1F Fotovoltaica de 1.34kW,SDD-1F1.34,,
SST0048,,,0,0,,Secc. red subt. 13 kV 3F con fusible 3 A,SST-3F3,,
ESS0076,,,0,0,,Est. 6 kV 3F Bandera Angular deriv. 2F Centrada Retención,ESS-3BA+2CR,,
TRV0045,300,C,0,0,,Transformador 22 kV 3F Pedestal o Padmounted 300KVA,TRV-3P300,,
ESS0106,,,0,0,,Est. 6 kV 3F Dos Postes Retención deriv. 2F Centrada Retención,ESS-3HR+2CP,,
TRR0281,13,C,0,0,,Banco de 2 transformadores 34.5 kV monofasicos 13KVA en poste,TRR-3B13,,
TRT0417,50,C,0,0,,Banco de 2 transformadores en paralelo 13 kV monofásicos 50 KVA en cámara,TRT-1V50,,
COO0032,,,0,0,,Conductor ACSR #1/0 AWG,CO0-0B1/0,,
COO0084,,,0,0,,Conductor Concéntrico Al 2x4,CO0-0X2x4,,
COO0330,,,0,0,,Conductor Al. Preensamblado 3x95 + Nx70 mm² + HPx25 mm²,CO0-0T3X95(70)+25,,
TRR0291,167,C,0,0,,Transformador 34.5 kV 3F conv. 167 kVA en cámara,TRR-3O167,,
TRR0073,37.5,C,0,0,,Transformador 34.5 kV 1F conv. 37.5 kVA  en cámara,TRR-1O37.5,,
ESV0065,,,0,0,,Est. 22 kV 3F Semi Centrada Angular deriv. 3F Semi Centrada Retención,ESV-3SA+3SR,,
TRS0248,192,C,0,0,,Banco de 2 transformadores en paralelo 6 kV bifasicos 192 KVA en poste,TRS-2B192,,
SPO0014,,,0,0,,Secc. 1F con conector de compresión 4/0 a 477 ACSR,SPO-1CC,,
EST0026,,,0,0,,Est. 13 kV 3F Semicentrada Doble retención,EST-3SD,,
MEV0001,,,0,0,,Medidor 22kV 3F4H - Espec. Electr.  Energía A-R-D-M - 20 A_ Forma 10A,MEV-3R20_10A,,
TRT0410,15,C,0,0,,Banco de 2 transformadores en paralelo 13 kV monofásicos 15 kVA en cámara,TRT-1V15,,
ESD0036,,,0,0,,Est. 240V 1 via Preensamblado Pasante deriv. Retención con 4 conduct.,ESD-1PP4+1PR4,,
TRR0247,800,C,0,0,,Transformador 34.5 kV 3F conv. 800 kVA en cámara,TRR-3O800,,
COO0239,,,0,0,,CONDUCTOR AAAC 5005 #312.8 MCM,CO0-0C312.8,,
SDD0073,8.19,,,,,SGDA 240V 1F Fotovoltaica de 8.19kW,SDD-1F8.19,,
SPV0044,,,0,0,,Secc. 22kV 3F con secc. trip. oper. con carga con disp. rompearco 200A,SPV-3N200,,
ECV0014,100,M,0,0,,Regulador de voltaje bobina fija 22kV 1F 100 kVA ctrl manual,ECV-1RM100,,
APO0310,150,C,0,13,C,Lum. 120 V Na 150 W en poste con red aerea Autocontrolada pot. cte. C,APC-0PLCS150AC,19.5,
COO0035,,,0,0,,Conductor ACSR #4/0 AWG,CO0-0B4/0,,
SPT0065,,,0,0,,Secc. 13kV 3F con interruptor 300A BIL 125,SPT-3I300_125,,
SSV0075,,,0,0,,"Secc. red subt. 22kV 3F, Transición, inst. en cruceta en volado",SSV-3RV,,
SPR0018,,,0,0,,Secc. 34.5kV 1F con reconectador 400A BIL 125,SPR-1R400_125,,
ESR0063,,,0,0,,Est. 34.5 kV 3F Line Poste Pasante,ESR-3LP,,
TRR0193,600,C,0,0,,Banco de 3 transformadores 34.5 kV monofásicos 600 KVA en cámara,TRR-3I600,,
TRV0256,52.5,C,0,0,,Banco de 2 transformadores 22 kV monofásicos 52.5 kVA en cámara,TRV-3V52.5,,
APO0929,220,C,0,10,,Lum. 240 V Led 220 W en poste con red subt hilo piloto pot. cte. C,APD-0SLCL220PC,22,
TRT0340,330,C,0,0,,Transformador 13 kV 1F conv. 330 kVA en poste,TRT-1C330,,
TRS0199,3,C,0,0,,Transformador 6 kV 2F conv. 3 kVA en cámara,TRS-2O3,,
APO0318,150,D,100,13,S,Lum. 240 V Na150 W en poste con red aerea Autocontrolada Dob.niv.pot. C,APD-0PLCS150AD,19.5,15
TRT0080,60,C,0,0,,Transformador 13 kV 3F conv. 60 kVA en cámara,TRT-3O60,,
APO0781,240,C,0,10,,Lum. 240 V Led 240 W en fachada con red subt Autocontrolada pot. cte. C,APD-0ALCL240AC,24,
COO0225,,,0,0,,Conductor Clase 35KV Al 750 MCM,CO0-0L750,,
TUT0051,250,C,0,0,,Transformador  13kV 3F  seco 250 kVA,TUT-3D250,,
TRT0270,167,A,0,0,,Transformador 13 kV 1F autoproteg. 167 kVA en poste,TRT-1A167,,
APO0714,30,C,0,10,,Lum. 240 V Led 30 W en poste con red aérea Autocontrolada pot. cte. C,APD-0PLCL30AC,3,
ECS0072,600,A,0,0,,Capacitor automático 6kV 2F 600kVAR,ECS-2A600,,
APO0749,90,C,0,10,,Lum. 240 V Led 90 W en poste con red subterranea Autocontrolada pot. cte. C,APD-0SLCL90AC,9,
TRR0442,28,C,0,0,,Banco de 2 transformadores 34.5 kV monofasicos 28KVA en poste,TRR-3B28,,
TRV0081,1300,C,0,0,,Transformador 22 kV 3F conv. 1300 kVA en cámara,TRV-3O1300,,
SPR0114,,,0,0,,Secc. 34.5 kV 3F con reconectador 600A BIL 75,SPR-3R600_75,,
TRS0130,1100,C,0,0,,Transformador 6 kV 3F conv. 1100 kVA en cámara,TRS-3O1100,,
TRV0145,45,C,0,0,,Banco de 3 transformadores 22 kV monofásicos 45 kVA en cámara,TRV-3I45,,
APO0524,1500,C,0,12,,Proy. 240 V Na 1500 W en poste con red aerea hilo piloto pot. cte. C,APD-0PPCS1500PC,180,
POO10910,,,0,0,,Poste Hormigón armado Circular de 24m carga de rotura 1200kg,PO0-0HC24_1200,,
EST0055,,,0,0,,Est. 13 kV 3F Centrada Retención deriv. 2F Centrada Retención,EST-3CR+2CR,,
SPS0097,,,0,0,,Secc. 6kV 3F con reconectador 1250A BIL 75,SPS-3R1250_75,,
EST0064,,,0,0,,Est. 13 kV 1F Centrada Retención deriv. 1F Bandera Doble Retenc.,EST-1CR+1BD,,
SPS0056,,,0,0,,Secc. 6 kV 3F con seccionador tripolar para  oper. con carga 300A,SPS-3A300,,
SPT0076,,,0,0,,Secc. 13 kV 1F con seccionador fus. unipolar cerrado 100A,SPT-1D100,,
TAD0003,,,0,0,,Tensor a Tierra Simple en redes de dist. 240/120 V,TAD-0TS,,
APO0762,500,C,0,10,,Lum. 240 V Led 500 W en poste con red aerea Autocontrolada pot. cte. C,APD-0PLCL500AC,50,
TRT0267,20,A,0,0,,Transformador 13 kV 1F autoproteg. 20 kVA en poste,TRT-1A20,,
TRR0462,204.5,C,0,0,,Banco de 2 transformadores en paralelo 34.5 kV monofásicos 204.5 kVA en cámara,TRR-1V204.5,,
TRS0026,500,C,0,0,,Transformador 6 kV 3F Pedestal o Padmounted 500KVA,TRS-3P500,,
TRT0365,45,C,0,0,,Banco de 2 transformadores en paralelo 13 kV monofásicos 45 kVA en poste,TRT-1B45,,
POO9913,0,,0,0,,Poste Hormigón armado rectangular de 23m carga de rotura 5000kg,PO0-0HR23_5000,0,0
AOD0042,40,C,0,16,C,Lum. 240 V Ornamental Hg 40 W en poste Autocont. pot. cte.,AOD-0PLM40AC,6.4,
POO7000,,,0,0,,Poste Metálico Circular de 12.5m,PO0-0EC12.5,,
SPV0069,,,0,0,,Secc. 22 kV 3F con interruptor 200A BIL 150,SPV-3I200_150,,
SSS0044,,,0,0,,Secc. red subt. 6 kV 2F con fusible 20 A,SSS-2F20,,
EU0020,,,0,0,,Est.red subt.  banco de ductos  config. 1x4  de 110 mm.  en calzada,EU0-0B1x4B2,,
ESS0084,,,0,0,,Est. 6 kV 2F Centrada Angular deriv. 2F Bandera Doble Retenc.,ESS-2CA+2BD,,
SPR0005,,,0,0,,Secc. 34.5kV 1F con seccionador de cuchilla   100A,SPR-1C100,,
TRT0350,330,C,0,0,,Transformador 13 kV 3F conv. 330 kVA en poste,TRT-3C330,,
POO4215,,,0,0,,Poste Hormigón armado Rectangular de 21 m carga de rotura 2400 kg,PO0-0HR21_2400,,
EST0084,,,0,0,,Est. 13 kV 1F Centrada Angular deriv. 1F Bandera Doble Retención,EST-1CA+1BD,,
COO0313,,,0,0,,Conductor Clase 25kV Cu 300 MCM,CO0-0Y300,,
AOD0095,40,C,0,16,C,Lum. 240 V Ornamental Hg 40 W en Fachada Hilo Piloto pot. cte.,APD-0FLM40PC,6.4,
AOD0086,60,C,0,16,C,Lum. 240 V Ornamental Led 60 W en poste Hilo Piloto. pot. cte.,AOD-0PLL60PC,9.6,
SDD0006,1.6,,,,,SGDA 240V 1F Fotovoltaica de 1.6kW,SDD-1F1.6,,
TRS0101,1000,C,0,0,,Transformador 6 kV 3F Pedestal o Padmounted 1000 kVA,TRS-3P1000,,
COO0132,,,0,0,,Conductor TW Cu # 10 AWG,CO0-0O10,,
ESV0133,,,0,0,,Est. 22 kV 2F Semiaislado o Ecologico Pasante,ESV-2MP,,
ECR0034,100,E,0,0,,Regulador de voltaje bobina múltiple 34.5kV 1F 100 kVA ctrl electrónico,ECR-1EE100,,
COO0055,,,0,0,,Conductor Multiplex Al 4x2 AWG,CO0-0J4x2,,
AOD0104,250,C,0,12,C,Lum. 240 V Ornamental MH 250 W en Fachada Autocont. pot. cte.,AOD-0FLH250A,30,
POO2406,,,0,0,,Poste Hormigón armado Circular de 14.5m carga de rotura 675kg,PO0-0HC14.5_675,,
TUS0051,600,C,0,0,,Transformador  6kV 3F  seco 600 kVA,TUS-3D600,,
APO0755,155,C,0,10,,Lum. 240 V Led 155 W en fachada con red preen Autocontrolada pot. cte. C,APD-0FLCL155AC,15.5,
AOD0111,10,C,0,10,C,Lum. 240 V Ornamental Led 10 W en poste Autocont. pot. cte.,AOD-0PLL10AC,1,
TRR0173,217,C,0,0,,Banco de 3 transformadores 34.5 kV monofásicos 217 KVA en cámara,TRR-3I217,,
AOD0156,50,C,0,10,C,Proy. 240V Ornamental Led 50 W en piso  hilo piloto pot. Cte.,AOD-0IPL50PC,5,
COO0403,,,0,0,,"Conductor de Cu concentrico, aislado 600 V, Tipo XLPE  No.1X8+8 AWG",CO0-0W1x8(8),,
ECT0024,300,M,0,0,,Regulador de voltaje bobina fija 13kV 3F 300 kVA ctrl manual,ECT-3RM300,,
TRR0197,990,C,0,0,,Banco de 3 transformadores 34.5 kV monofásicos 990 KVA en cámara,TRR-3I990,,
SDD0245,16,,,,,SGDA 220V 3F Fotovoltaica de 16kW,SDD-3F16,,
ESR0002,,,0,0,,Est. 34.5 kV 1F Centrada Angular,ESR-1CA,,
COO0063,,,0,0,,Conductor antihurto SEU 2x1/0 Al + Nx2 Al AWG (Serie 8000),CO0-0X2x1/0(2),,
TRV0096,100,C,0,0,,Transformador 22  kV 1F conv. 100 kVA en poste,TRV-1C100,,
POO9905,0,,0,0,,Poste Hormigón armado Circular de 14m carga de rotura 2000kg,PO0-0HC14_2000,0,0
COO0408,,,0,0,,Conductor Al. Preensamblado 2x95 + Nx50 mm² + HPx25 mm²,CO0-0T2X95(50)+25,,
TRV0144,35,C,0,0,,Banco de 3 transformadores 22 kV monofásicos 35 kVA en cámara,TRV-3I35,,
AOD0048,20,C,0,16,C,Lum. 240 V Ornamental Na 20 W en poste Autocont. pot. cte.,AOD-0PLS20AC,3.2,
TRR0074,50,C,0,0,,Transformador 34.5 kV 1F conv. 50 kVA en cámara,TRR-1O50,,
TUS0039,15,C,0,0,,Transformador  6kV 3F seco 15 kVA,TUS-3D15,,
COO0257,,,0,0,,Conductor Al. Preesamblado 1x35 + Nx25 mm²,CO0-0T1X35(25),,
TRR0387,40,C,0,0,,Banco de 2 transformadores en paralelo 34.5 kV monofásicos 40 KVA en cámara,TRR-1V40,,
ECT0068,1800,A,0,0,,Capacitor automático 13kV 3F 1800kVAR,ECT-3A1800,,
COO0025,,,0,0,,Conductor AAAC 6201 #2 AWG,CO0-0D2,,
TRV0133,35,C,0,0,,Banco de 3 transformadores 22 kV monofásicos 35 kVA en poste,TRV-3N35,,
TRR0169,160,C,0,0,,Banco de 3 transformadores 34.5 kV monofásicos 160 KVA en cámara,TRR-3I160,,
AOD0123,30,C,0,10,C,Proy. 240 V Ornamental Led 30 W en piso Hilo Piloto. pot. cte.,AOD-0IPL30PC,3,
TRR0144,175,C,0,0,,Banco de 2 transformadores 34.5 kV monofásicos 175 KVA en cámara,TRR-3V175,,
APO0745,115,C,0,10,,Lum. 240 V Led 115 W en fachada con red preen Autocontrolada pot. cte. C,APD-0FLCL115AC,11.5,
SDD0200,60,,,,,SGDA 220V 2F Fotovoltaica de 60kW,SDD-2F60,,
ECS0008,300,C,0,0,,Capacitor fijo 6kV 3F 300kVAR,ECS-3C300,,
TRR0175,250,C,0,0,,Banco de 3 transformadores 34.5 kV monofásicos 250 KVA en cámara,TRR-3I250,,
COO0041,,,0,0,,Conductor ASC #2/0 AWG,CO0-0A2/0,,
POO1125,,,0,0,,Poste Hormigón armado rectangular de 11m carga de rotura 316kg,PO0-0HR11_316,,
SPR0014,,,0,0,,Secc. 34.5kV 1F con interruptor 100A BIL 125,SPR-1I100_125,,
TRR0145,182,C,0,0,,Banco de 2 transformadores 34.5 kV monofásicos 182 KVA en cámara,TRR-3V182,,
COO0233,,,0,0,,CONDUCTOR ACAR #450 MCM,CO0-0S450,,
TRR0346,6,C,0,0,,Banco de 2 transformadores en paralelo 34.5 kV monofasicos 6KVA en poste,TRR-1B6,,
TRR0026,10,C,0,0,,Transformador 34.5 kV 1F Pedestal o Padmounted 10KVA,TRR-1P10,,
SPV0048,,,0,0,,Secc. 22kV 3F con reconectador 400A BIL 150,SPV-3R400_150,,
TRV0394,45,C,0,0,,Transformador 22 kV 1F conv. 45 kVA en cámara,TRV-1O45,,
ESE0010,,,0,0,,Est. 0V Preensamblado Angular con 1 conduct.,ESD-1PA1,,
AOD0054,60,C,0,16,C,Lum. 240 V Ornamental Na 60 W en poste Autocont. pot. cte.,AOD-0PLS60AC,9.6,
COO0328,,,0,0,,Conductor Al. Preensamblado 3x95 + Nx50 mm² + HPx25 mm²,CO0-0T3X95(50)+25,,
COO0413,,,,,,Conductor antihurto SEU 2x4 Al + Nx4 Al AWG (Serie 8000),CO0-0X2x4(4),,
TRV0237,90,C,0,0,,Banco de 2 transformadores 22 kV monofásicos 90 kVA en poste,TRV-3B90,,
TRT0244,315,C,0,0,,Transformador 13 kV 3F conv. 315 kVA en cámara,TRT-3O315,,
EU0003,,,0,0,,Est.red subt.  banco de ductos  config. 1x2  de 110 mm. en acera,EU0-0B1x2B1,,
TRV0031,50,C,0,0,,Transformador 22 kV 1F Pedestal o Padmounted 50KVA.,TRV-1P50,,
SPR0044,,,0,0,,Secc. 34.5kV 3F con seccionador de cuchilla   con disp. rompearco 600A,SPR-3O600,,
APO0359,150,C,0,13,,Lum. 240 V Na 150 W en fachada con red subt hilo piloto pot. cte. C,APD-0ALCS150PC,19.5,
COO0289,,,0,0,,Multiconductor Cu 4X2,CO0-0N4X2,,
TRV0424,3500,C,0,0,,Transformador 22 kV 3F conv. 3500 kVA en cámara,TRV-3O3500,,
TRT0051,225,C,0,0,,Transformador 13 kV 3F Pedestal o Padmounted 225KVA,TRT-3P225,,
POO3522,,,0,0,,Poste Hormigón armado Circular de 21m carga de rotura 1600kg,PO0-0HC21_1600,,
TRS0062,25,A,0,0,,Transformador 6 kV 2F autoproteg. 25 kVA en poste,TRS-2A25,,
TRV0373,97.5,C,0,0,,Banco de 3 transformadores 22 kV monofásicos 97.5 kVA en cámara,TRV-3I97.5,,
APO0983,200,C,0,10,C,Lum. 240 V Led 200 W en poste con red aérea Autocontrolada pot. cte. C,APD-0PLCL200AC,20,0
SPT0069,,,0,0,,Protección 13kV 3F con descargador 10kV,SPT-3P10,,
POO0400,,,0,0,,Poste Metálico Circular de 9m,PO0-0EC9,,
APO0243,400,C,0,12,C,Lum. 120V Hg 400 W en poste con red aerea Autocontrolada pot. cte. C,APC-0PLCM400AC,48,
SPT0034,,,0,0,,Secc. 13kV 3F con seccionador fus. unipolar ab. 200A,SPT-3S200,,
TRR0080,60,C,0,0,,Transformador 34.5 kV 3F conv. 60 kVA en cámara,TRR-3O60,,
PTO0013,,,0,0,,P. a Tierra en Red Secun. Preen. Cond. Cu Cal. 1/0AWG 1Var.,PT0-0PC1/0_1,,
SPS0035,,,0,0,,Secc. 6 kV 2F con seccionador fus. unipolar ab. disp. rompearco 200A,SPS-2E200,,
SPS0025,,,0,0,,Secc. 6 kV 2F con interruptor 100A BIL 150,SPS-2I100_150,,
SPR0081,,,0,0,,Secc. 34.5 kV 3F con interruptor 600A BIL 75,SPR-3I600_75,,
COO0053,,,0,0,,Conductor Multiplex Al 4x6 AWG,CO0-0J4x6,,
SPD0006,,,0,0,,Secc. 240V 2F con fusible NH 63 A,SPD-2L63,,
SSV0001,,,0,0,,"Secc. red subt. 22kV 1F con conector tipo Codo,  200 A",SSV-1C200,,
ESV0072,,,0,0,,Est. 22 kV 3F Volada Pasante deriv. 3F Semi Centrada Retención,ESV-3VP+3SR,,
APO0967,139,C,0,10,C,Lum. 127 V Led 139 W en fachada con red subt Autocontrolada pot. cte. C,APC-0ALCL139AC,13.9,
TUT0052,300,C,0,0,,Transformador  13kV 3F  seco 300 kVA,TUT-3D300,,
MED0023,,,0,0,,Medidor 240V 2F3H - Masivos Electromecánico. Energía Activa - 100 A_Forma 12S,MED-2L100_12S,,
SSV0024,,,0,0,,"Secc. red subt. 22kV 3F con barraje desc., 3 vias,  200 A",SSV-3B3_200,,
ECS0022,100,M,0,0,,Regulador de voltaje bobina fija 6kV 3F 100 kVA ctrl manual,ECS-3RM100,,
TRT0493,32.5,C,0,0,,Banco de 2 transformadores 13 kV monofásicos 32.5 KVA en cámara (15KVA-17.5KVA),TRT-3V32.5,0,0
ESV0006,,,0,0,,Est. 22 kV 1F En volado Angular,ESV-1VA,,
SDU0328,900,,,,,SGDA 440V 3F Fotovoltaica de 900kW,SDU-3F900,,
ESS0118,,,0,0,,Est. 6 kV 3F Centrada Pasante deriv. 3F Semicentrada Pasante,ESS-3CP+3SP,,
ESR0011,,,0,0,,Est. 34.5 kV 2F Centrada Pasante,ESR-2CP,,
SPO0023,,,0,0,,Secc. 2F con fusible 6K,SPO-2F6K,,
SPV0099,,,0,0,,Secc. 22kV 3F con interruptor 1250A BIL 150,SPV-3I1250_150,,
SPT0030,,,0,0,,Secc. 13kV 2F con seccionador de cuchilla   con disp. rompearco 200A,SPT-2O200,,
SPS0091,,,0,0,,Secc. 6kV 3F con reconectador 630A BIL 125,SPS-3R630_125,,
ECV0023,200,M,0,0,,Regulador de voltaje bobina fija 22kV 3F 200 kVA ctrl manual,ECV-3RM200,,
ESR0100,,,0,0,,Est. 34.5 kV 3F Volada Angular deriv. 3F Semi Centrada Retención,ESR-3VA+3SR,,
APO0627,100,C,0,15,,Lum. 240 V Na 100 W  en poste con red aerea hilo piloto pot. cte. A,APD-0PLAS100PC,15,
APO0988,141,C,0,10,C,Lum. 240 V Led 141 W en poste con red subt Autocontrolada pot. cte. C,APD-0SLCL141AC,14.1,0
SDD0082,9.5,,,,,SGDA 240V 1F Fotovoltaica de 9.5kW,SDD-1F9.5,,
APO0205,125,C,0,13,C,Lum. 240 V Hg 125 W en poste con red aerea Autocontrolada pot. cte. C,APD-0PLCM125AC,16.25,
TRS0274,182,C,0,0,,Banco de 2 transformadores en paralelo 6 kV bifasicos 182 KVA en cámara,TRS-2V182,,
TAS0007,,,0,0,,Tensor en V a tierra Simple en redes de dist. 6 kV,TAS-0VS,,
TUT0031,50,C,0,0,,Transformador  13kV 3F sumerg.  50 kVA,TUT-3S50,,
POO4313,,,0,0,,Poste Hormigón armado rectangular de 23m carga de rotura 3000kg,PO0-0HR23_3000,,
APO0721,90,C,0,10,,Lum. 120 V Led  90 W en poste con red subt Autocontrolada pot. cte. C,APC-0SLCL90AC,9,
POO6626,,,0,0,,Poste Plástico fibra de vidrio Circular de 18m carga de rotura 2350kg,PO0-0PC18_2350,,
EST0117,,,0,0,,Est. 13 kV 3F Dos Postes Doble Reten. deriv. 3F Semi Centrada Reten.,EST-3HD+3SR,,
ECT0031,200,M,0,0,,Regulador de voltaje bobina múltiple 13kV 1F 200 kVA ctrl manual,ECT-1EM200,,
TRR0241,300,C,0,0,,Transformador 34.5 kV 3F conv. 300 kVA en cámara,TRR-3O300,,
SPO0004,,,0,0,,Secc. 1F con fusible 5H,SPO-1F5H,,
TRV0027,10,C,0,0,,Transformador 22 kV 1F Pedestal o Padmounted 10KVA,TRV-1P10,,
TRR0095,65,C,0,0,,Banco de 2 transformadores 34.5 kV monofásicos 65 KVA en poste,TRR-3B65,,
ESV0012,,,0,0,,Est. 22 kV 2F Centrada Angular,ESV-2CA,,
SST0047,,,0,0,,Secc. red subt. 13 kV 2F con fusible 40 A,SST-2F40,,
ESR0052,,,0,0,,Est. 34.5 kV 3F Centrada Pasante deriv. 2F Centrada Retención,ESR-3CP+2CR,,
COO0149,,,0,0,,Conductor THHN Cu #8 AWG,CO0-0Q8,,
SDD0028,3.48,,,,,SGDA 240V 1F Fotovoltaica de 3.48kW,SDD-1F3.48,,
SPT0071,,,0,0,,Secc. 13 kV 1F con interruptor 200A BIL 150,SPT-1I200_150,,
TRT0367,47.5,C,0,0,,Banco de 2 transformadores en paralelo 13 kV monofásicos 47.5 KVA en poste,TRT-1B47.5,,
TRS0018,100,C,0,0,,Transformador 6 kV 3F Pedestal o Padmounted 100KVA,TRS-3P100,,
APO0220,400,C,0,12,C,Lum. 240 V Hg400 W en fachada con red preen hilo piloto pot. cte. C,APD-0FLCM400PC,48,
ESS0136,,,0,0,,Est. 6 kV 2F Semiaislado o Ecologico Doble retención,ESS-2MD,,
POO5600,,,0,0,,Poste Metálico Ornamental de 4m,PO0-0EO4,,
TRR0098,87.5,C,0,0,,Banco de 2 transformadores 34.5 kV monofásicos 87.5 KVA en poste,TRR-3B87.5,,
SSV0069,,,0,0,,"Secc. red subt. 22kV 3F,  celda, interconexión, 600A, 150 BIL",SSV-3EI600_150,,
EST0068,,,0,0,,Est. 13 kV 3F Semi Centrada Angular deriv. 1F Centrada Retención,EST-3SA+1CR,,
APO0791,250,C,0,10,,Lum. 240 V Led 250 W en poste con red preen Autocont. pot. cte. C,APD-0OLCL250AC,25,
SPR0009,,,0,0,,Secc. 34.5kV 1F con seccionador de cuchilla   con disp. rompearco 100A,SPR-1O100,,
TRV0383,350,C,0,0,,Banco de 3 transformadores 22 kV monofásicos 350 kVA en poste,TRV-3N350,,
TRT0429,115,C,0,0,,Banco de 2 transformadores en paralelo 13 kV monofásicos 115 KVA en cámara,TRT-1V115,,
TRT0039,37.5,C,0,0,,Transformador 13 kV 3F Pedestal o Padmounted 37.5KVA,TRT-3P37.5,,
TRS0200,5,C,0,0,,Transformador 6 kV 2F conv. 5 kVA en cámara,TRS-2O5,,
TRT0090,47.5,C,0,0,,Banco de 2 transformadores 13 kV monofásicos 47.5 KVA en poste,TRT-3B47.5,,
APO0966,139,C,0,10,C,Lum. 127 V Led 139 W en poste con red subt Autocontrolada pot. cte. C,APC-0SLCL139AC,13.9,
TRV0067,140,C,0,0,,Transformador 22kV 3F conv. 140 kVA en poste,TRV-3C140,,
ESV0088,,,0,0,,Est. 22 kV 3F Dos Postes Angular,ESV-3HA,,
TRT0206,167,C,0,0,,Transformador 13 kV 1F conv. 167 kVA en poste,TRT-1C167,,
ESS0027,,,0,0,,Est. 6 kV 3F En Volado Pasante,ESS-3VP,,
ECV0013,50,M,0,0,,Regulador de voltaje bobina fija 22kV 1F 50 kVA ctrl manual,ECV-1RM50,,
APO0516,250,C,0,12,,Proy. 240 V Na 250 W en fachada con red subt Autocontrolado pot. cte. C,APD-0APCS250AC,30,
SPR0067,,,0,0,,Protección 34.5kV 1F con descargador 30kV,SPR-1P30,,
COO0369,,,0,0,,Conductor Semiaislado o Ecológico Clase 35kV Al 795 MCM,CO0-0K795,,
TUT0080,267,C,0,0,,Banco de 2 transformadores 13 kV 1F convenc. Frente muerto  267 kVA,TUT-3T267,,
APO0796,400,C,0,10,,Lum. 240 V Led 400 W en poste con red subt Autocontrolada pot. cte. C,APD-0SLCL400AC,40,
AOD0085,250,C,0,12,C,Lum. 240 V Ornamental MH 250 W en poste Hilo Piloto. pot. cte.,AOD-0PLH250PC,30,
COO0218,,,0,0,,Conductor Clase 35KV Al 4 AWG,CO0-0L4,,
COO0355,,,0,0,,Conductor Semiaislado o Ecológico Clase 25kV Al 636 MCM,CO0-0H636,,
TRV0393,45,A,0,0,,Transformador 22 kV 1F autoproteg. 45 kVA en poste,TRV-1A45,,
SST0033,,,0,0,,Secc. red subt. 13 kV 1F con fusible 18 A,SST-1F18,,
ECS0061,150,A,0,0,,Capacitor automático 6kV 3F 150kVAR,ECS-3A150,,
SST0055,,,0,0,,Secc. red subt. 13 kV 3F con fusible 25 A,SST-3F25,,
SDT0314,450,,,,,"SGDA 13,8kV 3F Fotovoltaica de 450kW",SDT-3F450,,
TUT0066,85,C,0,0,,Banco de 2 transformadores 13 kV 1F convenc. Frente muerto 85 kVA,TUT-3T85,,
SSS0043,,,0,0,,Secc. red subt. 6 kV 2F con fusible 18 A,SSS-2F18,,
POO11409,,,0,0,,Poste Plástico fibra de vidrio Circular de 16m carga de rotura 1000kg,PO0-0PC16_1000,,
SDD0096,13.6,,,,,SGDA 240V 1F Fotovoltaica de 13.6kW,SDD-1F13.6,,
TRV0182,584,C,0,0,,Banco de 3 transformadores 22 kV monofásicos 584 kVA en cámara,TRV-3I584,,
ESR0018,,,0,0,,Est. 34.5 kV 2F En volado Doble retención,ESR-2VD,,
TRR0008,75,C,0,0,,Transformador 34.5 kV 1F conv. 75 kVA en poste,TRR-1C75,,
EST0094,,,0,0,,Est. 13 kV 3F Bandera Angular dos deriv.1F Centrada Retención,EST-3BA+1CR+1CR,,
SPD0029,,,0,0,,Secc. 240V 3F con fusible NH 800 A,SPD-3L800,,
APO0447,125,C,0,13,,Proy. 240 V Hg 125 W en poste con red aerea Autocontrolado pot. cte. C,APD-0PPCM125AC,16.25,
APO0523,400,D,250,12,S,Proy. 240 V Na 400 W en poste con red aerea Autocontrolado Dob.niv.pot C,APD-0PPCS400AD,48,30
SSV0015,,,0,0,,"Secc. red subt. 22kV 1F con barraje desc., 4 vias,  600 A",SSV-1B4_600,,
TRV0425,25,C,0,0,,Transformador 22 kV 3F conv. 25 kVA en poste,TRV-3C25,,
TRS0085,140,C,0,0,,Transformador 6 kV 3F conv. 140 kVA en poste,TRS-3C140,,
SDD0126,1.5,,,,,SGDA 220V 2F Fotovoltaica de 1.5kW,SDD-2F1.5,,
TRS0244,137.5,C,0,0,,Banco de 2 transformadores en paralelo 6 kV bifasicos 137.5 KVA en poste,TRS-2B137.5,,
TRT0325,20,C,0,0,,Transformador 13 kV 3F conv. 20 kVA en cámara,TRT-3O20,,
SDD0086,10,,,,,SGDA 240V 1F Fotovoltaica de 10kW,SDD-1F10,,
APO0304,100,C,0,15,C,Lum. 240 V Na 100 W en poste con red aerea hilo piloto pot. cte. C,APD-0PLCS100PC,15,
ECV0011,200,A,0,0,,Capacitor automático 22kV 3F 200kVAR,ECV-3A200,,
POO5500,,,0,0,,Poste Metálico Ornamental de 3m,PO0-0EO3,,
TRV0200,15,C,0,0,,Banco de 3 transformadores 22 kV monofásicos 15 KVA en poste,TRV-3N15,,
SPT0022,,,0,0,,Secc. 13kV 2F con seccionador fus. unipolar ab. 200A,SPT-2S200,,
COO0362,,,0,0,,Conductor Semiaislado o Ecológico Clase 35kV Al 4/0 AWG,CO0-0K4/0,,
TRR0028,25,C,0,0,,Transformador 34.5 kV 1F Pedestal o Padmounted 25KVA,TRR-1P25,,
TRV0323,182,C,0,0,,Banco de 2 transformadores en paralelo 22 kV monofásicos 182 kVA en poste,TRV-1B182,,
ECS0013,50,M,0,0,,Regulador de voltaje bobina fija 6kV 1F 50 kVA ctrl manual,ECS-1RM50,,
MED0027,,,0,0,,Medidor 240V 2F3H - Masivos Electromecánico. Energía Activa - 60 A_Forma 13A,MED-2L60_13A,,
ESS0024,,,0,0,,Est. 6 kV 3F Semicentrada Angular,ESS-3SA,,
SPT0101,,,0,0,,Secc. 13kV 3F con interruptor 630A BIL 75,SPT-3I630_75,,
SDD0027,3.3,,,,,SGDA 220V 1F Fotovoltaica de 3.3kW,SDD-1F3.3,,
TRV0226,35,C,0,0,,Banco de 2 transformadores 22 kV monofásicos 35 kVA en poste,TRV-3B35,,
ECS0029,50,M,0,0,,Regulador de voltaje bobina múltiple 6kV 1F 50 kVA ctrl manual,ECS-1EM50,,
SSV0030,,,0,0,,Secc. red subt. 22 kV 1F con fusible 8 A,SSV-1F8,,
APO0703,90,C,0,10,,Lum. 240 V Led 90 W en poste con red aerea Autocontrolada pot. cte. C,APD-0PLCL90AC,9,
TRR0078,45,C,0,0,,Transformador 34.5 kV 3F conv. 45 kVA en cámara,TRR-3O45,,
SDD0084,9.8,,,,,SGDA 240V 1F Fotovoltaica de 9.8kW,SDD-1F9.8,,
POO4500,,,0,0,,Poste Metálico Circular de 24m,PO0-0EC24,,
TRR0150,300,C,0,0,,Banco de 2 transformadores 34.5 kV monofásicos 300 KVA en cámara,TRR-3V300,,
MET0003,,,0,0,,Medidor 13kV 3F4H - Espec. Electr.  Energía A-R-D-M - 20 A_ Forma 9S,MET-3R20_9S,,
SPV0023,,,0,0,,Secc. 22kV 2F con seccionador de cuchilla 300A,SPV-2C300,,
APO0443,1500,C,0,12,,Proy. 240 V Hg 1500 W en fachada con red preen hilo piloto pot. cte. C,APD-0FPCM1500PC,180,
APO0354,150,D,100,13,S,Lum. 240 V Na150 W en fachada con red preen Autocont. Dob.niv.pot. C,APD-0FLCS150AD,19.5,15
SDD0283,80.85,,,,,SGDA 220V 3F Fotovoltaica de 80.85kW,SDD-3F80.85,,
SPT0118,,,0,0,,Secc. 13kV 3F con interruptor 400A BIL 150,SPT-3I400_150,,
SSS0020,,,0,0,,"Secc. red subt. 6kV 2F con barraje desc., 4 vias,  200 A",SSS-2B4_200,,
TRT0150,300,C,0,0,,Banco de 2 transformadores 13 kV monofásicos 300 KVA en cámara,TRT-3V300,,
SDD0112,24,,,,,SGDA 240V 1F Fotovoltaica de 24kW,SDD-1F24,,
SST0052,,,0,0,,Secc. red subt. 13 kV 3F con fusible  12 A,SST-3F12,,
POO4104,,,0,0,,Poste Hormigón armado Circular de 16.5m carga de rotura 500kg,PO0-0HC16.5_500,,
TRR0396,87.5,C,0,0,,Banco de 2 transformadores en paralelo 34.5 kV monofásicos 87.5 KVA en cámara,TRR-1V87.5,,
TRT0192,584,C,0,0,,Banco de 3 transformadores 13 kV monofásicos 584 KVA en cámara,TRT-3I584,,
POO1709,,,0,0,,Poste Plástico fibra de vidrio Circular de 12m carga de rotura 1000kg,PO0-0PC12_1000,,
EU0014,,,0,0,,Est.red subt.  banco de ductos  config. 1x2  de 160 mm. en acera,EU0-0B1x2C1,,
SPR0001,,,0,0,,Secc. 34.5kV 1F con seccionador fus. unipolar ab. 100A,SPR-1S100,,
ESS0122,,,0,0,,Est. 6 kV 3F Semicentrada Doble Retenc. deriv. 3F Centrada Pasante,ESS-3SD+3CP,,
TRV0040,125,C,0,0,,Transformador 22 kV 3F Pedestal o Padmounted 125KVA,TRV-3P125,,
TRR0259,100,C,0,0,,Transformador 34.5 kV 1F conv. 100 kVA en cámara,TRR-1O100,,
EST0029,,,0,0,,Est. 13 kV 3F En volado Retención,EST-3VR,,
ESS0016,,,0,0,,Est. 6 kV 2F Volado Angular,ESS-2VA,,
SST0040,,,0,0,,Secc. red subt. 13 kV 2F con fusible 8 A,SST-2F8,,
ECS0041,150,C,0,0,,Capacitor fijo 6kV 3F 150kVAR,ECS-3C150,,
EST0062,,,0,0,,Est. 13 kV 3F Bandera Retención,EST-3BR,,
TRV0360,10,C,0,0,,Transformador 22 kV 2F conv. 10 kVA en cámara,TRV-2O10,,
APO0992,100,C,0,10,C,Lum. 240 V Led 100 W en poste con red subt Autocontrolada pot. cte. C,APD-0SLCL100AC,10,0
TRR0325,10,C,0,0,,Transformador 34.5 kV 2F conv. 10 kVA en cámara,TRR-2O10,,
TUS0041,37.5,C,0,0,,Transformador  6kV 3F seco  37.5 kVA,TUS-3D37.5,,
COO0325,,,0,0,,Conductor Al. Preensamblado 3x35 + Nx50 mm² + HPx25 mm²,CO0-0T3X35(50)+25,,
TRS0097,630,C,0,0,,Transformador 6 kV 3F Pedestal o Padmounted 630 kVA,TRS-3P630,,
SDD0287,100,,,,,SGDA 220V 3F Fotovoltaica de 100kW,SDD-3F100,,
SDD0024,2.76,,,,,SGDA 240V 1F Fotovoltaica de 2.76kW,SDD-1F2.76,,
SST0043,,,0,0,,Secc. red subt. 13 kV 2F con fusible 18 A,SST-2F18,,
COO0259,,,0,0,,Conductor Al. Preensamblado 2x50 + Nx70 mm²,CO0-0T2X50(70),,
TRT0407,182,C,0,0,,Banco de 2 transformadores en paralelo 13 kV monofásicos 182 KVA en poste,TRT-1B182,,
COO0182,,,0,0,,Conductor Clase 15 kV Cu 250 MCM,CO0-0V250,,
SPE0001,,,0,0,,Secc. 69kV 3F con seccionador de cuchilla 600A,SPE-3C600,,
SSV0051,,,0,0,,Secc. red subt. 22 kV 3F con fusible 10 A,SSV-3F10,,
SDD0321,627.5,,,,,SGDA 220V 3F Fotovoltaica de 627.5kW,SDD-3F627.5,,
TRV0249,20,C,0,0,,Banco de 2 transformadores 22 kV monofásicos 20 kVA en cámara,TRV-3V20,,
SSV0035,,,0,0,,Secc. red subt. 22 kV 1F con fusible 25 A,SSV-1F25,,
ESR0125,,,0,0,,Est. 34.5 kV 3F Semi Centrada Reten. dos deriv. 3F Semi Centrada Reten.,ESR-3SR+3SR+3SR,,
SPS0102,,,0,0,,Secc. 6kV 3F con interruptor 1250A BIL 95,SPS-3I1250_95,,
ESV0129,,,0,0,,Est. 22 kV 1F Semiaislado o Ecologico Pasante,ESV-1MP,,
TUV0011,50,C,0,0,,Transformador  22kV 1F sumerg. 50 kVA,TUV-1S50,,
EST0087,,,0,0,,Est. 13 kV 3F Semi Centrada Retención deriv. 1F Centrada Angular,EST-3SR+1CA,,
SSS0026,,,0,0,,"Secc. red subt. 6kV 3F con barraje desc., 4 vias,  200 A",SSS-3B4_200,,
TRT0405,175,C,0,0,,Banco de 2 transformadores en paralelo 13 kV monofásicos 175 KVA en poste,TRT-1B175,,
CSP0005,6,,0,0,,Sem. 110V en poste peatonal 2 modulo,CSC-0PP6M2,,
ECV0012,300,A,0,0,,Capacitor automático 22kV 3F 300kVAR,ECV-3A300,,
TRV0298,20,C,0,0,,Banco de 2 transformadores en paralelo 22 kV monofásicos 20 KVA en poste,TRV-1B20,,
POO7300,,,0,0,,Poste Metálico Rectangular de 3m,PO0-0ER3,,
POO3600,,,0,0,,Poste Metálico Circular de 8m,PO0-0EC8,,
TRT0131,62.5,C,0,0,,Banco de 2 transformadores 13 kV monofásicos 62.5 KVA en cámara,TRT-3V62.5,,
POO0109,,,0,0,,Poste Hormigón armado Circular de 9m carga de rotura 1000kg,PO0-0HC9_1000,,
ESS0082,,,0,0,,Est. 6 kV 3F Tres Postes Retención deriv. 2F Centrada Retención,ESS-3TR+2CR,,
SSV0061,,,0,0,,"Secc. red subt. 22kV 3F con int.  redes subt, 4 vías, 200A",SSV-3I4_200,,
SSV0029,,,0,0,,Secc. red subt. 22 kV 1F con fusible 6 A,SSV-1F6,,
ESS0127,,,0,0,,Est. 6 kV 3F Tres Postes Doble Retenc. deriv. 3F Centrada Retenc.,ESS-3TD+3CR,,
COO0394,,,0,0,,Conductor TTU Al #477 MCM,CO0-0M477,,
SPS0079,,,0,0,,Secc. 6kV 3F con reconectador 200A BIL 75,SPS-3R200_75,,
SPR0071,,,0,0,,Secc. 34.5 kV 1F con interruptor 200A BIL 150,SPR-1I200_150,,
ESV0003,,,0,0,,Est. 22 kV 1F Centrada Retención,ESV-1CR,,
SPR0113,,,0,0,,Secc. 34.5 kV 3F con interruptor 400A BIL 150,SPR-3I400_150,,
SDD0175,11.23,,,,,SGDA 220V 2F Fotovoltaica de 11.23kW,SDD-2F11.23,,
EST0124,,,0,0,,Est. 13 kV 3F Semi Centrada Reten. deriv. 3F Semi Centrada Reten. deriv. 1F Centrada Reten.,EST-3SR+3SR+1CR,,
TRT0211,30,C,0,0,,Transformador 13 kV 1F conv. 30 kVA en poste,TRT-1C30,,
POO9804,,,0,0,,Poste Hormigón armado rectangular de 8m carga de rotura 500kg,PO0-0HR8_500,,
SDD0199,30,,,,,SGDA 220V 2F Fotovoltaica de 30kW,SDD-2F30,,
SPS0071,,,0,0,,Secc. 6 kV 3F con reconectador 600A BIL 95,SPS-3R600_95,,
SDN0338,1650,,,,,SGDA 69kV 3F Fotovoltaica de 1650kW,SDN-3F1650,,
ESS0086,,,0,0,,Est. 6 kV 2F Centrada Retención tres deriv.2F Centrada Retención,ESS-2CR+2CR+2CR+2CR,,
TRS0251,20,C,0,0,,Banco de 2 transformadores en paralelo 6 kV bifasicos 20 KVA en cámara,TRS-2V20,,
SPV0116,,,0,0,,Secc. 22kV 3F con interruptor 300A BIL 75,SPV-3I300_75,,
ESR0090,,,0,0,,Est. 34.5 kV 3F Centrada Pasante dos deriv.1F Centrada Retención,ESR-3CP+1CR+1CR,,
SPS0003,,,0,0,,Protección 6kV 1F con descargador 6kV,SPS-1P6,,
SDD0002,0.7,,,,,SGDA 240V 1F Fotovoltaica de 0.7kW,SDD-1F0.7,,
TRS0131,1200,C,0,0,,Transformador 6 kV 3F conv. 1200 kVA en cámara,TRS-3O1200,,
ESD0017,,,0,0,,Est. 240V 5 vías Vertical Pasante deriv. 3 vías Vertical Retención,ESD-5EP+3ER,,
SPR0002,,,0,0,,Secc. 34.5kV 1F con seccionador fus. unipolar ab. 200A,SPR-1S200,,
TRT0334,1250,C,0,0,,Transformador 13 kV 3F Pedestal o Padmounted 1250 kVA,TRT-3P1250,,
TRT0099,90,C,0,0,,Banco de 2 transformadores 13 kV monofásicos 90 KVA en poste,TRT-3B90,,
TUT0074,150,C,0,0,,Banco de 2 transformadores 13 kV 1F convenc. Frente muerto 150 kVA,TUT-3T150,,
TRR0318,115,C,0,0,,Banco de 3 transformadores 34.5 kV monofásicos 115 kVA en poste,TRR-3N115,,
POO3109,,,0,0,,Poste Hormigón armado rectangular de 14m carga de rotura 1000kg,PO0-0HR14_1000,,
TRR0206,167,C,0,0,,Transformador 34.5 kV 1F conv. 167 kVA en poste,TRR-1C167,,
POO1300,,,0,0,,Poste Metálico Circular de 11m,PO0-0EC11,,
COO0106,,,0,0,,Conductor Clase 15kV Al 2/0 AWG,CO0-0Z2/0,,
APO0773,120,C,0,10,,Lum. 240 V Led 120 W en poste con red preen Autocont. pot. cte. C,APD-0OLCL120AC,12,
TRS0086,160,C,0,0,,Transformador 6 kV 3F conv. 160 kVA en poste,TRS-3C160,,
ESD0028,,,0,0,,Est. 240V Preensamblado Pasante con 4 conduct.,ESD-1PP4,,
TRR0390,52.5,C,0,0,,Banco de 2 transformadores en paralelo 34.5 kV monofásicos 52.5 KVA en cámara,TRR-1V52.5,,
EST0005,,,0,0,,Est. 13 kV 1F En volado Pasante,EST-1VP,,
TRV0063,90,C,0,0,,Transformador 22 kV 3F conv. 90 kVA en cámara,TRV-3O90,,
TRT0085,20,C,0,0,,Banco de 2 transformadores 13 kV monofásicos 20 KVA en poste,TRT-3B20,,
TRR0338,1725,C,0,0,,Transformador 34.5 kV 3F conv. 1725 kVA en cámara,TRR-3O1725,,
TUT0137,850,C,0,0,,Banco de 3 transformadores 13 kV 1F convenc. Frente muerto 850 kVA (300KVA-300KVA-250KVA),TUT-3R850,0,0
TRS0213,315,C,0,0,,Transformador 6 kV 3F conv. 315 kVA en poste,TRS-3C315,,
COO0395,,,0,0,,Conductor TTU Al #500 MCM,CO0-0M500,,
TRT0144,175,C,0,0,,Banco de 2 transformadores 13 kV monofásicos 175 KVA en cámara,TRT-3V175,,
SPS0026,,,0,0,,Secc. 6 kV 2F con interruptor 200A BIL 95,SPS-2I200_95,,
SDD0210,6.42,,,,,SGDA 220V 3F Fotovoltaica de 6.42kW,SDD-3F6.42,,
TRT0333,650,C,0,0,,Transformador 13 kV 3F conv. 650 kVA en cámara,TRT-3O650,,
COO0172,,,0,0,,Conductor Concéntrico Cu 4x1/0,CO0-0W4x1/0,,
TRT0204,100,C,0,0,,Transformador 13 kV 1F conv. 100 kVA en poste,TRT-1C100,,
POO6501,,,0,0,,Poste Hormigón armado rectangular de 7m carga de rotura 350kg,PO0-0HR7_350,,
TRV0410,1050,C,0,0,,Transformador 22 kV 3F conv. 1050 kVA en cámara,TRV-3O1050,,
TAS0010,,,0,0,,Tensor de Empuje en redes de dist. 6 kV,TAS-0ES,,
COO0100,,,0,0,,Conductor Clase 15kV Cu 4/0 AWG,CO0-0V4/0,,
TRV0009,3,A,0,0,,Transformador 22 kV 1F autoproteg. 3 kVA en poste,TRV-1A3,,
TRR0210,300,C,0,0,,Banco de 3 transformadores 34.5 kV monofásicos 300 KVA en poste,TRR-3N300,,
SPD0022,,,0,0,,Secc. 240V 3F con fusible NH 125 A,SPD-3L125,,
COO0265,,,0,0,,Conductor Clase 25kV Cu 350 MCM,CO0-0Y350,,
APO0445,1500,C,0,12,,Proy. 240 V Hg 1500 W en fachada con red subt hilo piloto pot. cte. C,APD-0APCM1500PC,180,
SPR0075,,,0,0,,Secc. 34.5 kV 3F con reconectador 600A BIL 150,SPR-3R600_150,,
AOD0061,400,C,0,12,C,Proy. 240 V Ornamental MH 400 W en poste Autocont. pot. cte.,AOD-0PPH400AC,48,
POO2002,,,0,0,,Poste Hormigón armado Circular de 12.5m carga de rotura 400kg,PO0-0HC12.5_400,,
TRV0421,204.5,C,0,0,,Banco de 2 transformadores en paralelo 22 kV monofásicos  204.5 kVA en poste,TRV-1B204.5,,
SST0071,,,0,0,,"Secc. red subt. 13kV 1F, Transición, inst. en cruceta en volado",SST-1RV,,
TRR0430,280,C,0,0,,Transformador 34.5 kV 3F conv. 280 kVA en cámara,TRR-3O280,,
COO0279,,,0,0,,Conductor Multiplex Al 4x3/0 AWG,CO0-0J4X3/0,,
COO0255,,,0,0,,Conductor TW Cu # 400 MCM,CO0-0O400,,
ESV0017,,,0,0,,Est. 22 kV 2F En volado Retención,ESV-2VR,,
SSS0022,,,0,0,,"Secc. red subt. 6kV 3F con barraje desc., 2 vias,  200 A",SSS-3B2_200,,
ESR0087,,,0,0,,Est. 34.5 kV 3F Semi Centrada Retención deriv. 1F Centrada Angular,ESR-3SR+1CA,,
SPT0029,,,0,0,,Secc. 13kV 2F con seccionador de cuchilla   con disp. rompearco 100A,SPT-2O100,,
SST0016,,,0,0,,"Secc. red subt. 13kV 2F con barraje desc., 2 vias,  200 A",SST-2B2_200,,
SPR0116,,,0,0,,Secc. 34.5kV 2F con seccionador fus. unipolar ab. disp. rompearco 300A,SPR-2E300,,
COO0400,,,0,0,,Conductor ACSR #330 MCM,CO0-0B330,,
TRS0246,175,C,0,0,,Banco de 2 transformadores en paralelo 6 kV bifasicos 175 KVA en poste,TRS-2B175,,
ESS0091,,,0,0,,Est. 6 kV 3F Centrada Angular dos deriv. 2F Centrada Retención,ESS-3CA+2CR+2CR,,
ESV0138,,,0,0,,Est. 22 kV 3F Semiaislado o Ecologico Angular,ESV-3MA,,
POO3222,,,0,0,,Poste Hormigón armado Rectangular de 18 m carga de rotura 1600 kg,PO0-0HR18_1600,,
APO0774,120,C,0,10,,Lum. 240 V Led 120 W en poste con red subt Autocontrolada pot. cte. C,APD-0SLCL120AC,12,
TRT0110,200,C,0,0,,Banco de 2 transformadores 13 kV monofásicos 200 KVA en poste,TRT-3B200,,
MEC0007,,,0,0,,Medidor 120V 1F2H - Masivos Electromecánico. Energía Activa - 100 A_Forma 1S,MEC-1L100_1S,,
SPT0055,,,0,0,,Secc. 13kV 3F con interruptor 100A BIL 150,SPT-3I100_150,,
SDD0217,7.5,,,,,SGDA 220V 3F Fotovoltaica de 7.5kW,SDD-3F7.5,,
APO0353,400,D,250,12,S,Lum. 240 V Na400 W en fachada con red preen hilo piloto Dob.niv.pot. C,APD-0FLCS400PD,48,30
SPR0085,,,0,0,,Secc. 34.5 kV 3F con reconectador 630A BIL 75,SPR-3R630_75,,
ESV0001,,,0,0,,Est. 22 kV 1F Centrada Pasante,ESV-1CP,,
POO0103,,,0,0,,Poste Hormigón armado Circular de 9m carga de rotura 475kg,PO0-0HC9_475,,
POO3714,,,0,0,,Poste Hormigón armado Circular de 18m carga de rotura 750kg,PO0-0HC18_750,,
TRV0398,80,C,0,0,,Banco de 3 transformadores 22 kV monofásicos 80 kVA en poste,TRV-3N80,,
POO1714,,,0,0,,Poste Plástico fibra de vidrio Circular de 12m carga de rotura 750kg,PO0-0PC12_750,,
POO2502,,,0,0,,Poste Hormigón armado Circular de 15m carga de rotura 400kg,PO0-0HC15_400,,
APO0738,39,C,0,10,,Lum. 240 V Led 39 W en fachada con red subt hilo piloto pot. cte. C,APD-0ALCL39PC,3.9,
TRR0461,217,C,0,0,,Banco de 2 transformadores 34.5 kV monofásicos 217 KVA en cámara,TRR-3V217,,
EST0009,,,0,0,,Est. 13 kV 1F Bandera Angular,EST-1BA,,
ECR0053,501,M,0,0,,Regulador de voltaje bobina fija 34.5kV 3F 501 kVA ctrl manual,ECR-3RM501,,
ECS0046,381,M,0,0,,Regulador de voltaje bobina fija 6kV 3F 381 kVA ctrl manual,ECS-3RM381,,
ECS0044,167,M,0,0,,Regulador de voltaje bobina fija 6kV 1F 167 kVA ctrl manual,ECS-1RM167,,
POO3421,,,0,0,,Poste Hormigón armado Rectangular de 20m carga de rotura 4800kg,PO0-0HR20_4800,,
COO0116,,,0,0,,Conductor Clase 25kV Cu 3/0 AWG,CO0-0Y3/0,,
SPT0020,,,0,0,,Secc. 13kV 1F con reconectador 600A BIL 125,SPT-1R600_125,,
AOD0043,50,C,0,16,C,Lum. 240 V Ornamental Hg 50 W en poste Autocont. pot. cte.,AOD-0PLM50AC,8,
MED0005,,,0,0,,Medidor 208V 2F3H - Espec. Electr. Energía A-D - 200 A_ Forma 12S,MED-2D200_12S,,
SST0025,,,0,0,,"Secc. red subt. 13kV 3F con barraje desc., 3 vias,  600 A",SST-3B3_600,,
ESR0123,,,0,0,,Est. 34.5 kV 1F Bandera Angular dos deriv. 1F Centrada Retención,ESR-1BA+1CR+1CR,,
APO0317,400,D,250,12,S,Lum. 240 V  Na 400 W en poste con red aerea  hilo piloto Dob.niv.pot. C,APD-0PLCS400PD,48,30
TRT0431,137.5,C,0,0,,Banco de 2 transformadores en paralelo 13 kV monofásicos 137.5 KVA en cámara,TRT-1V137.5,,
POO3205,,,0,0,,Poste Hormigón armado Rectangular de 18 m carga de rotura 600 kg,PO0-0HR18_600,,
APO0377,100,D,70,15,S,Lum. 240 V Na 100 W en poste con red aérea Autocont. Dob.niv.pot C,APD-0PLCS100AD,15,11.2
TRT0180,317,C,0,0,,Banco de 3 transformadores 13 kV monofásicos 317 KVA en cámara,TRT-3I317,,
TRS0104,1500,C,0,0,,Transformador 6 kV 3F Pedestal o Padmounted 1500 kVA,TRS-3P1500,,
SPV0020,,,0,0,,Secc. 22kV 2F con seccionador fus. unipolar ab. disp. rompearco 200A,SPV-2E200,,
TRV0201,150,C,0,0,,Banco de 3 transformadores 22 kV monofásicos 150 KVA en poste,TRV-3N150,,
TUS0024,112.5,C,0,0,,Transformador  6kV 3F sumerg. 112.5 kVA,TUS-3S112.5,,
SPV0031,,,0,0,,Secc. 22kV 3F con seccionador de cuchilla 100A,SPV-3C100,,
ESN0004,,,0,0,,Est. 69 kV 3F Angular sencilla a 10° - 30° - 60°con aisladores tipo disco,ESN-1BA,,
ESS0022,,,0,0,,Est. 6 kV 3F Centrada Doble retención,ESS-3CD,,
TRT0384,204.5,C,0,0,,Banco de 2 transformadores en paralelo 13 kV monofásicos  204.5 kVA en poste,TRT-1B204.5,,
ESS0083,,,0,0,,Est. 6 kV 2F Centrada Pasante dos deriv. 2F Centrada Retención,ESS-2CP+2CR+2CR,,
TRT0191,550,C,0,0,,Banco de 3 transformadores 13 kV monofásicos 550 KVA en cámara,TRT-3I550,,
SST0042,,,0,0,,Secc. red subt. 13 kV 2F con fusible  12 A,SST-2F12,,
SPS0052,,,0,0,,Secc. 6 kV 3F con seccionador de cuchilla   con disp. rompearco 300A,SPS-3O300,,
COO0007,,,0,0,,Conductor TW Al # 2  AWG,CO0-0I2,,
TRR0037,15,C,0,0,,Transformador 34.5 kV 3F Pedestal o Padmounted 15KVA,TRR-3P15,,
TRR0362,55,C,0,0,,Banco de 2 transformadores en paralelo 34.5 kV monofásicos 55 kVA en poste,TRR-1B55,,
TUV0017,60,C,0,0,,Transformador  22kV 3F conv. frente muerto  60 kVA,TUV-3M60,,
POO6609,,,0,0,,Poste Plástico fibra de vidrio Circular de 18m carga de rotura 1000kg,PO0-0PC18_1000,,
TRR0374,115,C,0,0,,Banco de 2 transformadores en paralelo 34.5 kV monofásicos 115 KVA en poste,TRR-1B115,,
TRT0062,1000,C,0,0,,Transformador 13 kV 3F Pedestal o Padmounted 1000KVA,TRT-3P1000,,
TRR0267,100,A,0,0,,Transformador 34.5 kV 1F autoproteg. 100 kVA en poste,TRR-1A100,,
APO0501,150,C,0,13,,Proy. 240 V Na 150 W en poste con red aerea hilo piloto pot. cte. C,APD-0PPCS150PC,19.5,
ESR0082,,,0,0,,Est. 34.5 kV 3F Tres Postes Retención deriv. 1F Centrada Retención,ESR-3TR+1CR,,
ESD0043,,,0,0,,Est. 240V 2 vías Centrada Pasante,ESD-2CP,,
TRR0045,120,C,0,0,,Transformador 34.5 kV 3F Pedestal o Padmounted 120KVA,TRR-3P120,,
COO0283,,,0,0,,Multiconductor Cu 2X8,CO0-0N2X8,,
ESR0133,,,0,0,,Est. 34.5 kV 2F Semiaislado o Ecologico Pasante,ESR-2MP,,
TRR0336,250,C,0,0,,Transformador 34.5 kV 1F Pedestal o Padmounted 250KVA,TRR-1P250,,
SST0053,,,0,0,,Secc. red subt. 13 kV 3F con fusible 18 A,SST-3F18,,
COO0002,,,0,0,,Conductor TW Cu # 2  AWG,CO0-0O2,,
SPS0113,,,0,0,,Secc. 6 kV 3F con reconectador 400A BIL 75,SPS-3R400_75,,
SPE0002,,,0,0,,Secc. 69kV 3F con seccionador de cuchilla 1200A,SPE-3C1200,,
TRT0089,40,C,0,0,,Banco de 2 transformadores 13 kV monofásicos 40 KVA en poste,TRT-3B40,,
SSV0070,,,0,0,,"Secc. red subt. 22kV 1F, Transición, inst. en cruceta semicentrada",SSV-1RS,,
COO0159,,,0,0,,Conductor TTU Cu #8 AWG,CO0-0P8,,
TRS0241,112.5,C,0,0,,Banco de 2 transformadores en paralelo 6 kV bifasicos 112.5 KVA en poste,TRS-2B112.5,,
TRV0225,30,C,0,0,,Banco de 2 transformadores 22 kV monofásicos 30 kVA en poste,TRV-3B30,,
COO0056,,,0,0,,Conductor Multiplex Al 4x1/0 AWG,CO0-0J4x1/0,,
TRT0396,50,A,0,0,,Transformador 13 kV 3F autoproteg. 50 kVA en poste,TRT-3A50,,
COO0150,,,0,0,,Conductor THHN Cu #6 AWG,CO0-0Q6,,
SDD0294,141.12,,,,,SGDA 220V 3F Fotovoltaica de 141.12kW,SDD-3F141.12,,
TRV0099,250,C,0,0,,Transformador 22  kV 1F conv. 250 kVA en poste,TRV-1C250,,
TRT0164,115,C,0,0,,Banco de 3 transformadores 13 kV monofásicos 115 KVA en cámara,TRT-3I115,,
TRS0257,50,C,0,0,,Banco de 2 transformadores en paralelo 6 kV bifasicos 50 KVA en cámara,TRS-2V50,,
TRR0031,75,C,0,0,,Transformador 34.5 kV 1F Pedestal o Padmounted 75KVA,TRR-1P75,,
SSD0014,,,0,0,,Secc. red subt. 220 V 3F con interruptor termomagnético 200 A,SSD-3N200,,
SPD0040,,,0,0,,Secc. 240V 3F con Interruptor Termomagnetico de 125 A,SPD-3M125,,
POO4901,,,0,0,,Poste Hormigón armado Circular de 8m carga de rotura 350kg,PO0-0HC8_350,,
TRV0019,45,C,0,0,,Transformador 22 kV 3F conv. 45 kVA en poste,TRV-3C45,,
APO0203,250,C,0,12,C,Lum. 240 V Hg 250 W  en poste con red aerea hilo piloto pot. cte. C,APD-0PLCM250PC,30,
SDT0272,50,,,,,"SGDA 13,8kV 3F Fotovoltaica de 50kW",SDT-3F50,,
SPR0032,,,0,0,,Secc. 34.5kV 2F con seccionador de cuchilla   con disp. rompearco 600A,SPR-2O600,,
ECS0004,300,C,0,0,,Capacitor fijo 6kV 2F 300kVAR,ECS-2C300,,
ECT0015,200,M,0,0,,Regulador de voltaje bobina fija 13kV 1F 200 kVA ctrl manual,ECT-1RM200,,
APO0303,150,C,0,13,C,Lum. 120 V Na 150 W en poste con red aerea hilo piloto pot. cte. C,APC-0PLCS150PC,19.5,
SPS0063,,,0,0,,Secc. 6 kV 3F con interruptor 100A BIL 125,SPS-3I100_125,,
COO0314,,,0,0,,Conductor Clase 25kV Cu 400 MCM,CO0-0Y400,,
POO3802,,,0,0,,Poste Hormigón armado Rectangular de 12m carga de rotura 400kg,PO0-0HR12_400,,
APO0442,1500,C,0,12,,Proy. 240 V Hg 1500 W en poste con red subt Autocontrolado pot. cte. C,APD-0SPCM1500AC,180,
APO0952,55,C,0,10,C,Lum. 240 V Led 55 W en poste con red aérea Autocontrolada pot. cte. C,APD-0PLCL55AC,5.5,
TRV0392,45,C,0,0,,Transformador 22 kV 1F conv. 45 kVA en poste,TRV-1C45,,
TRV0109,75,C,0,0,,Transformador 22 kV 2F conv. 75 kVA en poste,TRV-2C75,,
APO0366,400,C,0,12,,Lum. 240 V Na 400 W en fachada con red subt Autocontrolada pot. cte. C,APD-0ALCS400AC,48,
ESR0119,,,0,0,,Est. 34.5 kV 3F Centrada Pasante deriv. 3F Semi Centrada Retención,ESR-3CP+3SR,,
COO0296,,,0,0,,Conductor Al. Preesamblado 3x25 + Nx25 mm,CO0-0T3X25(25),,
ECR0012,,,0,0,,Capacitor automático 34.5kV 3F 300kVAR,ECR-3A300,,
TUV0029,30,C,0,0,,Transformador  22kV 3F sumerg. 30 kVA,TUV-3S30,,
SDD0030,3.6,,,,,SGDA 240V 1F Fotovoltaica de 3.6kW,SDD-1F3.6,,
TRV0386,280,C,0,0,,Transformador 22 kV 3F conv. 280 kVA en cámara,TRV-3O280,,
SSS0060,,,0,0,,"Secc. red subt. 6kV 3F con descarg. premold., MCOV 5,1 kV",SSS-3D5,,
COO0042,,,0,0,,Conductor ASC #3/0 AWG,CO0-0A3/0,,
SSV0007,,,0,0,,"Secc. red subt. 22kV 1F con conector codo Portaf.,  200 A",SSV-1P200,,
SDD0295,143,,,,,SGDA 220V 3F Fotovoltaica de 143kW,SDD-3F143,,
ESV0076,,,0,0,,Est. 22 kV 3F Bandera Retención deriv. 1F Centrada Retención,ESV-3BR+1CR,,
ESS0071,,,0,0,,Est. 6 kV 3F Semicentrada Retención deriv. 3F Semicentrada Retención,ESS-3SR+3SR,,
ESR0083,,,0,0,,Est. 34.5 kV 1F Centrada Pasante dos deriv.1F Centrada Retención,ESR-1CP+1CR+1CR,,
SDD0296,145,,,,,SGDA 220V 3F Fotovoltaica de 145kW,SDD-3F145,,
ECT0066,900,A,0,0,,Capacitor automático 13kV 3F 900kVAR,ECT-3A900,,
AOD0127,200,C,0,10,C,Lum. 240 V Ornamental Led 200 W en fachada Autocont. pot. cte.,AOD-0FLL200AC,20,
APO0968,201,C,0,10,C,Lum. 127 V Led 201 W en poste con red subt Autocontrolada pot. cte. C,APC-0SLCL201AC,20.1,
ESN0026,,,0,0,,Est. 69 kV 3F Tipo torre de paso circuito simple y aisladores tipo disco,ESN-1OP,,
SPT0027,,,0,0,,Secc. 13kV 2F con seccionador de cuchilla 300A,SPT-2C300,,
ECT0065,600,A,0,0,,Capacitor automático 13kV 3F 600kVAR,ECT-3A600,,
SSV0072,,,0,0,,"Secc. red subt. 22kV 2F, Transición, inst. en cruceta semicentrada",SSV-2RS,,
EST0114,,,0,0,,Est. 13 kV 3F Dos Postes Pasante deriv. 3F Centrada Retención,EST-3HP+3CR,,
TRT0399,125,C,0,0,,Banco de 2 transformadores en paralelo 13 kV monofásicos 125 KVA en poste,TRT-1B125,,
SSD0041,,,0,0,,"Secc. red subt. 220V 3F, Transición, inst. de bornes de fusibles NH",SSD-3RF,,
AOD0070,400,C,0,12,C,Proy. 240 V Ornamental Na 400 W en poste Autocont. pot. cte.,AOD-0PPS400AC,48,
TRT0205,150,C,0,0,,Transformador 13 kV 1F conv. 150 kVA en poste,TRT-1C150,,
APO0624,150,C,0,13,,Lum. 240 V Na 150 W en poste con red preen hilo piloto pot. cte. C,APD-0OLCS150PC,19.5,
COO0138,,,0,0,,Conductor TW Cu # 350 MCM,CO0-0O350,,
TRR0217,37.5,C,0,0,,Transformador 34.5 kV 2F conv. 37.5 kVA en poste,TRR-2C37.5,,
TRV0165,250,C,0,0,,Banco de 3 transformadores 22 kV monofásicos 250 kVA en cámara,TRV-3I250,,
TRT0159,67.5,C,0,0,,Banco de 3 transformadores 13 kV monofásicos 67.5 KVA en cámara,TRT-3I67.5,,
TRT0084,125,C,0,0,,Transformador 13 kV 3F conv. 125 kVA en cámara,TRT-3O125,,
TRV0191,45,A,0,0,,Transformador 22 kV 3F autoproteg. 45 kVA en poste,TRV-3A45,,
APO0982,141,C,0,10,C,Lum. 240 V Led 141 W en poste con red preen Autocont. pot. cte. C,APD-0OLCL141AC,14.1,0
SPS0011,,,0,0,,Secc. 6kV 3F con seccionador de cuchilla 100A,SPS-3C100,,
TRR0397,90,C,0,0,,Banco de 2 transformadores en paralelo 34.5 kV monofásicos 90 KVA en cámara,TRR-1V90,,
TRT0120,100,C,0,0,,Banco de 3 transformadores 13 kV monofásicos 100 KVA en poste,TRT-3N100,,
SPO0032,,,0,0,,Secc. 2F con conector de compresión 4/0 a 477 ACSR,SPO-2CC,,
TRS0283,280,C,0,0,,Transformador 6 kV 3F conv. 280 kVA en cámara,TRS-3O280,,
POO1004,,,0,0,,Poste Hormigón armado Circular de 11m carga de rotura 500kg,PO0-0HC11_500,,
APO0238,70,C,0,16,C,Lum. 120 V Hg 70 W en poste con red aerea Autocontrolada pot. cte. C,APC-0PLCM70AC,11.2,
TRT0141,125,C,0,0,,Banco de 2 transformadores 13 kV monofásicos 125 KVA en cámara,TRT-3V125,,
TRS0132,1300,C,0,0,,Transformador 6 kV 3F conv. 1300 kVA en cámara,TRS-3O1300,,
ECV0037,50,E,0,0,,Regulador de voltaje bobina múltiple 22kV 3F 50 kVA ctrl electrónico,ECV-3EE50,,
ESS0069,,,0,0,,Est. 6 kV 3F Semicentrada Angular deriv. 3F Semicentrada Retención,ESS-3SA+3SR,,
COO0134,,,0,0,,Conductor TW Cu # 6 AWG,CO0-0O6,,
TRV0267,115,C,0,0,,Banco de 2 transformadores 22 kV monofásicos 115 kVA en cámara,TRV-3V115,,
ESV0112,,,0,0,,Est. 22 kV 3F Dos Postes Pasante dos deriv. 1F Centrada Retención,ESV-3HP+1CR+1CR,,
APO0312,150,C,0,13,C,Lum. 240V Na 150 W en poste con red aerea Autocontrolada pot. cte. C,APD-0PLCS150AC,19.5,
TUV0048,100,C,0,0,,Transformador  22kV 3F seco  100 kVA,TUV-3D100,,
SPD0018,,,0,0,,Secc. 240V 3F con fusible NH 35 A,SPD-3L35,,
POO3422,,,0,0,,Poste Hormigón armado rectangular de 20m carga de rotura 1600kg,PO0-0HR20_1600,,
ESS0128,,,0,0,,Est. 6 kV 2F Bandera Angular deriv. 2F Centrada Retención,ESS-2BA+2CR,,
ESN0001,,,0,0,,Est. 69 kV 3F Suspensión sencilla con cruceta volada y aisladores tipo disco,ESN-1VP,,
TRV0375,60,C,0,0,,Transformador 22 kV 1F conv. 60 kVA en cámara,TRV-1O60,,
COO0204,,,0,0,,Conductor Al. Preesamblado 3x50 + Nx50 mm²,CO0-0T3X50(50),,
TRV0141,100,C,0,0,,Banco de 3 transformadores 22 kV monofásicos 100 kVA en poste,TRV-3N100,,
SPS0106,,,0,0,,Secc. 6kV 3F con reconectador 800A BIL 95,SPS-3R800_95,,
ECT0035,200,E,0,0,,Regulador de voltaje bobina múltiple 13kV 1F 200 kVA ctrl electrónico,ECT-1EE200,,
ECR0014,100,M,0,0,,Regulador de voltaje bobina fija 34.5kV 1F 100 kVA ctrl manual,ECR-1RM100,,
TRR0148,242,C,0,0,,Banco de 2 transformadores 34.5 kV monofásicos 242 KVA en cámara,TRR-3V242,,
APO0914,110,C,0,10,,Lum. 240 V Led 110 W en poste con red aérea hilo piloto pot. cte. C,APD-0PLCL110PC,11,
APO0417,100,C,0,15,,Proy. 240 V Hg 100 W en fachada con red preen hilo piloto pot. cte. C,APD-0FPCM100PC,15,
TRR0380,192,C,0,0,,Banco de 2 transformadores en paralelo 34.5 kV monofásicos 192 KVA en poste,TRR-1B192,,
TRV0423,700,C,0,0,,Transformador 22 kV 3F conv. 700 kVA en cámara,TRV-3O700,,
TRV0181,550,C,0,0,,Banco de 3 transformadores 22 kV monofásicos 550 kVA en cámara,TRV-3I550,,
SPV0061,,,0,0,,Secc. 22 kV 1F con reconectador 600A BIL 95,SPV-1R600_95,,
TRV0193,90,A,0,0,,Transformador 22 kV 3F autoproteg. 90 kVA en poste,TRV-3A90,,
AOD0136,70,C,0,16,C,Lum. 240 V Ornamental Hg 70 W en fachada Autocont. pot. cte.,AOD-0FLM70AC,11.2,
COO0009,,,0,0,,Conductor TW Al # 2/0 AWG,CO0-0I2/0,,
ESS0117,,,0,0,,Est. 6 kV 3F Dos Postes Doble Retenc. deriv. 3F Semicentrada Retenc.,ESS-3HD+3SR,,
ESR0066,,,0,0,,Est. 34.5 kV 3F Centrada Angular deriv. 1F Centrada Retención,ESR-3CA+1CR,,
ESV0105,,,0,0,,Est. 22 kV 3F Dos Postes Pasante deriv. 1F Centrada Pasante,ESV-3HP+1CP,,
TRT0293,167,C,0,0,,Transformador 13 kV 3F conv. 167 kVA en cámara,TRT-3O167,,
TAD0004,,,0,0,,Tensor de Empuje en redes de dist. 240/120 V,TAD-0ES,,
TRT0088,35,C,0,0,,Banco de 2 transformadores 13 kV monofásicos 35 KVA en poste,TRT-3B35,,
TRV0051,10,C,0,0,,Transformador 22 kV 1F conv. 10 kVA en cámara,TRV-1O10,,
TUT0059,47.5,C,0,0,,Banco de 2 transformadores 13 kV 1F convenc. Frente muerto 47.5 kVA,TUT-3T47.5,,
ESD0065,,,0,0,,Est. 240V Preensamblado Angular con 5 conduct.,ESD-1PA5,,
TRT0216,10,C,0,0,,Transformador 13 kV 2F conv. 10 kVA en poste,TRT-2C10,,
TRT0074,50,C,0,0,,Transformador 13 kV 1F conv. 50 kVA en cámara,TRT-1O50,,
ESD0021,,,0,0,,Est. 240V 3 vías Vertical Retención deriv. 3 vías Vertical Retención,ESD-3ER+3ER,,
TUS0018,45,C,0,0,,Transformador  6kV 3F sumerg.  45 kVA,TUS-3S45,,
COO0033,,,0,0,,Conductor ACSR #2/0 AWG,CO0-0B2/0,,
AOD0034,150,C,0,13,C,Proy. 240 V Ornamental Na 150 W en piso Hilo Piloto. pot. cte.,AOD-0IPS150PC,19.5,
TRR0084,125,C,0,0,,Transformador 34.5 kV 3F conv. 125 kVA en cámara,TRR-3O125,,
TRT0006,37.5,C,0,0,,Transformador 13 kV 1F conv. 37.5 kVA  en poste,TRT-1C37.5,,
TRR0296,150,C,0,0,,Banco de 3 transformadores 34.5 kV monofásicos 150 KVA en poste,TRR-3N150,,
SDD0270,49.05,,,,,SGDA 220V 3F Fotovoltaica de 49.05kW,SDD-3F49.05,,
ESV0075,,,0,0,,Est. 22 kV 3F Bandera Angular deriv. 3F Semi Centrada Retención,ESV-3BA+3SR,,
TRT0195,750,C,0,0,,Banco de 3 transformadores 13 kV monofásicos 750 KVA en cámara,TRT-3I750,,
COO0143,,,0,0,,Conductor TW Al # 4/0 AWG,CO0-0I4/0,,
SSD0033,,,0,0,,"Secc. red subt. 220 V 3F con tablero de distribución,  1000A, 4 circuitos",SSD-3L1000_4,,
TRR0412,334,C,0,0,,Banco de 2 transformadores en paralelo 34.5 kV monofásicos 334 KVA en cámara,TRR-1V334,,
TRT0016,75,A,0,0,,Transformador 13 kV 1F autoproteg. 75 kVA en poste,TRT-1A75,,
ESV0118,,,0,0,,Est. 22 kV 3F Centrada Pasante deriv. 3F Semi Centrada Pasante,ESV-3CP+3SP,,
AOD0093,800,C,0,12,C,Proy. 240 V Ornamental Na 800 W en poste Hilo Piloto. pot. cte.,AOD-0PPS800PC,96,
SPV0001,,,0,0,,Secc. 22kV 1F con seccionador fus. unipolar ab. 100A,SPV-1S100,,
COO0004,,,0,0,,Conductor TW Cu # 2/0 AWG,CO0-0O2/0,,
ESR0135,,,0,0,,Est. 34.5 kV 2F Semiaislado o Ecologico Retención,ESR-2MR,,
ESR0015,,,0,0,,Est. 34.5 kV 2F En volado Pasante,ESR-2VP,,
ECR0045,600,C,0,0,,Capacitor fijo 34.5kV 1F 600kVAR,ECR-1C600,,
TRT0336,5,C,0,0,,Transformador 13 kV 3F conv. 5 kVA en cámara,TRT-3O5,,
SDD0206,5,,,,,SGDA 220V 3F Fotovoltaica de 5kW,SDD-3F5,,
TRV0172,367,C,0,0,,Banco de 3 transformadores 22 kV monofásicos 367 kVA en cámara,TRV-3I367,,
SST0044,,,0,0,,Secc. red subt. 13 kV 2F con fusible 20 A,SST-2F20,,
ECR0016,300,M,0,0,,Regulador de voltaje bobina fija 34.5kV 1F 300 kVA ctrl manual,ECR-1RM300,,
ESR0104,,,0,0,,Est. 34.5 kV 3F Bandera Doble Retención deriv. 3F Bandera Retención,ESR-3BD+3BR,,
ECR0002,,,0,0,,Capacitor fijo 34.5kV 1F 100kVAR,ECR-1C100,,
COO0291,,,0,0,,Conductor Al. Preesamblado 2x16 + Nx16 mm,CO0-0T2X16(16),,
SPR0102,,,0,0,,Secc. 34.5 kV 3F con reconectador 800A BIL 95,SPR-3R800_95,,
TRR0408,200,C,0,0,,Banco de 2 transformadores en paralelo 34.5 kV monofásicos 200 KVA en cámara,TRR-1V200,,
POO2204,,,0,0,,Poste Hormigón armado Circular de 13.5m carga de rotura 500kg,PO0-0HC13.5_500,,
TRV0363,37.5,C,0,0,,Transformador 22 kV 2F conv. 37.5 kVA  en cámara,TRV-2O37.5,,
ECS0028,300,E,0,0,,Regulador de voltaje bobina fija 6kV 3F 300 kVA ctrl electrónico,ECS-3RE300,,
TUV0055,750,C,0,0,,Transformador  22kV 3F sumerg. 750 kVA,TUV-3S750,,
SSV0014,,,0,0,,"Secc. red subt. 22kV 1F con barraje desc., 4 vias,  200 A",SSV-1B4_200,,
TRR0034,150,C,0,0,,Transformador 34.5 kV 1F Pedestal o Padmounted 150KVA,TRR-1P150,,
TRV0320,137.5,C,0,0,,Banco de 2 transformadores en paralelo 22 kV monofásicos 137.5 kVA en poste,TRV-1B137.5,,
SSV0025,,,0,0,,"Secc. red subt. 22kV 3F con barraje desc., 3 vias,  600 A",SSV-3B3_600,,
ESR0028,,,0,0,,Est. 34.5 kV 3F En volado Angular,ESR-3VA,,
TUV0030,45,C,0,0,,Transformador  22kV 3F sumerg.  45 kVA,TUV-3S45,,
TRV0292,5,C,0,0,,Transformador 22 kV 3F conv. 5 kVA en cámara,TRV-3O5,,
ECR0062,150,A,0,0,,Capacitor automático 34.5kV 3F 150kVAR,ECR-3A150,,
APO0211,250,C,0,12,C,Lum. 240 V Hg 250  W  en poste con red subt hilo piloto pot. cte. C,APD-0SLCM250PC,30,
TRV0006,37.5,C,0,0,,Transformador 22 kV 1F conv. 37.5 kVA en poste,TRV-1C37.5,,
ECT0001,50,C,0,0,,Capacitor fijo 13kV 1F 50kVAR,ECT-1C50,,
APO0754,155,C,0,10,,Lum. 240 V Led 155 W en poste con red subt Autocontrolada pot. cte. C,APD-0SLCL155AC,15.5,
POO7400,,,0,0,,Poste Metálico Rectangular de 4m,PO0-0ER4,,
APO0949,240,C,0,10,,Lum. 240 V Led 240 W en poste con red subt hilo piloto pot. cte. C,APD-0SLCL240PC,24,
SPT0093,,,0,0,,Protección 13kV 2F con descargador 15kV,SPT-2P15,,
SDD0021,2.5,,,,,SGDA 220V 1F Fotovoltaica de 2.5kW,SDD-1F2.5,,
TRT0171,175,C,0,0,,Banco de 3 transformadores 13 kV monofásicos 175 KVA en cámara,TRT-3I175,,
APO0130,40,C,0,16,C,Lum. 240 V Hg 40 W en fachada con red aerea hilo piloto pot. cte. A,APD-0FLAM40PC,6.4,
SPS0084,,,0,0,,Secc. 6kV 3F con reconectador 560A BIL 150,SPS-3R560_150,,
TRR0423,30,C,0,0,,Transformador 34.5 kV 1F conv. 30 kVA en cámara,TRR-1O30,,
SDD0055,5.75,,,,,SGDA 240V 1F Fotovoltaica de 5.75kW,SDD-1F5.75,,
SSS0042,,,0,0,,Secc. red subt. 6 kV 2F con fusible  12 A,SSS-2F12,,
TRV0293,5,C,0,0,,Transformador 22 kV 3F Pedestal o Padmounted 5 kVA,TRV-3P5,,
TRR0089,40,C,0,0,,Banco de 2 transformadores 34.5 kV monofásicos 40 KVA en poste,TRR-3B40,,
SPO0002,,,0,0,,Secc. 1F con fusible 2H,SPO-1F2H,,
TUT0071,115,C,0,0,,Banco de 2 transformadores 13 kV 1F convenc. Frente muerto 115 kVA,TUT-3T115,,
TRS0079,138,C,0,0,,Transformador 6 kV 3F conv. 138 kVA  en cámara,TRS-3O138,,
ESS0101,,,0,0,,Est. 6 kV 3F En Volado Doble Retención deriv. 3F Semicentrada Retención,ESS-3VD+3SR,,
TUS0003,45,C,0,0,,Transformador  6kV 3F conv. frente muerto  45 kVA,TUS-3M45,,
EST0080,,,0,0,,Est. 13 kV 3F Bandera Doble Retenc. deriv. 3F Semi Centrada Retenc.,EST-3BD+3SR,,
TRV0196,20,C,0,0,,Banco de 2 transformadores 22 kV monofásicos 20 KVA en poste,TRV-3B20,,
TRR0213,5,C,0,0,,Transformador 34.5 kV 2F conv. 5 kVA en poste,TRR-2C5,,
ECT0038,100,E,0,0,,Regulador de voltaje bobina múltiple 13kV 3F 100 kVA ctrl electrónico,ECT-3EE100,,
ESV0026,,,0,0,,Est. 22 kV 3F Semicentrada Doble retención,ESV-3SD,,
TRS0052,1050,C,0,0,,Transformador 6  kV  3F conv. 1050 kVA en cámara,TRS-3O1050,,
ECV0002,100,C,0,0,,Capacitor fijo 22kV 1F 100kVAR,ECV-1C100,,
SPR0030,,,0,0,,Secc. 34.5kV 2F con seccionador de cuchilla   con disp. rompearco 200A,SPR-2O200,,
TRR0021,60,C,0,0,,Transformador 34.5 kV 3F conv. 60 kVA en poste,TRR-3C60,,
TUT0131,333,C,0,0,,Transformador  13kV 1F conv. frente muerto 333 kVA,TUT-1M333,0,0
TRT0042,75,C,0,0,,Transformador 13 kV 3F Pedestal o Padmounted 75KVA,TRT-3P75,,
COO0409,,,0,0,,Conductor Al. Preensamblado 2x70 + Nx50 mm² + HPx25 mm²,CO0-0T2X70(50)+25,,
TRT0135,87.5,C,0,0,,Banco de 2 transformadores 13 kV monofásicos 87.5 KVA en cámara,TRT-3V87.5,,
SPT0072,,,0,0,,Secc. 13 kV 2F con seccionador fus. unipolar cerrado 100A,SPT-2D100,,
SPV0079,,,0,0,,Secc. 22kV 3F con reconectador 560A BIL 150,SPV-3R560_150,,
ECS0064,600,A,0,0,,Capacitor automático 6kV 3F 600kVAR,ECS-3A600,,
SPV0049,,,0,0,,Secc. 22kV 3F con reconectador 600A BIL 125,SPV-3R600_125,,
TRS0228,50,C,0,0,,Banco de 2 transformadores en paralelo 6 kV bifasicos 50 KVA en poste,TRS-2B50,,
AOD0107,175,C,0,12,C,Lum. 240 V Ornamental Na 175 W en poste Autocont. pot. cte.,AOD-0PLS175AC,21,
EST0031,,,0,0,,Est. 13 kV 3F Dos Postes Pasante,EST-3HP,,
TRT0173,217,C,0,0,,Banco de 3 transformadores 13 kV monofásicos 217 KVA en cámara,TRT-3I217,,
SPV0059,,,0,0,,Secc. 22 kV 1F con reconectador 400A BIL 95,SPV-1R400_95,,
SST0035,,,0,0,,Secc. red subt. 13 kV 1F con fusible 25 A,SST-1F25,,
ESS0114,,,0,0,,Est. 6 kV 3F Dos Postes  Pasante deriv. 3F Centrada Retención,ESS-3HP+3CR,,
TRV0369,150,C,0,0,,Transformador 22 kV 1F conv. 150 kVA en cámara,TRV-1O150,,
TRV0422,217,C,0,0,,Banco de 2 transformadores en paralelo 22 kV monofásicos  217 kVA en poste,TRV-1B217,,
APO0118,250,C,0,12,C,Lum. 240 V Hg250 W en fachada con red preen Autocontrolada pot. cte. A,APD-0FLAM250AC,30,
SDD0092,12,,,,,SGDA 240V 1F Fotovoltaica de 12kW,SDD-1F12,,
TUV0037,150,C,0,0,,Transformador  22kV 3F sumerg. 150 kVA,TUV-3S150,,
COO0370,,,0,0,,Conductor ASC #10 AWG,CO0-0A10,,
COO0253,,,0,0,,Conductor THHN Cu #450 MCM,CO0-0Q450,,
ESV0085,,,0,0,,Est. 22 kV 3F Dos Postes  Pasante deriv. 1F Centrada Retención,ESV-3HP+1CR,,
TRT0060,750,C,0,0,,Transformador 13 kV 3F Pedestal o Padmounted 750KVA,TRT-3P750,,
APO0131,250,C,0,12,C,Lum. 120 V Hg 250 W en poste con red aerea Autocontrolada pot. cte. A,APC-0PLAM250AC,30,
SPO0007,,,0,0,,Secc. 1F con fusible 10K,SPO-1F10K,,
TRT0297,2000,C,0,0,,Transformador 13 kV 3F conv. 2000 kVA en cámara,TRT-3O2000,,
AOD0039,175,C,0,12,C,Lum. 240 V Ornamental Hg 175 W en poste Hilo Piloto. pot. cte.,AOD-0PLM175PC,21,
PTO0005,,,0,0,,P. a Tierra en Red Secun. Preen. Cond. de Cu Calibre 2 AWG 1 Var.,PT0-0PC2_1,,
POO2206,,,0,0,,Poste Hormigón armado Circular de 13.5m carga de rotura 675kg,PO0-0HC13.5_675,,
SDD0078,8.75,,,,,SGDA 240V 1F Fotovoltaica de 8.75kW,SDD-1F8.75,,
POO6200,,,0,0,,Poste Metálico Ornamental de 11m,PO0-0EO11,,
ECS0060,600,C,0,0,,Capacitor fijo 6kV 2F 600kVAR,ECS-2C600,,
COO0083,,,0,0,,Conductor Concéntrico Cu 2x4,CO0-0W2x4,,
POO5400,,,0,0,,Poste Metálico Ornamental de 10m,PO0-0EO10,,
TRV0202,150,C,0,0,,Transformador 22 kV 3F conv. 150 kVA en cámara,TRV-3O150,,
TRS0230,55,C,0,0,,Banco de 2 transformadores en paralelo 6 kV bifasicos 55 kVA en poste,TRS-2B55,,
ECT0061,150,C,0,0,,Capacitor fijo 13kV 1F 150kVAR,ECT-1C150,,
TRT0061,800,C,0,0,,Transformador 13 kV 3F Pedestal o Padmounted 800KVA,TRT-3P800,,
TRR0333,25,C,0,0,,Transformador 34.5 kV 3F conv. 25 kVA en cámara,TRR-3O25,,
TUT0113,375,C,0,0,,Banco de 3 transformadores 13 kV 1F convenc. Frente muerto 375 kVA,TUT-3R375,,
SPD0019,,,0,0,,Secc. 240V 3F con fusible NH 63 A,SPD-3L63,,
ESV0123,,,0,0,,Est. 22 kV 1F Bandera Angular dos deriv. 1F Centrada Retención,ESV-1BA+1CR+1CR,,
APO0128,75,C,0,15,C,Lum. 240 V Hg 75 W en poste con red aerea Autocontrolada pot. cte. A,APD-0PLAM75AC,11.25,
EST0016,,,0,0,,Est. 13 kV 2F En volado Angular,EST-2VA,,
SPS0047,,,0,0,,Secc. 6 kV 3F con seccionador de cuchilla   200A,SPS-3C200,,
SSV0006,,,0,0,,"Secc. red subt. 22kV 3F con conector tipo T,  600 A",SSV-3T600,,
SPR0020,,,0,0,,Secc. 34.5kV 1F con reconectador 600A BIL 125,SPR-1R600_125,,
APO0775,120,C,0,10,,Lum. 240 V Led 120 W en fachada con red preen Autocontrolada pot. cte. C,APD-0FLCL120AC,12,
ESS0087,,,0,0,,Est. 6 kV 3F Semicentrada Retención deriv. 2F Centrada Angular,ESS-3SR+2CA,,
TRT0374,217,C,0,0,,Banco de 2 transformadores 13 kV monofásicos 217 KVA en cámara,TRT-3V217,,
ESD0008,,,0,0,,Est. 240V 5 vías Vertical Retención,ESD-5ER,,
POO10200,,,0,0,,Poste Madera Circular de 4m,PO0-0MC4,,
POO0302,,,0,0,,Poste Plástico fibra de vidrio Circular de 9m carga de rotura 400kg,PO0-0PC9_400,,
TRS0066,10,C,0,0,,Transformador 6 kV 2F Pedestal o Padmounted 10 kVA,TRS-2P10,,
ECV0022,100,M,0,0,,Regulador de voltaje bobina fija 22kV 3F 100 kVA ctrl manual,ECV-3RM100,,
TRT0378,217,C,0,0,,Banco de 2 transformadores en paralelo 13 kV monofásicos 217 kVA en cámara,TRT-1V217,,
TRV0341,90,C,0,0,,Banco de 2 transformadores en paralelo 22 kV monofásicos 90 kVA en cámara,TRV-1V90,,
TRT0092,52.5,C,0,0,,Banco de 2 transformadores 13 kV monofásicos 52.5 KVA en poste,TRT-3B52.5,,
TRR0083,112.5,C,0,0,,Transformador 34.5 kV 3F conv. 112.5 kVA en cámara,TRR-3O112.5,,
TUT0091,75,C,0,0,,Banco de 3 transformadores 13 kV 1F convenc. Frente muerto 75 kVA,TUT-3R75,,
TRV0150,75,C,0,0,,Banco de 3 transformadores 22 kV monofásicos 75 kVA en cámara,TRV-3I75,,
TRV0203,175,C,0,0,,Transformador 22 kV 3F conv. 175 kVA en cámara,TRV-3O175,,
SSS0018,,,0,0,,"Secc. red subt. 6kV 2F con barraje desc., 3 vias,  200 A",SSS-2B3_200,,
SPR0047,,,0,0,,Secc. 34.5kV 3F con seccionador tripolar para  oper. con carga 300A,SPR-3A300,,
SPR0105,,,0,0,,Secc. 34.5 kV 3F con interruptor 800A BIL 75,SPR-3I800_75,,
TRT0449,75,C,0,0,,Transformador 13 kV 2F conv. 75 kVA en cámara,TRT-2O75,,
SDD0187,15.9,,,,,SGDA 220V 2F Fotovoltaica de 15.9kW,SDD-2F15.9,,
ECT0053,501,M,0,0,,Regulador de voltaje bobina fija 13kV 3F 501 kVA ctrl manual,ECT-3RM501,,
COO0203,,,0,0,,Conductor Al. Preesamblado 3x50 + Nx35 mm²,CO0-0T3X50(35),,
SPT0032,,,0,0,,Secc. 13kV 2F con seccionador de cuchilla   con disp. rompearco 600A,SPT-2O600,,
ECT0009,200,A,0,0,,Capacitor automático 13kV 1F 200kVAR,ECT-1A200,,
SDD0244,15.26,,,,,SGDA 220V 3F Fotovoltaica de 15.26kW,SDD-3F15.26,,
POO1701,,,0,0,,Poste Plástico fibra de vidrio Circular de 12m carga de rotura 350kg,PO0-0PC12_350,,
ESV0044,,,0,0,,Est. 22 kV 1F Centrada Retención deriv. 1F Bandera Angular,ESV-1CR+1BA,,
SDD0070,7.9,,,,,SGDA 240V 1F Fotovoltaica de 7.9kW,SDD-1F7.9,,
SPV0003,,,0,0,,Secc. 22kV 1F con seccionador fus. unipolar ab. disp. rompearco 100A,SPV-1E100,,
APO0705,180,C,0,10,,Lum. 240 V Led 180 W en poste con red aérea hilo piloto pot. cte. C,APD-0PLCL180PC,18,
SPS0074,,,0,0,,Secc. 6kV 3F con interruptor 100A BIL 75,SPS-3I100_75,,
SSV0005,,,0,0,,"Secc. red subt. 22kV 2F con conector tipo T,  600 A",SSV-2T600,,
AOD0153,39,C,0,10,C,Proy. 240V Ornamental Led 39 W en piso  hilo piloto pot. Cte.,AOD-0IPL39PC,3.9,
ESS0042,,,0,0,,Est. 6 kV 2F Centrada Angular deriv. 2F Centrada Retención,ESS-2CA+2CR,,
ESV0057,,,0,0,,Est. 22 kV 3F Centrada Angular deriv. 1F Centrada Retención,ESV-3CA+1CR,,
AOD0001,70,C,0,16,C,Lum. 240 V Ornamental Na 70 W en poste Autocont. pot. cte.,AOD-0PLS70AC,11.2,
EU0030,,,0,0,,Est.red subt.  banco de ductos  config. 2x2  de 160 mm.  en calzada,EU0-0B2x2C2,,
TRV0072,192.5,C,0,0,,Transformador 22kV 3F conv. 192.5 kVA en poste,TRV-3C192.5,,
APO0732,150,C,0,10,,Lum. 240 V Led 150 W en fachada con red subt hilo piloto pot. cte. C,APD-0ALCL150PC,15,
APO0413,100,C,0,15,,Proy. 240 V Hg 100 W en poste con red subt Autocontrolado pot. cte. C,APD-0SPCM100AC,15,
SPD0034,,,0,0,,Secc. 240V 3F con Interruptor Termomagnetico de 40 A,SPD-3M40,,
ECS0033,50,E,0,0,,Regulador de voltaje bobina múltiple 6kV 1F 50 kVA ctrl electrónico,ECS-1EE50,,
TRR0356,40,C,0,0,,Banco de 2 transformadores en paralelo 34.5 kV monofásicos 40 KVA en poste,TRR-1B40,,
TRV0139,75,C,0,0,,Banco de 3 transformadores 22 kV monofásicos 75 kVA en poste,TRV-3N75,,
SDD0045,4.4,,,,,SGDA 240V 1F Fotovoltaica de 4.4kW,SDD-1F4.4,,
SPS0028,,,0,0,,Secc. 6 kV 2F con interruptor 200A BIL 150,SPS-2I200_150,,
ECS0002,100,C,0,0,,Capacitor fijo 6kV 2F 100kVAR,ECS-2C100,,
ESD0029,,,0,0,,Est. 240V Preensamblado Angular con 3 conduct.,ESD-1PA3,,
TRT0041,50,C,0,0,,Transformador 13 kV 3F Pedestal o Padmounted 50KVA,TRT-3P50,,
COO0024,,,0,0,,Conductor AAAC 6201 #4 AWG,CO0-0D4,,
TRV0372,200,C,0,0,,Transformador 22 kV 1F conv. 200 kVA en cámara,TRV-1O200,,
APO0921,106,C,0,10,,Lum. 240 V Led 106 W en poste con red aérea hilo piloto pot. cte. C,APD-0PLCL106PC,10.6,
ESR0059,,,0,0,,Est. 34.5 kV 3F Semi Cen. Pasante deriv. 1F Semi Cen. Retención,ESR-3SP+1SR,,
APO0437,400,C,0,12,,Proy. 240 V Hg 400 W en poste con red aerea Autocontrolado pot. cte. C,APD-0PPCM400AC,48,
MED0003,,,0,0,,Medidor 240V 1F3H - Espec. Electr.  Energía A-R-D-M - 20 A_ Forma 4S,MED-1R20_4S,,
SST0062,,,0,0,,"Secc. red subt. 13kV 3F con int.  redes subt, 4 vías, 600 A",SST-3I4_600,,
TUS0042,50,C,0,0,,Transformador  6kV 3F seco 50 kVA,TUS-3D50,,
SPT0003,,,0,0,,Secc. 13kV 1F con seccionador fus. unipolar ab. disp. rompearco 100A,SPT-1E100,,
EU0026,,,0,0,,Est.red subt.  banco de ductos  config. 3x4  de 110 mm.  en calzada,EU0-0B3x4B2,,
TUT0047,75,C,0,0,,Transformador  13kV 3F seco 75 kVA,TUT-3D75,,
TRV0289,500,C,0,0,,Transformador 22 kV 1F conv. 500 kVA en poste,TRV-1C500,,
MED0014,,,0,0,,Medidor 240V 1F3H - Masivos Electrónico. Energía Activa - 200 A_Forma 2S,MED-1E200_2S,,
TRR0279,8,C,0,0,,Banco de 2 transformadores 34.5 kV monofasicos 8KVA en poste,TRR-3B8,,
EU0010,,,0,0,,Est.red subt.  banco de ductos  config. 3x3  de 110 mm.  en acera,EU0-0B3x3B1,,
ECV0071,400,A,0,0,,Capacitor automático 22kV 1F 400kVAR,ECV-1A400,,
TRT0362,1050,C,0,0,,Transformador 13 kV 3F conv. 1050 kVA en cámara,TRT-3O1050,,
APO0613,70,C,0,16,,Lum. 240 V Na 70 W en poste con red aérea Autocontrolada pot. cte. A,APD-0PLAS70AC,11.2,
SST0004,,,0,0,,"Secc. red subt. 13kV 1F con conector tipo T,  600A",SST-1T600,,
COO0165,,,0,0,,Conductor Concéntrico Cu 2x2,CO0-0W2x2,,
SPT0052,,,0,0,,Secc. 13kV 3F con secc. trip. oper. con carga con disp. rompearco 600A,SPT-3N600,,
ECV0020,300,E,0,0,,Regulador de voltaje bobina fija 22kV 1F 300 kVA ctrl electrónico,ECV-1RE300,,
SSS0073,,,0,0,,"Secc. red subt. 6kV 2F, Transición, inst. en cruceta en volado",SSS-2RV,,
TRR0466,204.5,C,0,0,,Banco de 2 transformadores en paralelo 34.5 kV monofásicos  204.5 kVA en poste,TRR-1B204.5,,
TRT0059,700,C,0,0,,Transformador 13 kV 3F Pedestal o Padmounted 700KVA,TRT-3P700,,
TRR0033,112.5,C,0,0,,Transformador 34.5 kV 1F Pedestal o Padmounted 112.5KVA,TRR-1P112.5,,
SPO0006,,,0,0,,Secc. 1F con fusible 8K,SPO-1F8K,,
COO0059,,,0,0,,Conductor Al. Preensamblado 2x50 + Nx50 mm²,CO0-0T2X50(50),,
MED0013,,,0,0,,Medidor 240V 1F3H - Masivos Electrónico. Energía Activa - 100 A_Forma 2S,MED-1E100_2S,,
SPR0035,,,0,0,,Secc. 34.5kV 3F con seccionador fus. unipolar ab. disp. rompearco 100A,SPR-3E100,,
SPV0117,,,0,0,,Secc. 22kV 3F con interruptor 300A BIL 95,SPV-3I300_95,,
TRS0290,192.5,C,0,0,,Transformador 6 kV 3F Pedestal o Padmounted 192.5KVA,TRS-3P192.5,,
SPD0052,,,0,0,,Secc. 240V 3F con Interruptor Termomagnetico de 600 A,SPD-3M600,,
APO0713,25,C,0,10,,Lum. 240 V Led 25 W en poste con red aérea Autocontrolada pot. cte. C,APD-0PLCL25AC,2.5,
EST0070,,,0,0,,Est. 13 kV 3F Semi Centrada Retención deriv. 1F Centrada Retención,EST-3SR+1CR,,
TRT0308,9,C,0,0,,Banco de 3 transformadores 13 kV monofásicos 9 kVA en poste,TRT-3N9,,
TUT0037,150,C,0,0,,Transformador  13kV 3F sumerg. 150 kVA,TUT-3S150,,
TRV0069,160,C,0,0,,Transformador 22kV 3F conv. 160 kVA en poste,TRV-3C160,,
APO0719,70,C,0,10,,Lum. 240 V Led 70 W en poste con red aérea Autocontrolada pot. cte. C,APD-0PLCL70AC,11.2,
SDD0255,28.38,,,,,SGDA 220V 3F Fotovoltaica de 28.38kW,SDD-3F28.38,,
TUT0005,50,C,0,0,,Transformador  13kV 1F conv. frente muerto 50 kVA,TUT-1M50,,
SPS0120,,,0,0,,Secc. 6 kV 3F con seccionador fus. unipolar ab. disp. rompearco 300A,SPS-3E300,,
APO0331,100,C,0,15,,Lum. 240 V  Na100 W en poste con red subt Autocontrolada pot. cte. C,APD-0SLCS100AC,15,
COO0319,,,0,0,,Conductor Al. Preensamblado 2x50 + Nx50 mm² + HPx25 mm²,CO0-0T2X50(50)+25,,
SSV0012,,,0,0,,"Secc. red subt. 22kV 1F con barraje desc., 3 vias,  200 A",SSV-1B3_200,,
SPT0122,,,0,0,,Secc. 13kV 3F con seccionador fus. unipolar ab. disp. rompearco 300A,SPT-3E300,,
TRT0240,200,C,0,0,,Transformador 13 kV 3F conv. 200 kVA en cámara,TRT-3O200,,
ECS0009,200,A,0,0,,Capacitor automático 6kV 2F 200kVAR,ECS-2A200,,
TRV0185,750,C,0,0,,Banco de 3 transformadores 22 kV monofásicos 750 kVA en cámara,TRV-3I750,,
APO0616,150,D,100,13,S,Lum. 240 V Na 150 W en poste con red preen hilo piloto. Dob.niv.pot C,APD-0OLCS150PD,19.5,15
APO0338,150,D,100,13,S,Lum. 240 V Na150 W en poste con red subt Autocontrolada Dob.niv.pot. C,APD-0SLCS150AD,19.5,15
TRR0236,120,C,0,0,,Transformador 34.5 kV 3F conv. 120 kVA en cámara,TRR-3O120,,
AOD0021,90,C,0,10,C,Lum. 240 V Ornamental Led 90 W en poste Autocont. pot. cte.,AOD-0PLL90AC,9,
SPT0047,,,0,0,,Secc. 13kV 3F con seccionador tripolar para  oper. con carga 300A,SPT-3A300,,
SPD0004,,,0,0,,Secc. 240V 2F con fusible NH 25 A,SPD-2L25,,
TRT0072,25,C,0,0,,Transformador 13 kV 1F conv. 25 kVA en cámara,TRT-1O25,,
SST0009,,,0,0,,"Secc. red subt. 13kV 3F con conector codo Portaf.,  200 A",SST-3P200,,
TRV0161,175,C,0,0,,Banco de 3 transformadores 22 kV monofásicos 175 kVA en cámara,TRV-3I175,,
TRT0269,100,A,0,0,,Transformador 13 kV 1F autoproteg. 100 kVA en poste,TRT-1A100,,
TRV0269,137.5,C,0,0,,Banco de 2 transformadores 22 kV monofásicos 137.5 kVA en cámara,TRV-3V137.5,,
TRV0090,400,C,0,0,,Transformador 22 kV 3F conv. 400 kVA en cámara,TRV-3O400,,
TRT0249,800,C,0,0,,Transformador 13 kV 3F conv. 800 kVA en cámara,TRT-3O800,,
SPR0058,,,0,0,,Secc. 34.5kV 3F con interruptor 200A BIL 150,SPR-3I200_150,,
TRS0210,5,C,0,0,,Transformador 6 kV 3F conv. 5 kVA en cámara,TRS-3O5,,
SDT0332,1020,,,,,"SGDA 13,8kV 3F Fotovoltaica de 1020kW",SDT-3F1020,,
TRR0439,45,C,0,0,,Transformador 34.5 kV 1F conv. 45 kVA en cámara,TRR-1O45,,
COO0113,,,0,0,,Conductor Clase 25kV Cu 2 AWG,CO0-0Y2,,
ECV0065,900,A,0,0,,Capacitor automático 22kV 3F 900kVAR,ECV-3A900,,
AOD0019,150,C,0,13,C,Lum. 240 V Ornamental MH 150 W en Fachada Autocont. pot. cte.,AOD-0FLH150AC,19.5,
AOD0150,25,C,0,10,C,Proy. 240V Ornamental Led 25 W en piso  hilo piloto pot. Cte.,AOD-0IPL25PC,2.5,
POO3512,,,0,0,,Poste Hormigón armado Circular de 21m carga de rotura 2000kg,PO0-0HC21_2000,,
COO0060,,,0,0,,Conductor Al. Preensamblado 2x35 + Nx35 mm²,CO0-0T2X35(35),,
APO0770,500,D,400,10,S,Lum. 240 V Led 500 W en fachada con red preen Autocontrolada Dob.niv.pot. C,APD-0FLCL500AD,50,40
COO0339,,,0,0,,Conductor Semiaislado o Ecológico Clase 15kV Al 397.5 MCM,CO0-0F397.5,,
TRS0094,225,C,0,0,,Transformador 6 kV 3F Pedestal o Padmounted 225 kVA,TRS-3P225,,
SDU0341,2040,,,,,SGDA 440V 3F Fotovoltaica de 2040kW,SDU-3F2040,,
TRV0322,175,C,0,0,,Banco de 2 transformadores en paralelo 22 kV monofásicos 175 kVA en poste,TRV-1B175,,
TRT0251,1100,C,0,0,,Transformador 13 kV 3F conv. 1100 kVA en cámara,TRT-3O1100,,
TUT0007,10,C,0,0,,Transformador  13kV 1F sumerg. 10 kVA,TUT-1S10,,
ESS0081,,,0,0,,Est. 6 kV 3F Tres Postes Doble retenc. deriv. 2F Centrada Retenc.,ESS-3TD+2CR,,
SPO0016,,,0,0,,Secc. 1F con conector ranuras paralelas 1/0 a 4/0 - 6 a 4/0 Al/Cu,SPO-1UB,,
SPV0028,,,0,0,,Secc. 22kV 3F con seccionador fus. unipolar ab. 200A,SPV-3S200,,
SSS0072,,,0,0,,"Secc. red subt. 6kV 2F, Transición, inst. en cruceta semicentrada",SSS-2RS,,
COO0340,,,0,0,,Conductor Semiaislado o Ecológico Clase 15kV Al 477 MCM,CO0-0F477,,
TRR0198,999,C,0,0,,Banco de 3 transformadores 34.5 kV monofásicos 999 KVA en cámara,TRR-3I999,,
SPD0043,,,0,0,,Secc. 240V 3F con Interruptor Termomagnetico de 175 A,SPD-3M175,,
COO0076,,,0,0,,Conductor THHN Cu #2/0 AWG,CO0-0Q2/0,,
SPV0046,,,0,0,,Secc. 22kV 3F con secc. trip. oper. con carga con disp. rompearco 600A,SPV-3N600,,
TRR0443,28,C,0,0,,Banco de 2 transformadores 34.5 kV monofásicos 28 KVA en cámara,TRR-3V28,,
COO0249,,,0,0,,Conductor AAAC 6201 #4/0 AWG,CO0-0D4/0,,
ESV0034,,,0,0,,Est. 22 kV 3F Tres Postes Retención,ESV-3TR,,
EST0014,,,0,0,,Est. 13 kV 2F Centrada Doble retención,EST-2CD,,
TRV0391,192.5,C,0,0,,Transformador 22 kV 3F Pedestal o Padmounted 192.5KVA,TRV-3P192.5,,
SDD0273,54.68,,,,,SGDA 220V 3F Fotovoltaica de 54.68kW,SDD-3F54.68,,
TRV0276,267,C,0,0,,Banco de 2 transformadores 22 kV monofásicos 267 kVA en cámara,TRV-3V267,,
APO0242,150,C,0,13,C,Lum. 120 V Hg 150 W en poste con red aerea Autocontrolada pot. cte. C,APC-0PLCM150AC,19.5,
TRR0368,85,C,0,0,,Banco de 2 transformadores en paralelo 34.5 kV monofásicos 85 KVA en poste,TRR-1B85,,
COO0347,,,0,0,,Conductor Semiaislado o Ecológico Clase 25kV Al 2/0 AWG,CO0-0H2/0,,
TRR0007,50,C,0,0,,Transformador 34.5 kV 1F conv. 50 kVA en poste,TRR-1C50,,
ECV0045,288,M,0,0,,Regulador de voltaje bobina fija 22kV 1F 288 kVA ctrl manual,ECV-1RM288,,
TRS0261,65,C,0,0,,Banco de 2 transformadores en paralelo 6 kV bifasicos 65 KVA en cámara,TRS-2V65,,
TRT0253,1300,C,0,0,,Transformador 13 kV 3F conv. 1300 kVA en cámara,TRT-3O1300,,
TRT0257,20,C,0,0,,Transformador 13 kV 3F Pedestal o Padmounted 20KVA,TRT-3P20,,
SPS0114,,,0,0,,Secc. 6kV 3F con interruptor 400A BIL 95,SPS-3I400_95,,
SPS0099,,,0,0,,Secc. 6kV 3F con reconectador 1250A BIL 125,SPS-3R1250_125,,
ESR0070,,,0,0,,Est. 34.5 kV 3F Semi Centrada Retención deriv. 1F Centrada Retención,ESR-3SR+1CR,,
TRS0192,25,C,0,0,,Transformador 6 kV 3F conv. 25 kVA en poste,TRS-3C25,,
SPR0103,,,0,0,,Secc. 34.5 kV 3F con reconectador 800A BIL 125,SPR-3R800_125,,
TRT0231,200,C,0,0,,Transformador 13 kV 3F conv. 200 kVA en poste,TRT-3C200,,
ECT0037,50,E,0,0,,Regulador de voltaje bobina múltiple 13kV 3F 50 kVA ctrl electrónico,ECT-3EE50,,
TAR0003,,,0,0,,Tensor Farol Doble en redes de dist. 34.5 kV,TAR-0FD,,
TRV0089,350,C,0,0,,Transformador 22 kV 3F conv. 350 kVA en cámara,TRV-3O350,,
TRV0350,182,C,0,0,,Banco de 2 transformadores en paralelo 22 kV monofásicos 182 kVA en cámara,TRV-1V182,,
SPD0045,,,0,0,,Secc. 240V 3F con Interruptor Termomagnetico de 225 A,SPD-3M225,,
ESR0021,,,0,0,,Est. 34.5 kV 3F Centrada Retención,ESR-3CR,,
SPT0059,,,0,0,,Secc. 13kV 3F con reconectador 400A BIL 95,SPT-3R400_95,,
ESD0050,,,0,0,,Est. 240V 4 vías Centrada Doble retención,ESD-4CD,,
SSV0016,,,0,0,,"Secc. red subt. 22kV 2F con barraje desc., 2 vias,  200 A",SSV-2B2_200,,
ESD0025,,,0,0,,Est. 240V 4 vías Vertical Retención deriv. 2 vías Vertical Retención,ESD-4ER+ESC-2ER,,
SPS0059,,,0,0,,Secc. 6 kV 3F con secc. trip. oper. con carga con disp. rompearco 200A,SPS-3N200,,
TRR0370,90,C,0,0,,Banco de 2 transformadores en paralelo 34.5 kV monofásicos 90 KVA en poste,TRR-1B90,,
POO3210,,,0,0,,Poste Hormigón armado Rectangular de 18m carga de rotura 1200kg,PO0-0HR18_1200,,
TRV0279,350,C,0,0,,Banco de 2 transformadores 22 kV monofásicos 350 kVA en cámara,TRV-3V350,,
ECV0062,250,A,0,0,,Capacitor automático 22kV 3F 250kVAR,ECV-3A250,,
TUT0122,584,C,0,0,,Banco de 3 transformadores 13 kV 1F convenc. Frente muerto 584 kVA,TUT-3R584,,
TRV0199,120,C,0,0,,Transformador 22 kV 3F conv. 120 kVA en poste,TRV-3C120,,
APO0321,70,C,0,16,,Lum. 240 V Na 70 W en poste con red subt hilo piloto pot. cte. C,APD-0SLCS70PC,11.2,
SDD0132,2.1,,,,,SGDA 240V 2F Fotovoltaica de 2.1kW,SDD-2F2.1,,
TRT0165,125,C,0,0,,Banco de 3 transformadores 13 kV monofásicos 125 KVA en cámara,TRT-3I125,,
SPV0009,,,0,0,,Secc. 22kV 1F con seccionador de cuchilla con disp. rompearco 200A,SPV-1O200,,
TRT0081,75,C,0,0,,Transformador 13 kV 3F conv. 75 kVA en cámara,TRT-3O75,,
TRR0255,20,C,0,0,,Transformador 34.5 kV 3F Pedestal o Padmounted 20KVA,TRR-3P20,,
SPV0108,,,0,0,,Secc. 22kV 3F con reconectador 400A BIL 75,SPV-3R400_75,,
SDD0233,10.8,,,,,SGDA 220V 3F Fotovoltaica de 10.8kW,SDD-3F10.8,,
TUT0107,275,C,0,0,,Banco de 3 transformadores 13 kV 1F convenc. Frente muerto  275 kVA,TUT-3R275,,
SPO0044,,,0,0,,Secc. 3F con fusible 20K,SPO-3F20K,,
SPR0012,,,0,0,,Secc. 34.5kV 1F con seccionador de cuchilla   con disp. rompearco 600A,SPR-1O600,,
COO0093,,,0,0,,Conductor Concéntrico Cu 4x4,CO0-0W4x4,,
SDD0178,11.7,,,,,SGDA 220V 2F Fotovoltaica de 11.7kW,SDD-2F11.7,,
ESR0094,,,0,0,,Est. 34.5 kV 3F Bandera Angular dos deriv.1F Centrada Retención,ESR-3BA+1CR+1CR,,
TRS0004,15,C,0,0,,Transformador 6  kV  2F conv. 15 kVA en poste,TRS-2C15,,
SDV0285,90,,,,,SGDA 22kV 3F Fotovoltaica de 90kW,SDV-3F90,,
TRR0056,500,C,0,0,,Transformador 34.5 kV 3F Pedestal o Pamounted 500KVA,TRR-3P500,,
APO0228,400,C,0,12,C,Lum. 240 V Hg 400 W en fachada con red subt hilo piloto pot. cte. C,APD-0ALCM400PC,48,
TRT0187,450,C,0,0,,Banco de 3 transformadores 13 kV monofásicos 450 KVA en cámara,TRT-3I450,,
ECS0003,200,C,0,0,,Capacitor fijo 6kV 2F 200kVAR,ECS-2C200,,
SDD0090,11.66,,,,,SGDA 240V 1F Fotovoltaica de 11.66kW,SDD-1F11.66,,
COO0085,,,0,0,,Conductor Concéntrico Cu 3x8,CO0-0W3x8,,
COO0174,,,0,0,,Conductor Concéntrico Al 2x1/0,CO0-0X2x1/0,,
ECT0011,200,A,0,0,,Capacitor automático 13kV 3F 200kVAR,ECT-3A200,,
ESR0097,,,0,0,,Est. 34.5 kV 3F Centrada Angular deriv. 3F Semi Centrada Retención,ESR-3CA+3SR,,
ESV0090,,,0,0,,Est. 22 kV 3F Centrada Pasante dos deriv.1F Centrada Retención,ESV-3CP+1CR+1CR,,
TRR0196,833,C,0,0,,Banco de 3 transformadores 34.5 kV monofásicos 833 KVA en cámara,TRR-3I833,,
SPD0033,,,0,0,,Secc. 240V 1F con fusible NH 25 A,SPD-1L25,,
ECR0021,50,M,0,0,,Regulador de voltaje bobina fija 34.5kV 3F 50 kVA ctrl manual,ECR-3RM50,,
SPO0028,,,0,0,,Secc. 2F con grapa derivación en caliente 8 a 2/0 - 8 A 1/0 ACSR,SPO-2GA,,
SPS0054,,,0,0,,Secc. 6 kV 3F con seccionador tripolar para  oper. con carga 100A,SPS-3A100,,
TRR0214,10,C,0,0,,Transformador 34.5 kV 2F conv. 10 kVA en poste,TRR-2C10,,
EU0007,,,0,0,,Est.red subt.  banco de ductos  config. 2x3  de 110 mm.  en acera,EU0-0B2x3B1,,
SDD0275,60,,,,,SGDA 220V 3F Fotovoltaica de 60kW,SDD-3F60,,
POO2700,,,0,0,,Poste Metálico Circular de 14m,PO0-0EC14,,
TRV0207,2000,C,0,0,,Transformador 22 kV 3F conv. 2000 kVA en cámara,TRV-3O2000,,
MED0030,,,0,0,,Medidor 240V 2F3H - Masivos Electromecánico. Energía Activa - 120 A_Forma 13A,MED-2L120_13A,,
ESE0003,,,0,0,,Est. 0V 1 vía Vertical Doble Retención,ESE-1ED,,
ESS0015,,,0,0,,Est. 6 kV 2F Volado  Pasante,ESS-2VP,,
SDD0168,8.8,,,,,SGDA 220V 2F Fotovoltaica de 8.8kW,SDD-2F8.8,,
APO0352,250,D,150,12,S,Lum. 240 V Na250 W en fachada con red preen hilo piloto Dob.niv.pot. C,APD-0FLCS250PD,30,19.5
TRV0251,30,C,0,0,,Banco de 2 transformadores 22 kV monofásicos 30 kVA en cámara,TRV-3V30,,
AOD0009,100,C,0,15,C,Proy. 240 V Ornamental MH 100 W en piso Autocont. pot. cte.,AOD-0IPH100AC,15,
ESR0124,,,0,0,,Est. 34.5 kV 3F Semi Centrada Reten. deriv. 3F Semi Centrada Reten. deriv. 1F Centrada Reten.,ESR-3SR+3SR+1CR,,
COO0381,,,0,0,,Conductor Al. Preensamblado 1x35 + Nx35 mm²,CO0-0T1X35(35),,
SSV0050,,,0,0,,Secc. red subt. 22 kV 3F con fusible 8 A,SSV-3F8,,
TRS0075,1100,C,0,0,,Transformador 6 kV 3F Pedestal o Padmounted 1100 kVA,TRS-3P1100,,
TRR0283,42.5,C,0,0,,Banco de 2 transformadores 34.5 kV monofasicos 42.5KVA en poste,TRR-3B42.5,,
COO0006,,,0,0,,Conductor TW Al # 4  AWG,CO0-0I4,,
EST0041,,,0,0,,Est. 13 kV 1F Centrada Angular deriv. 1F Bandera Angular,EST-1CA+1BA,,
TRT0200,150,C,0,0,,Transformador 13 kV 3F conv. 150 kVA en cámara,TRT-3O150,,
APO0797,400,C,0,10,,Lum. 240 V Led 400 W en fachada con red preen Autocontrolada pot. cte. C,APD-0FLCL400AC,40,
TRR0323,3,C,0,0,,Transformador 34.5 kV 2F conv. 3 kVA en cámara,TRR-2O3,,
ESR0051,,,0,0,,Est. 34.5 kV 3F Centrada Pasante deriv. 3F Centrada Retención,ESR-3CP+3CR,,
TRS0207,2500,C,0,0,,Transformador 6 kV 3F conv. 2500 kVA en cámara,TRS-3O2500,,
TRT0033,112.5,C,0,0,,Transformador 13 kV 1F Pedestal o Padmounted 112.5KVA,TRT-1P112.5,,
COO0220,,,0,0,,Conductor Clase 35KV Al 1/0 AWG,CO0-0L1/0,,
ECR0070,100,A,0,0,,Capacitor automático 34.5kV 1F 100kVAR,ECR-1A100,,
APO0960,139,C,0,10,C,Lum. 127 V Led 139 W en poste con red aérea hilo piloto pot. cte. C,APC-0PLCL139PC,13.9,
EST0013,,,0,0,,Est. 13 kV 2F Centrada Retención,EST-2CR,,
ESN0014,,,0,0,,Est. 69 kV 3F Suspensión sencilla de pequeño angulo y aisladores tipo soporte o de poste,ESN-1LS,,
TRV0371,125,C,0,0,,Transformador 22 kV 1F conv. 125 kVA en cámara,TRV-1O125,,
POO4004,,,0,0,,Poste Hormigón armado Rectangular de 16.5 m carga de rotura 500 kg,PO0-0HR16.5_500,,
ESV0140,,,0,0,,Est. 22 kV 3F Semiaislado o Ecologico  Doble retención,ESV-3MD,,
EST0046,,,0,0,,Est. 13 kV 1F Volada Pasante deriv. 1F Centrada Retención,EST-1VP+1CR,,
SST0073,,,0,0,,"Secc. red subt. 13kV 2F, Transición, inst. en cruceta en volado",SST-2RV,,
TRT0242,250,C,0,0,,Transformador 13 kV 3F conv. 250 kVA en cámara,TRT-3O250,,
SDD0077,8.4,,,,,SGDA 240V 1F Fotovoltaica de 8.4kW,SDD-1F8.4,,
TRR0416,125,C,0,0,,Transformador 34.5 kV 1F conv. 125 kVA en cámara,TRR-1O125,,
COO0087,,,0,0,,Conductor Concéntrico Cu 3x6,CO0-0W3x6,,
SPS0040,,,0,0,,Secc. 6 kV 2F con seccionador de cuchilla   con disp. rompearco 100A,SPS-2O100,,
TRV0204,1800,C,0,0,,Transformador 22 kV 3F conv. 1800 kVA en cámara,TRV-3O1800,,
APO0925,139,C,0,10,,Lum. 240 V Led 139 W en poste con red aérea hilo piloto pot. cte. C,APD-0PLCL139PC,13.9,
COO0226,,,0,0,,Conductor Clase 35KV Al 1000 MCM,CO0-0L1000,,
APO0753,155,C,0,10,,Lum. 240 V Led 155 W en poste con red preen Autocont. pot. cte. C,APD-0OLCL155AC,15.5,
ESR0111,,,0,0,,Est. 34.5 kV 3F Dos Postes Angular dos deriv. 1F Centrada Retención,ESR-3HA+1CR+1CR,,
COO0003,,,0,0,,Conductor TW Cu # 1/0 AWG,CO0-0O1/0,,
APO0962,55,C,0,10,C,Lum. 127 V Led 55 W en poste con red sub Autocontrolada pot. cte. C,APC-0SLCL55AC,5.5,
POO3410,,,0,0,,Poste Hormigón armado Rectangular de 20 m carga de rotura 1200 kg,PO0-0HR20_1200,,
SSV0023,,,0,0,,"Secc. red subt. 22kV 3F con barraje desc., 2 vias,  600 A",SSV-3B2_600,,
MEC0003,,,0,0,,Medidor 120V 1F2H - Masivos Electromecánico. Energía Activa - 80 A_Forma 1A,MEC-1L80_1A,,
TRR0227,192,C,0,0,,Transformador 34.5 kV 3F conv. 192 kVA en poste,TRR-3C192,,
AOD0166,150,C,0,10,C,Lum. 240 V Ornamental Led 150 W en poste Hilo Piloto. pot. cte.,AOD-0PLL150PC,15,
ESV0122,,,0,0,,Est. 22 kV 3F Semi Centrada Doble Reten. deriv. 3F Centrada Pasante,ESV-3SD+3CP,,
APO0981,200,C,0,10,C,Lum. 240 V Led 200 W en poste con red preen Autocont. pot. cte. C,APD-0OLCL200AC,20,0
MEC0006,,,0,0,,Medidor 120V 1F2H - Masivos Electrónico. Energía Activa - 80 A_Forma 1A,MEC-1E80_1A,,
TRT0361,40,C,0,0,,Banco de 2 transformadores en paralelo 13 kV monofásicos 40 KVA en poste,TRT-1B40,,
APO0513,150,C,0,13,,Proy. 240 V Na 150 W en fachada con red subt hilo piloto pot. cte. C,APD-0APCS150PC,19.5,
TRV0342,100,C,0,0,,Banco de 2 transformadores en paralelo 22 kV monofásicos 100 kVA en cámara,TRV-1V100,,
POO1602,,,0,0,,Poste Hormigón armado Circular de 12m carga de rotura 400kg,PO0-0HC12_400,,
TRT0001,3,C,0,0,,Transformador 13 kV 1F conv.  3 kVA en poste,TRT-1C3,,
TRS0226,45,C,0,0,,Banco de 2 transformadores en paralelo 6 kV bifasicos 45 kVA en poste,TRS-2B45,,
SPR0082,,,0,0,,Secc. 34.5 kV 3F con interruptor 600A BIL 95,SPR-3I600_95,,
EST0111,,,0,0,,Est. 13 kV 3F Dos Postes Angular dos deriv. 1F Centrada Retención,EST-3HA+1CR+1CR,,
TRT0111,30,C,0,0,,Banco de 3 transformadores 13 kV monofásicos 30 KVA en poste,TRT-3N30,,
TRS0072,100,C,0,0,,Transformador 6 kV 2F Pedestal o Padmounted 100 kVA,TRS-2P100,,
SSD0022,,,0,0,,"Secc. red subt. 220 V 3F con tablero de distribución,  400A, 2 circuitos",SSD-3L400_2,,
POO6100,,,0,0,,Poste Metálico Ornamental de 9m,PO0-0EO9,,
TRV0151,87.5,C,0,0,,Banco de 3 transformadores 22 kV monofásicos 87.5 kVA en cámara,TRV-3I87.5,,
TRS0102,1050,C,0,0,,Transformador 6 kV 3F Pedestal o Padmounted 1050 kVA,TRS-3P1050,,
ESV0077,,,0,0,,Est. 22 kV 3F Bandera Doble Retenc. deriv. 1F Centrada Retención,ESV-3BD+1CR,,
TRR0052,250,C,0,0,,Transformador 34.5 kV 3F Pedestal o Padmounted 250KVA,TRR-3P250,,
EST0050,,,0,0,,Est. 13 kV 2F Centrada Retencion deriv. 2F Centrada Retención,EST-2CR+2CR,,
APO0401,100,C,0,15,,Proy. 240 V Hg 100 W en poste con red aerea hilo piloto pot. cte. C,APD-0PPCM100PC,15,
ESS0013,,,0,0,,Est. 6 kV 2F Centrada Retención,ESS-2CR,,
COO0166,,,0,0,,Conductor Concéntrico Cu 2x1/0,CO0-0W2x1/0,,
AOD0080,250,C,0,12,C,Proy. 240 V Ornamental Na 250 W en poste Hilo Piloto. pot. cte.,AOD-0PPS250PC,30,
SPS0121,,,0,0,,Secc. 6kV 3F con interruptor 300A BIL 75,SPS-3I300_75,,
APO0946,90,C,0,10,,Lum. 240 V Led 90 W en poste con red subt hilo piloto pot. cte. C,APD-0SLCL90PC,9,
COO0300,,,0,0,,Conductor TTU Cu #300 MCM,CO0-0P300,,
APO0621,400,D,250,12,S,Lum. 240 V Na 400 W en poste con red preen Autocont. Dob.niv.pot C,APD-0OLCS400AD,48,30
COO0052,,,0,0,,Conductor Multiplex Al 3x1/0 AWG,CO0-0J3x1/0,,
ESE0001,,,0,0,,Est. 0V 1 vía Vertical Pasante o Angular,ESE-1EP,,
SSS0063,,,0,0,,"Secc. red subt. 6kV 3F con int.  redes subt, 4 vías, 900 A",SSS-3I4_900,,
SSS0039,,,0,0,,Secc. red subt. 6 kV 2F con fusible 6 A,SSS-2F6,,
SST0001,,,0,0,,"Secc. red subt. 13kV 1F con conector tipo Codo,  200A",SST-1C200,,
TRR0202,450,C,0,0,,Transformador 34.5 kV 3F conv. 450 kVA en cámara,TRR-3O450,,
POO8401,,,0,0,,Poste Hormigón armado Circular de 6m carga de rotura 350kg,PO0-0HC6_350,,
TRV0153,112.5,C,0,0,,Banco de 3 transformadores 22 kV monofásicos 112.5 kVA en cámara,TRV-3I112.5,,
APO0357,70,C,0,16,,Lum. 240 V Na 70 W en fachada con red subt hilo piloto pot. cte. C,APD-0ALCS70PC,11.2,
TRR0366,65,C,0,0,,Banco de 2 transformadores en paralelo 34.5 kV monofásicos 65 KVA en poste,TRR-1B65,,
ESR0020,,,0,0,,Est. 34.5 kV 3F Centrada Angular,ESR-3CA,,
TRS0027,30,C,0,0,,Transformador 6  kV  3F conv. 30 kVA en cámara,TRS-3O30,,
TRT0148,242,C,0,0,,Banco de 2 transformadores 13 kV monofásicos 242 KVA en cámara,TRT-3V242,,
TUS0040,25,C,0,0,,Transformador  6kV 3F seco  25 kVA,TUS-3D25,,
COO0051,,,0,0,,Conductor Multiplex Al 3x2 AWG,CO0-0J3x2,,
TRR0224,150,C,0,0,,Transformador 34.5 kV 3F conv. 150 kVA en poste,TRR-3C150,,
SPO0038,,,0,0,,Secc. 3F con fusible 5H,SPO-3F5H,,
APO0944,90,C,0,10,,Lum. 240 V Led 90 W en fachada con red subt hilo piloto pot. cte. C,APD-0ALCL90PC,9,
SST0006,,,0,0,,"Secc. red subt. 13kV 3F con conector tipo T,  600A",SST-3T600,,
ECT0012,300,A,0,0,,Capacitor automático 13kV 3F 300kVAR,ECT-3A300,,
POO8604,,,0,0,,Poste Hormigón armado Circular de 16m carga de rotura 500kg,PO0-0HC16_500,,
SDD0203,3,,,,,SGDA 220V 3F Fotovoltaica de 3kW,SDD-3F3,,
TRT0448,50,C,0,0,,Transformador 13 kV 2F conv. 50 kVA en cámara,TRT-2O50,,
APO0335,150,D,100,13,S,Lum. 240 V Na 150 W en poste con red subt hilo piloto Dob.niv.pot. C,APD-0SLCS150PD,19.5,15
TRV0132,30,C,0,0,,Banco de 3 transformadores 22 kV monofásicos 30 kVA en poste,TRV-3N30,,
SPV0097,,,0,0,,Secc. 22kV 3F con interruptor 1250A BIL 95,SPV-3I1250_95,,
TRR0465,217,C,0,0,,Banco de 2 transformadores 34.5 kV monofásicos  217 kVA en poste,TRR-3B217,,
APO0782,212,C,0,10,,Lum. 240 V Led 212 W en poste con red aerea Autocontrolada pot. cte. C,APD-0PLCL212AC,21.2,
EST0007,,,0,0,,Est. 13 kV 1F En volado Retención,EST-1VR,,
TRV0056,75,C,0,0,,Transformador 22 kV 1F conv. 75 kVA en cámara,TRV-1O75,,
TRS0256,47.5,C,0,0,,Banco de 2 transformadores en paralelo 6 kV bifasicos 47.5 KVA en cámara,TRS-2V47.5,,
SDD0151,5.5,,,,,SGDA 220V 2F Fotovoltaica de 5.5kW,SDD-2F5.5,,
TAT0002,,,0,0,,Tensor Farol Simple en redes de dist. 13 kV,TAT-0FS,,
TRV0387,220,C,0,0,,Transformador 22 kV 3F conv. 220 kVA en cámara,TRV-3O220,,
TRV0195,15,C,0,0,,Banco de 2 transformadores 22 kV monofasicos 15KVA en poste,TRV-3B15,,
TRR0250,1200,C,0,0,,Transformador 34.5 kV 3F conv. 1200 kVA en cámara,TRR-3O1200,,
TRS0227,47.5,C,0,0,,Banco de 2 transformadores en paralelo 6 kV bifasicos 47.5 KVA en poste,TRS-2B47.5,,
SDD0079,9,,,,,SGDA 240V 1F Fotovoltaica de 9kW,SDD-1F9,,
TRR0249,1100,C,0,0,,Transformador 34.5 kV 3F conv. 1100 kVA en cámara,TRR-3O1100,,
SDD0264,36,,,,,SGDA 220V 3F Fotovoltaica de 36kW,SDD-3F36,,
APO0716,40,C,0,10,,Lum. 240 V Led 40 W en poste con red aérea Autocontrolada pot. cte. C,APD-0PLCL40AC,4,
ESD0016,,,0,0,,Est. 240V 5 vías Vertical Pasante deriv. 5 vías Vertical Retención,ESD-5EP+5ER,,
ECT0030,100,M,0,0,,Regulador de voltaje bobina múltiple 13kV 1F 100 kVA ctrl manual,ECT-1EM100,,
SPT0054,,,0,0,,Secc. 13kV 3F con interruptor 100A BIL 125,SPT-3I100_125,,
TRT0500,187.5,C,0,0,,Banco de 3 transformadores 13 kV monofásicos 187.5 KVA en poste (75KVA-75KVA-37.5KVA),TRT-3N187.5,0,0
SDD0222,8.16,,,,,SGDA 220V 3F Fotovoltaica de 8.16kW,SDD-3F8.16,,
COO0031,,,0,0,,Conductor ACSR #2 AWG,CO0-0B2,,
AOD0143,4,C,0,10,C,Proy. 240V Ornamental Led 4 W en piso  hilo piloto pot. Cte.,AOD-0IPL4PC,0.4,
TAE0001,,,0,0,,Tensor en A o con postes de apoyo en lineas de subtransmisión 69 kV,TAE-0AS,,
TRT0343,8,C,0,0,,Banco de 2 transformadores en paralelo 13 kV monofasicos 8KVA en poste,TRT-1B8,,
TRT0124,30,C,0,0,,Banco de 2 transformadores 13 kV monofásicos 30 KVA en cámara,TRT-3V30,,
ECS0066,1200,A,0,0,,Capacitor automático 6kV 3F 1200kVAR,ECS-3A1200,,
SDD0039,4.14,,,,,SGDA 240V 1F Fotovoltaica de 4.14kW,SDD-1F4.14,,
SPR0095,,,0,0,,Secc. 34.5 kV 3F con reconectador 1250A BIL 125,SPR-3R1250_125,,
APO0215,250,C,0,12,C,Lum. 240 V Hg 250 W en poste con red subt Autocontrolada pot. cte. C,APD-0SLCM250AC,30,
TRR0079,50,C,0,0,,Transformador 34.5 kV 3F conv. 50 kVA en cámara,TRR-3O50,,
SPV0029,,,0,0,,Secc. 22kV 3F con seccionador fus. unipolar ab. disp. rompearco 100A,SPV-3E100,,
APO0725,114,C,0,10,,Lum. 240 V Led 114 W en fachada con red subt Autocontrolada pot. cte. C,APD-0ALCL114AC,11.4,
TRT0360,900,C,0,0,,Transformador 13 kV 3F conv. 900 kVA en cámara,TRT-3O900,,
APO0942,200,C,0,10,,Proy. 240 V Led 200 W en poste con red aerea hilo piloto pot. cte. C,APD-0PPCL200PC,20,
APO0515,150,C,0,13,,Proy. 240 V Na 150 W en fachada con red subt Autocontrolado pot. cte. C,APD-0APCS150AC,19.5,
TRR0041,50,C,0,0,,Transformador 34.5 kV 3F Pedestal o Padmounted 50KVA,TRR-3P50,,
TRV0060,50,C,0,0,,Transformador 22 kV 3F conv. 50 kVA en cámara,TRV-3O50,,
TRT0183,375,C,0,0,,Banco de 3 transformadores 13 kV monofásicos 375 KVA en cámara,TRT-3I375,,
APO0116,125,C,0,13,C,Lum. 240 V Hg125 W en fachada con red preen Autocontrolada pot. cte. A,APD-0FLAM125AC,16.25,
TRT0436,200,C,0,0,,Banco de 2 transformadores en paralelo 13 kV monofásicos 200 KVA en cámara,TRT-1V200,,
SPD0054,,,0,0,,Secc. 240V 3F con Interruptor Termomagnetico de 1200 A,SPD-3M1200,,
SPR0112,,,0,0,,Secc. 34.5 kV 3F con interruptor 400A BIL 125,SPR-3I400_125,,
ESR0081,,,0,0,,Est. 34.5 kV 3F Tres Postes Doble retenc. deriv. 1F Centrada Retenc.,ESR-3TD+1CR,,
ESV0094,,,0,0,,Est. 22 kV 3F Bandera Angular dos deriv.1F Centrada Retención,ESV-3BA+1CR+1CR,,
SPT0026,,,0,0,,Secc. 13kV 2F con seccionador de cuchilla 200A,SPT-2C200,,
ECV0027,200,E,0,0,,Regulador de voltaje bobina fija 22kV 3F 200 kVA ctrl electrónico,ECV-3RE200,,
SDD0088,11,,,,,SGDA 240V 1F Fotovoltaica de 11kW,SDD-1F11,,
TRS0016,50,C,0,0,,Transformador 6 kV 3F Pedestal o Padmounted 50KVA,TRS-3P50,,
SPV0024,,,0,0,,Secc. 22kV 2F con seccionador de cuchilla con disp. rompearco 100A,SPV-2O100,,
TRS0125,500,C,0,0,,Transformador 6 kV 3F conv. 500 kVA en cámara,TRS-3O500,,
SDD0137,3.15,,,,,SGDA 220V 2F Fotovoltaica de 3.15kW,SDD-2F3.15,,
SDD0089,11.4,,,,,SGDA 240V 1F Fotovoltaica de 11.4kW,SDD-1F11.4,,
TRV0011,10,A,0,0,,Transformador 22 kV 1F autoproteg. 10 kVA en poste,TRV-1A10,,
COO0064,,,0,0,,Conductor antihurto SEU 2x2/0 Al + Nx1/0 Al AWG (Serie 8000),CO0-0X2x2/0(1/0),,
TAR0010,,,0,0,,Tensor de Empuje en redes de dist. 34.5 kV,TAR-0ES,,
EU0019,,,,0,,Est.red subt.  banco de ductos  config. 1x3  de 110 mm.  en calzada,EU0-0B1x3B2,,
ECV0039,200,E,0,0,,Regulador de voltaje bobina múltiple 22kV 3F 200 kVA ctrl electrónico,ECV-3EE200,,
ESN0019,,,0,0,,Est. 69 kV 3F Doble retención de pequeño angulo con doble circuito con aisladores tipo disco y poste,ESN-2BO,,
TRR0162,100,C,0,0,,Banco de 3 transformadores 34.5 kV monofásicos 100 KVA en cámara,TRR-3I100,,
SPT0017,,,0,0,,Secc. 13kV 1F con reconectador 400A BIL 95,SPT-1R400_95,,
APO0101,125,C,0,13,C,Lum. 240 V Hg 125 W en poste con red aerea hilo piloto pot. cte. A,APD-0PLAM125PC,16.25,
TRT0392,77.5,C,0,0,,Banco de 3 transformadores 13 kV monofásicos 77.5 kVA en poste,TRT-3N77.5,,
ECT0052,432,M,0,0,,Regulador de voltaje bobina fija 13kV 3F 432 kVA ctrl manual,ECT-3RM432,,
POO2405,,,0,0,,Poste Hormigón armado Circular de 14.5m carga de rotura 600kg,PO0-0HC14.5_600,,
AOD0069,250,C,0,12,C,Proy. 240 V Ornamental Na 250 W en poste Autocont. pot. cte.,AOD-0PPS250AC,30,
TRR0131,62.5,C,0,0,,Banco de 2 transformadores 34.5 kV monofásicos 62.5 KVA en cámara,TRR-3V62.5,,
SPO0026,,,0,0,,Secc. 2F con fusible 12K,SPO-2F12K,,
TRT0134,85,C,0,0,,Banco de 2 transformadores 13 kV monofásicos 85 KVA en cámara,TRT-3V85,,
TRV0154,115,C,0,0,,Banco de 3 transformadores 22 kV monofásicos 115 kVA en cámara,TRV-3I115,,
COO0157,,,0,0,,Conductor THHN Cu #500 MCM,CO0-0Q500,,
ESD0042,,,0,0,,Est. 240V 2 vías  Centrada Doble Retención,ESD-2CD,,
COO0361,,,0,0,,Conductor Semiaislado o Ecológico Clase 35kV Al 3/0 AWG,CO0-0K3/0,,
AOD0017,70,C,0,16,C,Lum. 240 V Ornamental MH 70 W en Fachada Autocont. pot. cte.,AOD-0FLH70AC,11.2,
APO0737,39,C,0,10,,Lum. 240 V Led 39 W en fachada con red subt Autocontrolada pot. cte. C,APD-0ALCL39AC,3.9,
POO6700,,,0,0,,Poste Metálico Circular de 4m,PO0-0EC4,,
COO0385,,,0,0,,Conductor TTU Al #2 AWG,CO0-0M2,,
ESV0043,,,0,0,,Est. 22 kV 1F Centrada Angular deriv. 1F Centrada Retención,ESV-1CA+1CR,,
SDD0185,15,,,,,SGDA 220V 2F Fotovoltaica de 15kW,SDD-2F15,,
TRR0127,47.5,C,0,0,,Banco de 2 transformadores 34.5 kV monofásicos 47.5 KVA en cámara,TRR-3V47.5,,
TRR0365,62.5,C,0,0,,Banco de 2 transformadores en paralelo 34.5 kV monofásicos 62.5 KVA en poste,TRR-1B62.5,,
TRR0349,13,C,0,0,,Banco de 2 transformadores en paralelo 34.5 kV monofasicos 13KVA en poste,TRR-1B13,,
TUV0033,75,C,0,0,,Transformador  22kV 3F sumerg. 75 kVA,TUV-3S75,,
APO0422,150,C,0,13,,Proy. 240 V Hg 150 W en fachada con red preen Autocontrolado pot. cte. C,APD-0FPCM150AC,19.5,
TRS0002,5,C,0,0,,Transformador 6  kV  2F conv.  5 kVA en poste,TRS-2C5,,
SSS0025,,,0,0,,"Secc. red subt. 6kV 3F con barraje desc., 3 vias,  600 A",SSS-3B3_600,,
SPD0049,,,0,0,,Secc. 240V 3F con Interruptor Termomagnetico de 350 A,SPD-3M350,,
POO1900,,,0,0,,Poste Madera Circular de 12m,PO0-0MC12,,
ESN0013,,,0,0,,Est. 69 kV 3F Suspención doble circuito de pequeño angulo y aisladores tipo soporte o de poste,ESN-2LS,,
TRS0021,150,C,0,0,,Transformador 6 kV 3F Pedestal o Padmounted 150KVA,TRS-3P150,,
TUV0049,150,C,0,0,,Transformador  22kV 3F seco  150 kVA,TUV-3D150,,
MED0022,,,0,0,,Medidor 240V 3F4H - Especiales Electrónico. Energía A-D - 20 A_Forma 9S,MED-3D20_9S,,
TUV0047,75,C,0,0,,Transformador  22kV 3F seco 75 kVA,TUV-3D75,,
ESS0138,,,0,0,,Est. 6 kV 3F Semiaislado o Ecologico Angular,ESS-3MA,,
COO0118,,,0,0,,Conductor Clase 25kV Cu 500 MCM,CO0-0Y500,,
TRV0218,7.5,C,0,0,,Transformador 22 kV 1F conv. 7.5 kVA en poste,TRV-1C7.5,,
APO0229,125,C,0,13,C,Lum. 240 V Hg 125 W en fachada con red subt Autocontrolada pot. cte. C,APD-0ALCM125AC,16.25,
TRT0255,225,C,0,0,,Banco de 3 transformadores 13 kV monofasicos 225KVA en poste,TRT-3N225,,
SDD0118,46.76,,,,,SGDA 240V 1F Fotovoltaica de 46.76kW,SDD-1F46.76,,
APO0994,142,C,0,10,C,Lum. 240 V Led 142 W en poste con red aérea Autocontrolada pot. cte. C,APD-0PLCL142AC_x000D_,14.2,0
TUT0045,37.5,C,0,0,,Transformador  13kV 3F seco  37.5 kVA,TUT-3D37.5,,
TRT0126,40,C,0,0,,Banco de 2 transformadores 13 kV monofásicos 40 KVA en cámara,TRT-3V40,,
POO3113,,,0,0,,Poste Hormigón armado Rectangular de 14m carga de rotura 3000kg,PO0-0HR14_3000,,
ESS0018,,,0,0,,Est. 6 kV 2F Volado Doble retención,ESS-2VD,,
TRV0282,25,C,0,0,,Banco de 3 transformadores 22 kV monofásicos 25 kVA en poste,TRV-3N25,,
TRV0275,242,C,0,0,,Banco de 2 transformadores 22 kV monofásicos 242 kVA en cámara,TRV-3V242,,
ESV0073,,,0,0,,Est. 22 kV 3F Volada Angular deriv. 1F Centrada Retención,ESV-3VA+1CR,,
POO4322,,,0,0,,Poste Hormigón armado rectangular de 23m carga de rotura 1600kg,PO0-0HR23_1600,,
POO3315,,,0,0,,Poste Hormigón armado Circular de 20m carga de rotura 2400kg,PO0-0HC20_2400,,
SPT0104,,,0,0,,Secc. 13kV 3F con reconectador 630A BIL 95,SPT-3R630_95,,
ESC0004,,,0,0,,Est. 120V 2 vías Vertical Retención deriv. 2 vías Vertical Retención,ESC-2ER+2ER,,
ESD0064,,,0,0,,Est. 240V Preensamblado Doble retención con 5 conduct.,ESD-1PD5,,
SSV0028,,,0,0,,Secc. red subt. 22 kV 1F con fusible 3 A,SSV-1F3,,
EST0130,,,0,0,,Est. 13 kV 3F Neutro Alineado en Cruceta Centrada Angular,EST-3NA,,
TUV0018,75,C,0,0,,Transformador  22kV 3F conv. frente muerto 75 kVA,TUV-3M75,,
TRS0029,50,C,0,0,,Transformador 6  kV  3F conv. 50 kVA en cámara,TRS-3O50,,
AOD0162,114,C,0,10,C,Proy. 240V Ornamental Led 114 W en piso  hilo piloto pot. Cte.,AOD-0IPL114PC,11.4,
SDD0105,17.4,,,,,SGDA 240V 1F Fotovoltaica de 17.4kW,SDD-1F17.4,,
TRT0083,112.5,C,0,0,,Transformador 13 kV 3F conv. 112.5 kVA en cámara,TRT-3O112.5,,
SSD0012,,,0,0,,Secc. red subt. 220 V 3F con interruptor termomagnético 150 A,SSD-3N150,,
ESR0099,,,0,0,,Est. 34.5 kV 3F Centrada Doble Retención deriv. 3F Semi Centrada Retención,ESR-3CD+3SR,,
TRV0266,112.5,C,0,0,,Banco de 2 transformadores 22 kV monofásicos 112.5 kVA en cámara,TRV-3V112.5,,
SDD0038,4.08,,,,,SGDA 240V 1F Fotovoltaica de 4.08kW,SDD-1F4.08,,
ESR0010,,,0,0,,Est. 34.5 kV 1F Bandera Doble retención,ESR-1BD,,
TRT0472,45,C,0,0,,Transformador 13 kV 1F conv. 45 kVA en poste,TRT-1C45,,
PTO0002,,,0,0,,P. a Tierra en Red Secun. Desnuda Cab. Alumo. 7H Cal. 9 AWG 1 Var.,PT0-0DA9_1,,
ECT0049,167,M,0,0,,Regulador de voltaje bobina fija 13kV 1F 167 kVA ctrl manual,ECT-1RM167,,
APO0969,38,C,0,10,C,Lum. 240V Led 38 W en poste  con red aérea Autocontrolada pot. Cte. C,APD-0PLCL38AC,3.8,
SPR0023,,,0,0,,Secc. 34.5kV 2F con seccionador fus. unipolar ab. disp. rompearco 100A,SPR-2E100,,
POO6800,,,0,0,,Poste Metálico Circular de 5m,PO0-0EC5,,
SPR0011,,,0,0,,Secc. 34.5kV 1F con seccionador de cuchilla   con disp. rompearco 300A,SPR-1O300,,
TUT0063,62.5,C,0,0,,Banco de 2 transformadores 13 kV 1F convenc. Frente muerto 62.5 kVA,TUT-3T62.5,,
AOD0007,150,C,0,13,C,Lum. 240 V Ornamental MH 150 W en poste Autocont. pot. cte.,AOD-0PLH150AC,19.5,
TRV0041,150,C,0,0,,Transformador 22 kV 3F Pedestal o Padmounted 150KVA,TRV-3P150,,
ESR0118,,,0,0,,Est. 34.5 kV 3F Centrada Pasante deriv. 3F Semi Centrada Pasante,ESR-3CP+3SP,,
TRV0124,1000,C,0,0,,Transformador 22 kV 3F Pedestal o Padmounted 1000 kVA,TRV-3P1000,,
TRV0377,60,A,0,0,,Transformador 22 kV 1F autoproteg. 60 kVA en poste,TRV-1A60,,
SPT0115,,,0,0,,Secc. 13kV 3F con interruptor 400A BIL 75,SPT-3I400_75,,
APO0123,175,C,0,12,C,Lum. 240 V Hg 175 W en fachada con red subt Autocontrolada pot. cte. A,APD-0ALAM175AC,21,
ESR0138,,,0,0,,Est. 34.5 kV 3F Semiaislado o Ecologico Angular,ESR-3MA,,
SSV0044,,,0,0,,Secc. red subt. 22 kV 2F con fusible 20 A,SSV-2F20,,
ESR0013,,,0,0,,Est. 34.5 kV 2F Centrada Retención,ESR-2CR,,
SDD0052,5.5,,,,,SGDA 240V 1F Fotovoltaica de 5.5kW,SDD-1F5.5,,
APO0328,70,C,0,16,,Lum. 240 V Na 70 W en poste con red subt Autocontrolada pot. cte. C,APD-0SLCS70AC,11.2,
SSV0056,,,0,0,,Secc. red subt. 22 kV 3F con fusible 30 A,SSV-3F30,,
TUT0033,75,C,0,0,,Transformador  13kV 3F sumerg. 75 kVA,TUT-3S75,,
TUS0014,400,C,0,0,,Transformador  6kV 3F conv. frente muerto 400 kVA,TUS-3M400,,
EST0104,,,0,0,,Est. 13 kV 3F Bandera Doble Retención deriv. 3F Bandera Retención,EST-3BD+3BR,,
ECT0003,200,C,0,0,,Capacitor fijo 13kV 1F 200kVAR,ECT-1C200,,
TRV0137,65,C,0,0,,Banco de 3 transformadores 22 kV monofásicos 65 kVA en poste,TRV-3N65,,
TRT0050,200,C,0,0,,Transformador 13 kV 3F Pedestal o Padmounted 200KVA,TRT-3P200,,
APO0210,175,C,0,12,C,Lum. 240 V Hg 175 W  en poste con red subt hilo piloto pot. cte. C,APD-0SLCM175PC,21,
TRV0358,3,C,0,0,,Transformador 22 kV 2F conv. 3 kVA en cámara,TRV-2O3,,
ESV0134,,,0,0,,Est. 22 kV 2F Semiaislado o Ecologico Angular,ESV-2MA,,
APO0963,55,C,0,10,C,Lum. 127 V Led 55 W en fachada con red subt Autocontrolada pot. cte. C,APC-0ALCL55AC,5.5,
SPV0068,,,0,0,,Secc. 22 kV 3F con interruptor 200A BIL 125,SPV-3I200_125,,
COO0197,,,0,0,,Conductor TTU Cu. #10 AWG,CO0-0P10,,
TRS0051,900,C,0,0,,Transformador 6  kV  3F conv. 900 kVA en cámara,TRS-3O900,,
POO2006,,,0,0,,Poste Hormigón armado Circular de 12.5m carga de rotura 675kg,PO0-0HC12.5_675,,
TRT0491,3125,C,0,0,,Transformador 13 kV 3F conv. 3125 kVA en cámara,TRT-3O3125,0,0
APO0329,100,C,0,15,,Lum. 120 V  Na100 W en poste con red subt Autocontrolada pot. cte. C,APC-0SLCS100AC,15,
POO1101,,,0,0,,Poste Hormigón armado Rectangular de 11m carga de rotura 350kg,PO0-0HR11_350,,
POO0225,,,0,0,,Poste Hormigón armado rectangular de 9m carga de rotura 316kg,PO0-0HR9_316,,
TAT0006,,,0,0,,Tensor a Tierra Simple en redes de dist. 13 kV,TAT-0TS,,
TRT0357,30,C,0,0,,Banco de 2 transformadores en paralelo 13 kV monofásicos 30 KVA en poste,TRT-1B30,,
COO0278,,,0,0,,Conductor Multiplex Al 3x3/0 AWG,CO0-0J3X3/0,,
TRT0019,45,C,0,0,,Transformador 13 kV 3F conv. 45 kVA en poste,TRT-3C45,,
SSV0054,,,0,0,,Secc. red subt. 22 kV 3F con fusible 20 A,SSV-3F20,,
TRV0047,400,C,0,0,,Transformador 22 kV 3F Pedestal o Padmounted 400KVA,TRV-3P400,,
TRR0122,20,C,0,0,,Banco de 2 transformadores 34.5 kV monofásicos 20 KVA en cámara,TRR-3V20,,
EST0053,,,0,0,,Est. 13 kV 3F Centrada Pasante deriv. 1F Centrada Retención,EST-3CP+1CR,,
SPT0110,,,0,0,,Secc. 13kV 3F con interruptor 800A BIL 75,SPT-3I800_75,,
APO0121,250,C,0,12,C,Lum. 240 V Hg 250 W en fachada con red subt hilo piloto pot. cte. A,APD-0ALAM250PC,30,
TRR0402,125,C,0,0,,Banco de 2 transformadores en paralelo 34.5 kV monofásicos 125 KVA en cámara,TRR-1V125,,
EST0079,,,0,0,,Est. 13 kV 3F Bandera Doble Retención deriv. 1F Centrada Retención,EST-3BD+1CR,,
SPV0056,,,0,0,,Secc. 22kV 3F con seccionador fus. unipolar cerrado 100A,SPV-3D100,,
ESV0024,,,0,0,,Est. 22 kV 3F Semicentrada Angular,ESV-3SA,,
COO0178,,,0,0,,Conductor Concéntrico Al 4x1/0,CO0-0X4x1/0,,
APO0908,112,C,0,10,,Lum. 240 V Led 112 W en poste con red aérea hilo piloto pot. cte. C,APD-0PLCL112PC,11.2,
AOD0165,250,C,0,10,C,Proy. 240V Ornamental Led 250 W en piso  hilo piloto pot. Cte.,AOD-0IPL250PC,25,
SSD0007,,,0,0,,Secc. red subt. 220 V 2F con interruptor termomagnético 70 A,SSD-2N70,,
APO0729,150,C,0,10,,Lum. 240 V Led 150 W en poste con red aerea Autocontrolada pot. cte. C,APD-0PLCL150AC,15,
AOD0131,36,C,0,10,C,Proy. 240 V Ornamental Led 36 W en piso Hilo Piloto. pot. cte.,AOD-0IPL36PC,3.6,
TRR0391,60,C,0,0,,Banco de 2 transformadores en paralelo 34.5 kV monofásicos 60 KVA en cámara,TRR-1V60,,
ECV0031,200,M,0,0,,Regulador de voltaje bobina múltiple 22kV 1F 200 kVA ctrl manual,ECV-1EM200,,
COO0181,,,0,0,,Conductor Multiplex Al 4x2/0 AWG,CO0-0J4x2/0,,
APO0793,250,C,0,10,,Lum. 240 V Led 250 W en fachada con red preen Autocontrolada pot. cte. C,APD-0FLCL250AC,25,
TRR0315,501,C,0,0,,Banco de 3 transformadores 34.5 kV monofásicos 501 kVA en poste,TRR-3N501,,
TRR0222,90,C,0,0,,Transformador 34.5 kV 3F conv. 90 kVA en poste,TRR-3C90,,
ESD0054,,,0,0,,Est. 240V 5 vías Centrada Angular,ESD-5CA,,
TRR0119,87.5,C,0,0,,Banco de 3 transformadores 34.5 kV monofásicos 87.5 KVA en poste,TRR-3N87.5,,
SDD0108,18.53,,,,,SGDA 240V 1F Fotovoltaica de 18.53kW,SDD-1F18.53,,
COO0309,,,0,0,,CONDUCTOR ACAR #3/0 AWG,CO0-0S3/0,,
TRT0116,65,C,0,0,,Banco de 3 transformadores 13 kV monofásicos 65 KVA en poste,TRT-3N65,,
SSV0008,,,0,0,,"Secc. red subt. 22kV 2F con conector codo Portaf.,  200 A",SSV-2P200,,
APO0799,150,C,0,10,,Lum. 240 V Led 150 W en poste con red subt Autocontrolada pot. cte. C,APD-0SLCL150AC,15,
TRT0113,45,C,0,0,,Banco de 3 transformadores 13 kV monofásicos 45 KVA en poste,TRT-3N45,,
ESR0039,,,0,0,,Est. 34.5 kV 1F Centrada Pasante deriv. 1F Centrada Retención,ESR-1CP+1CR,,
AOD0057,200,C,0,12,C,Proy. 240 V Ornamental Hg 200 W en poste Autocont. pot. cte.,AOD-0PPM200AC,24,
SDD0224,8.2,,,,,SGDA 220V 3F Fotovoltaica de 8.2kW,SDD-3F8.2,,
APO0224,400,C,0,12,C,Lum. 240 V Hg400 W en fachada con red preen Autocontrolada pot. cte. C,APD-0FLCM400AC,48,
SPS0122,,,0,0,,Secc. 6kV 3F con interruptor 300A BIL 95,SPS-3I300_95,,
AOD0029,70,C,0,16,C,Lum. 240 V Ornamental Na 70 W en piso Autocont. pot. cte.,AOD-0ILS70AC,11.2,
SPT0058,,,0,0,,Secc. 13kV 3F con interruptor 200A BIL 150,SPT-3I200_150,,
SDD0094,12.76,,,,,SGDA 240V 1F Fotovoltaica de 12.76kW,SDD-1F12.76,,
POO2106,,,0,0,,Poste Hormigón armado Circular de 13m carga de rotura 675kg,PO0-0HC13_675,,
TRT0215,5,C,0,0,,Transformador 13 kV 2F conv. 5 kVA en poste,TRT-2C5,,
TAV0010,,,0,0,,Tensor de Empuje en redes de dist. 22 kV,TAV-0ES,,
POO5200,,,0,0,,Poste Baculo Metalico de 4.5m para semaforo,PO0-0EB4.5,,
TUV0039,250,C,0,0,,Transformador  22kV 3F sumerg. 250 kVA,TUV-3S250,,
EST0106,,,0,0,,Est. 13 kV 3F Dos Postes Retención deriv. 1F Centrada Pasante,EST-3HR+1CP,,
SPV0104,,,0,0,,Secc. 22kV 3F con interruptor 800A BIL 75,SPV-3I800_75,,
TRR0167,140,C,0,0,,Banco de 3 transformadores 34.5 kV monofásicos 140 KVA en cámara,TRR-3I140,,
SDD0170,9,,,,,SGDA 220V 2F Fotovoltaica de 9kW,SDD-2F9,,
MED0001,,,0,0,,Medidor 240V 1F3H - Espec. Electr. Energía A-D - 200 A_ Forma 2S,MED-1D200_2S,,
POO0730,,,0,0,,Poste Plástico fibra de vidrio Circular de 16m carga de rotura 200kg,PO0-0PC16_200,,
TRR0243,350,C,0,0,,Transformador 34.5 kV 3F conv. 350 kVA en cámara,TRR-3O350,,
TRV0247,200,C,0,0,,Banco de 2 transformadores 22 kV monofásicos  200 kVA en poste,TRV-3B200,,
TRV0100,333,C,0,0,,Transformador 22  kV 1F conv. 333 kVA en poste,TRV-1C333,,
TRS0206,75,C,0,0,,Transformador 6 kV 2F conv. 75 kVA en cámara,TRS-2O75,,
ESR0055,,,0,0,,Est. 34.5 kV 3F Centrada Retención deriv. 2F Centrada Retención,ESR-3CR+2CR,,
SPT0124,0,,0,0,,Secc. 13kV 3F con interruptor 1200A BIL 150,SPT-3I1200_150,0,0
APO0920,53,C,0,10,,Lum. 240 V Led 53 W en poste con red aérea Autocontrolada pot. cte. C,APD-0PLCL53AC,5.3,
TRT0313,120,C,0,0,,Transformador 13 kV 3F conv. 120 kVA en poste,TRT-3C120,,
POO10014,,,0,0,,Poste Hormigón armado rectangular de 19m carga de rotura 750kg,PO0-0HR19_750,,
APO0610,100,C,0,15,,Lum. 240 V Na 100 W en poste con red aérea Autocontrolada pot. cte. A,APD-0PLAS100AC,15,
SPS0072,,,0,0,,Secc. 6 kV 3F con reconectador 600A BIL 125,SPS-3R600_125,,
SPS0037,,,0,0,,Secc. 6 kV 2F con seccionador de cuchilla   200A,SPS-2C200,,
ECR0066,900,A,0,0,,Capacitor automático 34.5kV 3F 900kVAR,ECR-3A900,,
ESR0134,,,0,0,,Est. 34.5 kV 2F Semiaislado o Ecologico Angular,ESR-2MA,,
TRT0376,204.5,C,0,0,,Banco de 2 transformadores en paralelo 13 kV monofásicos 204.5 kVA en cámara,TRT-1V204.5,,
AOD0077,250,C,0,12,C,Proy. 240 V Ornamental Hg 250 W en poste Hilo Piloto. pot. cte.,AOD-0PPM250PC,30,
SSS0068,,,0,0,,"Secc. red subt. 6kV 3F,  celda, protección, 400A, 150 BIL",SSS-3EP400_150,,
TRR0183,375,C,0,0,,Banco de 3 transformadores 34.5 kV monofásicos 375 KVA en cámara,TRR-3I375,,
TRV0021,60,C,0,0,,Transformador 22 kV 3F conv. 60 kVA en poste,TRV-3C60,,
TRS0208,20,C,0,0,,Transformador 6 kV 3F conv. 20 kVA en cámara,TRS-3O20,,
ECV0051,250,C,0,0,,Capacitor fijo 22kV 3F 250kVAR,ECV-3C250,,
COO0266,,,0,0,,Conductor AAAC 5005 #281.4 AWG,CO0-0C281.4,,
SSD0009,,,0,0,,Secc. red subt. 220 V 3F con interruptor termomagnético 70 A,SSD-3N70,,
SPV0018,,,0,0,,Secc. 22kV 2F con seccionador fus. unipolar ab. 200A,SPV-2S200,,
TRV0271,175,C,0,0,,Banco de 2 transformadores 22 kV monofásicos 175 kVA en cámara,TRV-3V175,,
TRV0274,200,C,0,0,,Banco de 2 transformadores 22 kV monofásicos 200 kVA en cámara,TRV-3V200,,
ECS0012,300,A,0,0,,Capacitor automático 6kV 3F 300kVAR,ECS-3A300,,
TRT0263,175,C,0,0,,Transformador 13 kV 3F conv. 175 kVA en cámara,TRT-3O175,,
SSS0053,,,0,0,,Secc. red subt. 6 kV 3F con fusible 18 A,SSS-3F18,,
TUT0038,200,C,0,0,,Transformador  13kV 3F sumerg. 200 kVA,TUT-3S200,,
TRT0364,450,C,0,0,,Transformador 13 kV 3F Pedestal o Padmounted 450 kVA,TRT-3P450,,
APO0346,70,C,0,16,,Lum. 240 V Na 70 W en fachada con red preen Autocontrolada pot. cte. C,APD-0FLCS70AC,11.2,
ESD0052,,,0,0,,Est. 240V 4 vías Centrada Retención,ESD-4CR,,
TRT0201,160,C,0,0,,Transformador 13 kV 3F conv. 160 kVA en cámara,TRT-3O160,,
TAT0007,,,0,0,,Tensor en V a tierra Simple en redes de dist. 13 kV,TAT-0VS,,
POO8200,,,0,0,,Poste Metálico Rectangular de 24m,PO0-0ER24,,
ECV0018,100,E,0,0,,Regulador de voltaje bobina fija 22kV 1F 100 kVA ctrl electrónico,ECV-1RE100,,
POO2309,,,0,0,,Poste Hormigón armado Circular de 14m carga de rotura 1000kg,PO0-0HC14_1000,,
TRR0072,25,C,0,0,,Transformador 34.5 kV 1F conv. 25 kVA en cámara,TRR-1O25,,
TRS0254,35,C,0,0,,Banco de 2 transformadores en paralelo 6 kV bifasicos 35 KVA en cámara,TRS-2V35,,
APO0951,55,C,0,10,C,Lum. 240 V Led 55 W en poste con red aérea hilo piloto pot. cte. C,APD-0PLCL55PC,5.5,
POO8801,,,0,0,,Poste Hormigón armado Ornamental de 6m carga de rotura 350kg,PO0-0HO6_350,,
TAS0001,,,0,0,,Tensor a Tierra Doble en redes de dist. 6 kV,TAS-0TD,,
COO0189,,,0,0,,"Conductor de Cu concentrico, aislado  600 V, Tipo XLPE  No.1X6+6 AWG",CO0-0W1x6(6),,
AOC0002,71,C,0,10,C,Lum. 127 V Ornamental Led 71 W en poste Autocontrolada pot. cte.,AOC-0PLL71AC,7.1,
SSD0028,,,0,0,,"Secc. red subt. 220 V 3F con tablero de distribución,  800A, 2 circuitos",SSD-3L800_2,,
TRR0117,67.5,C,0,0,,Banco de 3 transformadores 34.5 kV monofásicos 67.5 KVA en poste,TRR-3N67.5,,
SSD0021,,,0,0,,"Secc. red subt. 220 V 3F con tablero de distribución,  200A, 4 circuitos",SSD-3L200_4,,
TRT0221,75,C,0,0,,Transformador 13 kV 2F conv. 75 kVA en poste,TRT-2C75,,
TRT0127,47.5,C,0,0,,Banco de 2 transformadores 13 kV monofásicos 47.5 KVA en cámara,TRT-3V47.5,,
TRT0494,17.5,C,0,0,,Transformador 13 kV 1F conv. 17.5 kVA en cámara,TRT-1O17.5,0,0
TAS0009,,,0,0,,Tensor en A en redes de dist. 6 kV,TAS-0AS,,
EST0100,,,0,0,,Est. 13 kV 3F Volada Angular deriv. 3F Semi Centrada Retención,EST-3VA+3SR,,
TRV0118,175,C,0,0,,Transformador 22 kV 3F Pedestal o Padmounted 175 kVA,TRV-3P175,,
SDD0223,8.19,,,,,SGDA 220V 3F Fotovoltaica de 8.19kW,SDD-3F8.19,,
POO8100,,,0,0,,Poste Metálico Rectangular de 11m,PO0-0ER11,,
ESD0005,,,0,0,,Est. 240V 4 vías Vertical Retención,ESD-4ER,,
PTO0010,,,0,0,,P. a Tierra en Red Secun. Desnuda Cond. Cu Cal. 4 AWG 1 Var.,PT0-0DC4_1,,
SSD0035,,,0,0,,"Secc. red subt. 220V 2F, Transición, inst. en red  preensamblada",SSD-2RP,,
SST0075,,,0,0,,"Secc. red subt. 13kV 3F, Transición, inst. en cruceta en volado",SST-3RV,,
POO2222,,,0,0,,Poste Hormigón armado Circular de 13.5m carga de rotura 1600kg,PO0-0HC13.5_1600,,
SPT0085,,,0,0,,Secc. 13kV 3F con reconectador 560A BIL 95,SPT-3R560_95,,
TRT0390,640,C,0,0,,Transformador 13 kV 3F Pedestal o Padmounted 640KVA,TRT-3P640,,
TRR0357,42.5,C,0,0,,Banco de 2 transformadores en paralelo 34.5 kV monofasicos 42.5KVA en poste,TRR-1B42.5,,
TRR0053,300,C,0,0,,Transformador 34.5 kV 3F Pedestal o Padmounted 300KVA,TRR-3P300,,
SDD0201,2.2,,,,,SGDA 220V 3F Fotovoltaica de 2.2kW,SDD-3F2.2,,
ESD0058,,,0,0,,Est. 240V 5 vías Vertical en volado Retención,ESD-5OR,,
APO0402,150,C,0,13,,Proy. 240 V Hg 150 W en poste con red aerea hilo piloto pot. cte. C,APD-0PPCM150PC,19.5,
TRR0048,160,C,0,0,,Transformador 34.5 kV 3F Pedestal o Padmounted 160KVA,TRR-3P160,,
SDD0116,37.5,,,,,SGDA 240V 1F Fotovoltaica de 37.5kW,SDD-1F37.5,,
TRR0232,400,C,0,0,,Transformador 34.5 kV 3F conv. 400 kVA en poste,TRR-3C400,,
POO3510,,,0,0,,Poste Hormigón armado Circular de 21m carga de rotura 1200kg,PO0-0HC21_1200,,
TUT0075,175,C,0,0,,Banco de 2 transformadores 13 kV 1F convenc. Frente muerto 175 kVA,TUT-3T175,,
EST0120,,,0,0,,Est. 13 kV 3F Semi Centrada Retención deriv. 1F Centrada Pasante,EST-3SR+1CP,,
TRS0216,10,C,0,0,,Banco de 2 transformadores en paralelo 6 kV bifasicos 10KVA en poste,TRS-2B10,,
TUT0127,990,C,0,0,,Banco de 3 transformadores 13 kV 1F convenc. Frente muerto 990 kVA,TUT-3R990,,
ECT0033,50,E,0,0,,Regulador de voltaje bobina múltiple 13kV 1F 50 kVA ctrl electrónico,ECT-1EE50,,
TRV0314,90,C,0,0,,Banco de 2 transformadores en paralelo 22 kV monofásicos 90 kVA en poste,TRV-1B90,,
APO0436,250,C,0,12,,Proy. 240 V Hg 250 W en poste con red aerea hilo piloto pot. cte. C,APD-0PPCM250PC,30,
TUT0086,45,C,0,0,,Banco de 3 transformadores 13 kV 1F convenc. Frente muerto 45 kVA,TUT-3R45,,
TRS0286,220,C,0,0,,Transformador 6 kV 3F conv. 220 kVA en poste,TRS-3C220,,
POO0702,,,0,0,,Poste Plástico fibra de vidrio Circular de 10m carga de rotura 400kg,PO0-0PC10_400,,
TRV0078,112,C,0,0,,Transformador 22 kV 3F conv. 112 kVA en cámara,TRV-3O112,,
ESV0022,,,0,0,,Est. 22 kV 3F Centrada  Doble retención,ESV-3CD,,
ESV0087,,,0,0,,Est. 22 kV 3F Semi Centrada Retención deriv. 1F Centrada Angular,ESV-3SR+1CA,,
POO11007,,,0,0,,Poste Plástico fibra de vidrio Circular de 14m carga de rotura 700kg,PO0-0PC14_700,,
ESS0031,,,0,0,,Est. 6 kV 3F Dos Postes Pasante,ESS-3HP,,
TRV0330,35,C,0,0,,Banco de 2 transformadores en paralelo 22 kV monofásicos 35 kVA en cámara,TRV-1V35,,
TRS0217,13,C,0,0,,Banco de 2 transformadores en paralelo 6 kV bifasicos 13KVA en poste,TRS-2B13,,
TRR0286,125,C,0,0,,Banco de 3 transformadores 34.5 kV monofásicos 125 KVA en poste,TRR-3N125,,
ECR0054,864,M,0,0,,Regulador de voltaje bobina fija 34.5kV 3F 864 kVA ctrl manual,ECR-3RM864,,
SPT0088,,,0,0,,Secc. 13kV 3F con interruptor 600A BIL 75,SPT-3I600_75,,
TRV0017,15,C,0,0,,Transformador 22 kV 3F conv. 15 kVA en poste,TRV-3C15,,
TRV0215,2500,C,0,0,,Transformador 22 kV 3F Pedestal o Padmounted 2500 kVA,TRV-3P2500,,
SPR0031,,,0,0,,Secc. 34.5kV 2F con seccionador de cuchilla   con disp. rompearco 300A,SPR-2O300,,
TRR0023,100,C,0,0,,Transformador 34.5 kV 3F conv. 100 kVA en poste,TRR-3C100,,
APO0208,400,C,0,12,C,Lum. 240 V Hg 400 W en poste con red aerea Autocontrolada pot. cte. C,APD-0PLCM400AC,48,
SSS0046,,,0,0,,Secc. red subt. 6 kV 2F con fusible 30 A,SSS-2F30,,
TRT0421,65,C,0,0,,Banco de 2 transformadores en paralelo 13 kV monofásicos 65 KVA en cámara,TRT-1V65,,
SDD0063,6.5,,,,,SGDA 240V 1F Fotovoltaica de 6.5kW,SDD-1F6.5,,
SPT0009,,,0,0,,Secc. 13kV 1F con seccionador de cuchilla   con disp. rompearco 100A,SPT-1O100,,
ESN0020,,,0,0,,Est. 69 kV 3F Suspensión doble circuito de pequeño angulo con dos postes y aisladores tipo disco,ESN-2VS,,
TRT0202,450,C,0,0,,Transformador 13 kV 3F conv. 450 kVA en cámara,TRT-3O450,,
COO0305,,,0,0,,CONDUCTOR ACAR #4 AWG,CO0-0S4,,
TRT0456,60,C,0,0,,Transformador 13 kV 1F conv. 60 kVA en cámara,TRT-1O60,,
AOD0052,40,C,0,16,C,Lum. 240 V Ornamental Na 40 W en poste Autocont. pot. cte.,AOD-0PLS40AC,6.4,
ECV0053,450,C,0,0,,Capacitor fijo 22kV 3F 450kVAR,ECV-3C450,,
POO0606,,,0,0,,Poste Hormigón armado Circular de 10m carga de rotura 675kg,PO0-0HC10_675,,
TRT0345,10,C,0,0,,Banco de 2 transformadores en paralelo 13 kV monofasicos 10KVA en poste,TRT-1B10,,
APO0344,250,C,0,12,,Lum. 240 V Na  250 W en fachada con red preen hilo piloto pot. cte. C,APD-0FLCS250PC,30,
EST0025,,,0,0,,Est. 13 kV 3F Semicentrada Retención,EST-3SR,,
EST0023,,,0,0,,Est. 13 kV 3F Semicentrada Pasante,EST-3SP,,
ESV0018,,,0,0,,Est. 22 kV 2F En volado Doble retención,ESV-2VD,,
ECV0029,50,M,0,0,,Regulador de voltaje bobina múltiple 22kV 1F 50 kVA ctrl manual,ECV-1EM50,,
SSD0042,,,0,0,,"Secc. red subt. 220V 3F con barraje preformado., 6 vias,  525 A",SSD-3A6_525,,
TRR0088,35,C,0,0,,Banco de 2 transformadores 34.5 kV monofásicos 35 KVA en poste,TRR-3B35,,
COO0196,,,0,0,,Conductor ACSR #8 AWG,CO0-0B8,,
SDD0099,14.74,,,,,SGDA 240V 1F Fotovoltaica de 14.74kW,SDD-1F14.74,,
TRV0170,317,C,0,0,,Banco de 3 transformadores 22 kV monofásicos 317 kVA en cámara,TRV-3I317,,
SPT0096,,,0,0,,Secc. 13kV 3F con interruptor 1250A BIL 150,SPT-3I1250_150,,
TRV0300,30,C,0,0,,Banco de 2 transformadores en paralelo 22 kV monofásicos 30 kVA en poste,TRV-1B30,,
APO0903,110,C,0,10,,Lum. 240 V Led 110 W en poste con red preen Autocont. pot. cte. C,APD-0OLCL110AC,11,
TRV0356,334,C,0,0,,Banco de 2 transformadores en paralelo 22 kV monofásicos 334 kVA en cámara,TRV-1V334,,
POO9001,,,0,0,,Poste Hormigón armado Ornamental de 8m carga de rotura 350kg,PO0-0HO8_350,,
SDD0068,7.6,,,,,SGDA 240V 1F Fotovoltaica de 7.6kW,SDD-1F7.6,,
APO0794,250,C,0,10,,Lum. 240 V Led 250 W en fachada con red subt Autocontrolada pot. cte. C,APD-0ALCL250AC,25,
TRT0037,15,C,0,0,,Transformador 13 kV 3F Pedestal o Padmounted 15KVA,TRT-3P15,,
SDD0133,2.5,,,,,SGDA 220V 2F Fotovoltaica de 2.5kW,SDD-2F2.5,,
EST0067,,,0,0,,Est. 13 kV 3F Centrada Doble Retención deriv. 1F Centrada Retención,EST-3CD+1CR,,
TRT0049,175,C,0,0,,Transformador 13 kV 3F Pedestal o Padmounted 175KVA,TRT-3P175,,
ESR0102,,,0,0,,Est. 34.5 kV 3F Volada Retención deriv. 3F Semi Centrada Retención,ESR-3VR+3SR,,
SPV0075,,,0,0,,Secc. 22kV 3F con reconectador 200A BIL 125,SPV-3R200_125,,
TRV0110,250,C,0,0,,Transformador 22 kV 3F conv. 250 kVA en poste,TRV-3C250,,
ECV0025,50,E,0,0,,Regulador de voltaje bobina fija 22kV 3F 50 kVA ctrl electrónico,ECV-3RE50,,
COO0062,,,0,0,,Conductor antihurto SEU 2x2 Al + Nx4 Al AWG (Serie 8000),CO0-0X2x2(4),,
SPT0013,,,0,0,,Secc. 13kV 1F con interruptor 100A BIL 95,SPT-1I100_95,,
SSS0024,,,0,0,,"Secc. red subt. 6kV 3F con barraje desc., 3 vias,  200 A",SSS-3B3_200,,
ESV0107,,,0,0,,Est. 22 kV 3F Dos Postes Angular deriv. 1F Centrada Pasante,ESV-3HA+1CP,,
SPT0040,,,0,0,,Secc. 13kV 3F con seccionador de cuchilla   600A,SPT-3C600,,
SSV0058,,,0,0,,"Secc. red subt. 22kV 1F con descarg. premold., MCOV 15,3kV",SSV-1D15,,
ESV0005,,,0,0,,Est. 22 kV 1F En volado  Pasante,ESV-1VP,,
SDT0297,147,,,,,"SGDA 13,8kV 3F Fotovoltaica de 147kW",SDT-3F147,,
TRR0204,100,C,0,0,,Transformador 34.5 kV 1F conv. 100 kVA en poste,TRR-1C100,,
SSD0040,,,0,0,,"Secc. red subt. 220V 3F, Transición, inst. de bornes del transformador",SSD-3RB,,
SDD0309,400,,,,,SGDA 220V 3F Fotovoltaica de 400kW,SDD-3F400,,
SSV0066,,,0,0,,"Secc. red subt. 22kV 3F con int.  redes subt, 6 vías, 900A",SSV-3I6_900,,
TRR0451,350,C,0,0,,Transformador 34.5 kV 3F conv. 350 kVA en poste,TRR-3C350,,
APO0626,400,C,0,12,,Lum. 240 V Na 400 W en poste con red preen hilo piloto pot. cte. C,APD-0OLCS400PC,48,
TRV0197,40,C,0,0,,Banco de 2 transformadores 22 kV monofásicos 40 KVA en poste,TRV-3B40,,
TRV0159,160,C,0,0,,Banco de 3 transformadores 22 kV monofásicos 160 kVA en cámara,TRV-3I160,,
POO4008,,,0,0,,Poste Hormigón armado Rectangular de 16.5 m carga de rotura 800 kg,PO0-0HR16.5_800,,
SDD0195,21,,,,,SGDA 220V 2F Fotovoltaica de 21kW,SDD-2F21,,
ESR0040,,,0,0,,Est. 34.5 kV 1F Centrada Pasante deriv. 1F Bandera Angular,ESR-1CP+1BA,,
SPD0028,,,0,0,,Secc. 240V 3F con fusible NH 630 A,SPD-3L630,,
ESR0106,,,0,0,,Est. 34.5 kV 3F Dos Postes Retención deriv. 1F Centrada Pasante,ESR-3HR+1CP,,
ECV0015,200,M,0,0,,Regulador de voltaje bobina fija 22kV 1F 200 kVA ctrl manual,ECV-1RM200,,
TRR0013,25,A,0,0,,Transformador 34.5 kV 1F autoproteg. 25 kVA en poste,TRR-1A25,,
SPS0123,,,0,0,,Secc. 6kV 3F con interruptor 300A BIL 125,SPS-3I300_125,,
SPT0095,,,0,0,,Secc. 13kV 3F con interruptor 1250A BIL 75,SPT-3I1250_75,,
SPR0084,,,0,0,,Secc. 34.5 kV 3F con interruptor 600A BIL 150,SPR-3I600_150,,
EU0008,,,0,0,,Est.red subt.  banco de ductos  config. 2x4  de 110 mm.  en acera,EU0-0B2x4B1,,
TRT0212,150,C,0,0,,Banco de 3 transformadores 13 kV monofásicos 150 KVA en poste,TRT-3N150,,
TRR0187,450,C,0,0,,Banco de 3 transformadores 34.5 kV monofásicos 450 KVA en cámara,TRR-3I450,,
TRV0057,15,C,0,0,,Transformador 22 kV 3F conv. 15 kVA en cámara,TRV-3O15,,
AOD0014,150,C,0,13,C,Lum. 240 V Ornamental Na 150 W en Fachada Autocont. pot. cte.,AOD-0FLS150AC,19.5,
POO4905,,,0,0,,Poste Hormigón armado Circular de 8m carga de rotura 600kg,PO0-0HC8_600,,
EST0036,,,0,0,,Est. 13 kV 3F Bandera Angular,EST-3BA,,
SPV0008,,,0,0,,Secc. 22kV 1F con seccionador de cuchilla con disp. rompearco 100A,SPV-1O100,,
COO0040,,,0,0,,Conductor ASC #1/0 AWG,CO0-0A1/0,,
COO0237,,,0,0,,CONDUCTOR ACSR #477 MCM,CO0-0B477,,
SPS0068,,,0,0,,Secc. 6 kV 3F con reconectador 400A BIL 95,SPS-3R400_95,,
POO2306,,,0,0,,Poste Hormigón armado Circular de 14m carga de rotura 675kg,PO0-0HC14_675,,
ESV0036,,,0,0,,Est. 22 kV 3F Bandera Angular,ESV-3BA,,
TUT0013,15,C,0,0,,Transformador  13kV 3F conv. frente muerto 15 kVA,TUT-3M15,,
MED0024,,,0,0,,Medidor 240V 2F3H - Masivos Electromecánico. Energía Activa - 200 A_Forma 12S,MED-2L200_12S,,
AOD0079,150,C,0,13,C,Proy. 240 V Ornamental Na 150 W en poste Hilo Piloto. pot. cte.,AOD-0PPS150PC,19.5,
EST0052,,,0,0,,Est. 13 kV 3F Centrada Pasante deriv. 2F Centrada Retención,EST-3CP+2CR,,
COO0391,,,0,0,,Conductor TTU Al #300 MCM,CO0-0M300,,
SDD0235,11.1,,,,,SGDA 220V 3F Fotovoltaica de 11.1kW,SDD-3F11.1,,
SPV0026,,,0,0,,Secc. 22kV 2F con seccionador de cuchilla con disp. rompearco 300A,SPV-2O300,,
SPS0010,,,0,0,,Secc. 6kV 3F con seccionador fus. unipolar cerrado 100A,SPS-3D100,,
ECV0021,50,M,0,0,,Regulador de voltaje bobina fija 22kV 3F 50 kVA ctrl manual,ECV-3RM50,,
SDD0159,6.9,,,,,SGDA 220V 2F Fotovoltaica de 6.9kW,SDD-2F6.9,,
POO8000,,,0,0,,Poste Metálico Rectangular de 21m,PO0-0ER21,,
COO0156,,,0,0,,Conductor THHN Cu #400 MCM,CO0-0Q400,,
TRV0277,300,C,0,0,,Banco de 2 transformadores 22 kV monofásicos 300 kVA en cámara,TRV-3V300,,
TRT0329,250,C,0,0,,Transformador 13 kV 1F Pedestal o Padmounted 250KVA,TRT-1P250,,
POO3519,,,0,0,,Poste Hormigón armado Circular de 21m carga de rotura 8000kg,PO0-0HC21_8000,,
APO0786,212,C,0,10,,Lum. 240 V Led 212 W en fachada con red subt Autocontrolada pot. cte. C,APD-0ALCL212AC,21.2,
POO2900,,,0,0,,Poste Metálico Circular de 6m,PO0-0EC6,,
SDD0020,2.48,,,,,SGDA 240V 1F Fotovoltaica de 2.48kW,SDD-1F2.48,,
SDD0166,8.2,,,,,SGDA 220V 2F Fotovoltaica de 8.2kW,SDD-2F8.2,,
ECR0022,100,M,0,0,,Regulador de voltaje bobina fija 34.5kV 3F 100 kVA ctrl manual,ECR-3RM100,,
TRR0171,175,C,0,0,,Banco de 3 transformadores 34.5 kV monofásicos 175 KVA en cámara,TRR-3I175,,
EU0022,,,0,0,,Est.red subt.  banco de ductos  config. 2x3  de 110 mm.  en calzada,EU0-0B2x3B2,,
COO0345,,,0,0,,Conductor Semiaislado o Ecológico Clase 25kV Al 2 AWG,CO0-0H2,,
TRT0185,400,C,0,0,,Banco de 3 transformadores 13 kV monofásicos 400 KVA en cámara,TRT-3I400,,
SPT0010,,,0,0,,Secc. 13kV 1F con seccionador de cuchilla   con disp. rompearco 200A,SPT-1O200,,
TRR0353,25,C,0,0,,Banco de 2 transformadores en paralelo 34.5 kV monofásicos 25 KVA en poste,TRR-1B25,,
ECS0053,450,C,0,0,,Capacitor fijo 6kV 3F 450kVAR,ECS-3C450,,
ECV0005,50,C,0,0,,Capacitor fijo 22kV 3F 50kVAR,ECV-3C50,,
CSP0003,21,,0,0,,Sem. 110V en poste vehicular 3 modulo,CSC-0PV21M3,,
TRS0266,100,C,0,0,,Banco de 2 transformadores en paralelo 6 kV bifasicos 100 KVA en cámara,TRS-2V100,,
ESN0028,,,0,0,,Est. 69 kV 3F Tipo torre doble retención circuito simple y aisladores tipo disco,ESN-1OR,,
TRT0302,215,C,0,0,,Transformador 13 kV 3F conv. 215 kVA en poste,TRT-3C215,,
APO0976,95,C,0,10,C,Lum. 240V Led 95 W en poste  con red aérea Autocontrolada pot. Cte. C,APD-0PLCL95AC,9.5,
ESV0030,,,0,0,,Est. 22 kV 3F En volado Doble retención,ESV-3VD,,
TRV0113,500,C,0,0,,Transformador 22 kV 3F conv. 500 kVA en poste,TRV-3C500,,
SDD0111,21,,,,,SGDA 240V 1F Fotovoltaica de 21kW,SDD-1F21,,
SST0041,,,0,0,,Secc. red subt. 13 kV 2F con fusible 10 A,SST-2F10,,
SDD0186,15.8,,,,,SGDA 220V 2F Fotovoltaica de 15.8kW,SDD-2F15.8,,
TRR0456,450,C,0,0,,Transformador 34.5 kV 3F Pedestal o Padmounted 450 kVA,TRR-3P450,,
TRV0187,990,C,0,0,,Banco de 3 transformadores 22 kV monofásicos 990 kVA en cámara,TRV-3I990,,
COO0147,,,0,0,,Conductor THHN Cu #12 AWG,CO0-0Q12,,
ESD0034,,,0,0,,Est. 240V Preensamblado Doble retención con 4 conduct.,ESD-1PD4,,
ESV0066,,,0,0,,Est. 22 kV 3F Semi Centrada Retención deriv. 1F Centrada Retención,ESV-3SR+1CR,,
SPS0004,,,0,0,,Protección 6kV 2F con descargador 6kV,SPS-2P6,,
TRR0231,300,C,0,0,,Transformador 34.5 kV 3F conv. 300 kVA en poste,TRR-3C300,,
TRT0156,50,C,0,0,,Banco de 3 transformadores 13 kV monofásicos 50 KVA en cámara,TRT-3I50,,
TRS0100,800,C,0,0,,Transformador 6 kV 3F Pedestal o Padmounted 800 kVA,TRS-3P800,,
SPR0059,,,0,0,,Secc. 34.5kV 3F con reconectador 400A BIL 95,SPR-3R400_95,,
SPV0091,,,0,0,,Secc. 22kV 3F con interruptor 630A BIL 150,SPV-3I630_150,,
APO0614,175,C,0,12,,Lum. 240 V Na 175 W en poste con red aérea Autocontrolada pot. cte. A,APD-0PLAS175AC,21,
ESV0099,,,0,0,,Est. 22 kV 3F Centrada Doble Retención deriv. 3F Semi Centrada Retención,ESV-3CD+3SR,,
POO1002,,,0,0,,Poste Hormigón armado Circular de 11m carga de rotura 400kg,PO0-0HC11_400,,
COO0114,,,0,0,,Conductor Clase 25kV Cu 1/0 AWG,CO0-0Y1/0,,
SPR0006,,,0,0,,Secc. 34.5kV 1F con seccionador de cuchilla   200A,SPR-1C200,,
TRV0088,315,C,0,0,,Transformador 22 kV 3F conv. 315 kVA en cámara,TRV-3O315,,
TRT0064,1200,C,0,0,,Transformador 13 kV 3F Pedestal o Padmounted 1200KVA,TRT-3P1200,,
TRR0036,300,C,0,0,,Transformador 34.5 kV 1F Pedestal o Padmounted 300KVA,TRR-1P300,,
SST0076,,,0,0,,"Secc. red subt. 13kV 3F,  celda, protección, 630A, 95 BIL",SST-3EP400_150,,
COO0217,,,0,0,,Conductor Clase 35KV Cu 1000 MCM,CO0-0R1000,,
TRR0264,1,C,0,0,,Transformador 34.5 kV 1F conv.  1 kVA en poste,TRR-1C1,,
TRV0417,204.5,C,0,0,,Banco de 2 transformadores en paralelo 22 kV monofásicos 204.5 kVA en cámara,TRV-1V204.5,,
POO1604,,,0,0,,Poste Hormigón armado Circular de 12m carga de rotura 500kg,PO0-0HC12_500,,
TUT0030,45,C,0,0,,Transformador  13kV 3F sumerg.  45 kVA,TUT-3S45,,
TRR0401,115,C,0,0,,Banco de 2 transformadores en paralelo 34.5 kV monofásicos 115 KVA en cámara,TRR-1V115,,
TRR0382,15,C,0,0,,Banco de 2 transformadores en paralelo 34.5 kV monofásicos 15 kVA en cámara,TRR-1V15,,
EST0097,,,0,0,,Est. 13 kV 3F Centrada Angular deriv. 3F Semi Centrada Retención,EST-3CA+3SR,,
POO3215,,,0,0,,Poste Hormigón armado Rectangular de 18 m carga de rotura 2400 kg,PO0-0HR18_2400,,
SDD0259,30,,,,,SGDA 220V 3F Fotovoltaica de 30kW,SDD-3F30,,
COO0020,,,0,0,,Conductor AAAC 5005 #1/0 AWG,CO0-0C1/0,,
SPT0112,,,0,0,,Secc. 13kV 3F con interruptor 800A BIL 125,SPT-3I800_125,,
TRR0329,50,C,0,0,,Transformador 34.5 kV 2F conv. 50 kVA en cámara,TRR-2O50,,
TRT0115,55,C,0,0,,Banco de 3 transformadores 13 kV monofásicos 55 KVA en poste,TRT-3N55,,
TRT0022,75,C,0,0,,Transformador 13 kV 3F conv. 75 kVA en poste,TRT-3C75,,
APO0511,150,C,0,13,,Proy. 240 V Na 150 W en fachada con red preen Autocont. pot. cte. C,APD-0FPCS150AC,19.5,
COO0213,,,0,0,,Conductor Clase 35KV Cu 4/0 AWG,CO0-0R4/0,,
SPV0077,,,0,0,,Secc. 22kV 3F con reconectador 560A BIL 95,SPV-3R560_95,,
COO0144,,,0,0,,Conductor TW Al # 250 MCM,CO0-0I250,,
SPR0104,,,0,0,,Secc. 34.5 kV 3F con reconectador 800A BIL 150,SPR-3R800_150,,
APO0715,400,C,0,10,,Lum. 240 V Led 400 W en poste con red aérea Autocontrolada pot. cte. C,APD-0PLCL400AC,40,
COO0349,,,0,0,,Conductor Semiaislado o Ecológico Clase 25kV Al 4/0 AWG,CO0-0H4/0,,
TRV0029,25,C,0,0,,Transformador 22 kV 1F Pedestal o Padmounted 25KVA.,TRV-1P25,,
COO0372,,,0,0,,Conductor Multiplex Al 2x10 AWG,CO0-0J2x10,,
TRR0113,45,C,0,0,,Banco de 3 transformadores 34.5 kV monofásicos 45 KVA en poste,TRR-3N45,,
TRR0085,20,C,0,0,,Banco de 2 transformadores 34.5 kV monofásicos 20 KVA en poste,TRR-3B20,,
TRT0288,125,C,0,0,,Banco de 3 transformadores 13 kV monofásicos 125 KVA en poste,TRT-3N125,,
APO0514,250,C,0,12,,Proy. 240 V Na 250 W en fachada con red subt hilo piloto pot. cte. C,APD-0APCS250PC,30,
TRV0296,10,C,0,0,,Banco de 2 transformadores en paralelo 22 kV monofásicos 10 kVA en poste,TRV-1B10,,
ECT0034,100,E,0,0,,Regulador de voltaje bobina múltiple 13kV 1F 100 kVA ctrl electrónico,ECT-1EE100,,
POO2305,,,0,0,,Poste Hormigón armado Circular de 14m carga de rotura 600kg,PO0-0HC14_600,,
TUT0087,50,C,0,0,,Banco de 3 transformadores 13 kV 1F convenc. Frente muerto 50 kVA,TUT-3R50,,
TRR0219,75,C,0,0,,Transformador 34.5 kV 2F conv. 75 kVA en poste,TRR-2C75,,
SPO0037,,,0,0,,Secc. 3F con fusible 3H,SPO-3F3H,,
SPV0004,,,0,0,,Secc. 22kV 1F con seccionador fus. unipolar ab. disp. rompearco 200A,SPV-1E200,,
ECS0015,200,M,0,0,,Regulador de voltaje bobina fija 6kV 1F 200 kVA ctrl manual,ECS-1RM200,,
TRS0024,300,C,0,0,,Transformador 6 kV 3F Pedestal o Padmounted 300KVA,TRS-3P300,,
SSS0017,,,0,0,,"Secc. red subt. 6kV 2F con barraje desc., 2 vias,  600 A",SSS-2B2_600,,
SSD0019,,,0,0,,"Secc. red subt. 220 V 3F con tablero de distribución,  200A, 2 circuitos",SSD-3L200_2,,
TRV0301,35,C,0,0,,Banco de 2 transformadores en paralelo 22 kV monofásicos 35 kVA en poste,TRV-1B35,,
ESS0061,,,0,0,,Est. 6 kV 3F En Volado Pasante deriv. 3F Semi Centrada Retención,ESS-3VP+3SR,,
APO0237,150,C,0,13,C,Lum. 240 V Hg 150 W en poste con red aerea Autocontrolada pot. cte. C,APD-0PLCM150AC,19.5,
ESV0056,,,0,0,,Est. 22 kV 3F Centrada Pasante deriv. 1F Centrada Retención,ESV-3CP+1CR,,
TRR0393,65,C,0,0,,Banco de 2 transformadores en paralelo 34.5 kV monofásicos 65 KVA en cámara,TRR-1V65,,
AOD0013,70,C,0,16,C,Lum. 240 V Ornamental Na 70 W en Fachada Autocont. pot. cte.,AOD-0FLS70AC,11.2,
COO0270,,,0,0,,Conductor AAAC 6201 #336 MCM,CO0-0D336,,
TRT0486,900,C,0,0,,Banco de 3 transformadores 13 kV monofásicos 900 KVA en cámara (300KVA-300KVA-300KVA),TRT-3I900,0,0
TRS0202,15,C,0,0,,Transformador 6 kV 2F conv. 15 kVA en cámara,TRS-2O15,,
SPR0073,,,0,0,,Secc. 34.5 kV 3F con seccionador fus. unipolar cerrado 100A,SPR-3D100,,
ESN0017,,,0,0,,Est. 69 kV 3F Suspensión sencilla de pequeño angulo con dos postes  y aisladores tipo disco,ESN-1HS,,
ECT0060,1800,C,0,0,,Capacitor fijo 13kV 3F 1800kVAR,ECT-3C1800,,
TRT0352,350,C,0,0,,Transformador 13 kV 3F conv. 350 kVA en poste,TRT-3C350,,
ECS0059,400,C,0,0,,Capacitor fijo 6kV 2F 400kVAR,ECS-2C400,,
TRV0240,115,C,0,0,,Banco de 2 transformadores 22 kV monofásicos 115 kVA en poste,TRV-3B115,,
TRV0326,15,C,0,0,,Banco de 2 transformadores en paralelo 22 kV monofásicos 15 kVA en cámara,TRV-1V15,,
TRT0433,175,C,0,0,,Banco de 2 transformadores en paralelo 13 kV monofásicos 175 KVA en cámara,TRT-1V175,,
APO0358,100,C,0,15,,Lum. 240 V Na 100 W en fachada con red subt hilo piloto pot. cte. C,APD-0ALCS100PC,15,
TUT0079,242,C,0,0,,Banco de 2 transformadores 13 kV 1F convenc. Frente muerto  242 kVA,TUT-3T242,,
COO0155,,,0,0,,Conductor THHN Cu #350 MCM,CO0-0Q350,,
TRV0003,10,C,0,0,,Transformador 22 kV 1F conv. 10 kVA en poste,TRV-1C10,,
TRT0401,137.5,C,0,0,,Banco de 2 transformadores en paralelo 13 kV monofásicos 137.5 KVA en poste,TRT-1B137.5,,
COO0136,,,0,0,,Conductor TW Cu # 250 MCM,CO0-0O250,,
SSD0038,,,0,0,,"Secc. red subt. 220V 3F, Transición, inst. en red desnuda",SSD-3RD,,
TRT0014,37.5,A,0,0,,Transformador 13 kV 1F autoproteg. 37.5 kVA en poste,TRT-1A37.5,,
TRV0035,30,C,0,0,,Transformador 22 kV 3F Pedestal o Padmounted 30KVA.,TRV-3P30,,
AOD0091,40,C,0,10,C,Proy. 240 V Ornamental Led 40 W en piso Hilo Piloto. pot. cte.,AOD-0IPL40PC,4,
SPR0094,,,0,0,,Secc. 34.5 kV 3F con reconectador 1250A BIL 95,SPR-3R1250_95,,
TRV0408,180,C,0,0,,Transformador 22 kV 3F conv. 180 kVA en cámara,TRV-3O180,,
TRT0213,750,C,0,0,,Banco de 3 transformadores 13 kV monofásicos 750 KVA en poste,TRT-3N750,,
APO0212,400,C,0,12,C,Lum. 240 V Hg 400 W  en poste con red subt hilo piloto pot. cte. C,APD-0SLCM400PC,48,
SDD0196,22.08,,,,,SGDA 220V 2F Fotovoltaica de 22.08kW,SDD-2F22.08,,
SPV0112,,,0,0,,Secc. 22kV 3F con reconectador 600A BIL 75,SPV-3R600_75,,
EST0116,,,0,0,,Est. 13 kV 3F Dos Postes Angular deriv. 3F Semi Centrada Retención,EST-3HA+3SR,,
ECT0002,100,C,0,0,,Capacitor fijo 13kV 1F 100kVAR,ECT-1C100,,
ECT0005,50,C,0,0,,Capacitor fijo 13kV 3F 50kVAR,ECT-3C50,,
SDD0152,5.75,,,,,SGDA 240V 2F Fotovoltaica de 5.75kW,SDD-2F5.75,,
TRR0287,22.5,C,0,0,,Banco de 3 transformadores 34.5 kV monofásicos 22.5 KVA en poste,TRR-3N22.5,,
COO0323,,,0,0,,Conductor Al. Preensamblado 3x95 + Nx50 mm²,CO0-0T3X95(50),,
SPO0020,,,0,0,,Secc. 2F con fusible 2H,SPO-2F2H,,
SDD0150,5.31,,,,,SGDA 220V 2F Fotovoltaica de 5.31kW,SDD-2F5.31,,
ESE0006,,,0,0,,Est. 0V 1 vía Centrada Retención,ES0-1CR,,
TRR0378,175,C,0,0,,Banco de 2 transformadores en paralelo 34.5 kV monofásicos 175 KVA en poste,TRR-1B175,,
TUV0019,90,C,0,0,,Transformador  22kV 3F conv. frente muerto 90 kVA,TUV-3M90,,
SDD0080,9.04,,,,,SGDA 240V 1F Fotovoltaica de 9.04kW,SDD-1F9.04,,
ECS0062,250,A,0,0,,Capacitor automático 6kV 3F 250kVAR,ECS-3A250,,
SPT0062,,,0,0,,Secc. 13kV 3F con reconectador 600A BIL 125,SPT-3R600_125,,
SPR0089,,,0,0,,Secc. 34.5 kV 3F con interruptor 630A BIL 75,SPR-3I630_75,,
POO4327,,,0,0,,Poste Hormigón armado rectangular de 23m carga de rotura 3600kg,PO0-0HR23_3600,,
COO0091,,,0,0,,Conductor Concéntrico Cu 4x6,CO0-0W4x6,,
SPS0081,,,0,0,,Secc. 6kV 3F con reconectador 560A BIL 75,SPS-3R560_75,,
SDD0160,7.2,,,,,SGDA 220V 2F Fotovoltaica de 7.2kW,SDD-2F7.2,,
ECV0038,100,E,0,0,,Regulador de voltaje bobina múltiple 22kV 3F 100 kVA ctrl electrónico,ECV-3EE100,,
POO8605,,,0,0,,Poste Hormigón armado Circular de 16m carga de rotura 600kg,PO0-0HC16_600,,
COO0386,,,0,0,,Conductor TTU Al #1/0 AWG,CO0-0M1/0,,
TRT0312,528,C,0,0,,Banco de 3 transformadores 13 kV monofásicos 528 kVA en cámara,TRT-3I528,,
TRV0395,1250,C,0,0,,Transformador 22 kV 3F conv. 1250 kVA en cámara,TRV-3O1250,,
TRV0097,150,C,0,0,,Transformador 22  kV 1F conv. 150 kVA en poste,TRV-1C150,,
TRT0186,434,C,0,0,,Banco de 3 transformadores 13 kV monofásicos 434 KVA en cámara,TRT-3I434,,
TUT0042,500,C,0,0,,Transformador  13kV 3F sumerg. 500 kVA,TUT-3S500,,
ECV0009,200,A,0,0,,Capacitor automático 22kV 1F 200kVAR,ECV-1A200,,
SPS0089,,,0,0,,Secc. 6kV 3F con reconectador 630A BIL 75,SPS-3R630_75,,
TRR0301,215,C,0,0,,Transformador 34.5 kV 3F conv. 215 kVA en poste,TRR-3C215,,
TRR0428,37.5,C,0,0,,Transformador 34.5 kV 3F conv. 37.5 kVA en cámara,TRR-3O37.5,,
COO0223,,,0,0,,Conductor Clase 35KV Al 4/0 AWG,CO0-0L4/0,,
AOD0083,400,C,0,12,C,Proy. 240 V Ornamental Hg 400 W en poste Hilo Piloto. pot. cte.,AOD-0PPM400PC,48,
SDD0010,2,,,,,SGDA 240V 1F Fotovoltaica de 2kW,SDD-1F2,,
TRS0017,75,C,0,0,,Transformador 6 kV 3F Pedestal o Padmounted 75KVA,TRS-3P75,,
AOD0078,90,C,0,15,C,Proy. 240 V Ornamental Induccion 90 W en fachada Hilo Piloto. pot. cte.,AOD-0FPI90PC,13.5,
TRR0458,1600,C,0,0,,Transformador 34.5 kV 3F Pedestal o Padmounted 1600 kVA,TRR-3P1600,,
TRT0198,999,C,0,0,,Banco de 3 transformadores 13 kV monofásicos 999 KVA en cámara,TRT-3I999,,
TRT0055,400,C,0,0,,Transformador 13 kV 3F Pedestal o Padmounted 400KVA,TRT-3P400,,
TRT0162,100,C,0,0,,Banco de 3 transformadores 13 kV monofásicos 100 KVA en cámara,TRT-3I100,,
SDD0053,5.6,,,,,SGDA 220V 1F Fotovoltaica de 5.6kW,SDD-1F5.6,,
ECR0030,100,M,0,0,,Regulador de voltaje bobina múltiple 34.5kV 1F 100 kVA ctrl manual,ECR-1EM100,,
TRR0268,167,A,0,0,,Transformador 34.5 kV 1F autoproteg. 167 kVA en poste,TRR-1A167,,
APO0370,150,D,100,13,S,Lum. 240 V Na 150 W en fachada con red subt Autocont. Dob.niv.pot. C,APD-0ALCS150AD,19.5,15
APO0122,125,C,0,13,C,Lum. 240 V Hg 125 W en fachada con red subt Autocontrolada pot. cte. A,APD-0ALAM125AC,16.25,
APO0106,250,C,0,12,C,Lum. 240 V Hg 250 W en poste con red aerea Autocontrolada pot. cte. A,APD-0PLAM250AC,30,
COO0276,,,0,0,,Conductor Cu Desnudo #500  MCM,CO0-0G500,,
TRV0064,100,C,0,0,,Transformador 22 kV 3F conv. 100 kVA en cámara,TRV-3O100,,
SSV0040,,,0,0,,Secc. red subt. 22 kV 2F con fusible 8 A,SSV-2F8,,
TUT0061,52.5,C,0,0,,Banco de 2 transformadores 13 kV 1F convenc. Frente muerto 52.5 kVA,TUT-3T52.5,,
TRV0034,15,C,0,0,,Transformador 22 kV 3F Pedestal o Padmounted 15KVA.,TRV-3P15,,
ECV0063,450,A,0,0,,Capacitor automático 22kV 3F 450kVAR,ECV-3A450,,
ESV0031,,,0,0,,Est. 22 kV 3F Dos Postes Pasante,ESV-3HP,,
APO0334,400,C,0,12,,Lum. 240 V Na 400 W en poste con red subt Autocontrolada pot. cte. C,APD-0SLCS400AC,48,
APO0108,175,C,0,12,C,Lum. 240 V Hg 175 W  en poste con red subt hilo piloto pot. cte. A,APD-0SLAM175PC,21,
SDD0083,9.76,,,,,SGDA 240V 1F Fotovoltaica de 9.76kW,SDD-1F9.76,,
APO0924,108,C,0,10,,Lum. 240 V Led 108 W en poste con red aérea Autocontrolada pot. cte. C,APD-0PLCL108AC,10.8,
APO0634,250,C,0,12,,Lum. 240 V Na 250 W en fachada con red subt hilo piloto pot. cte. A,APD-0ALAS250PC,30,
TRV0217,1.5,C,0,0,,Transformador 22 kV 1F conv. 1.5 kVA en poste,TRV-1C1.5,,
SDD0014,2.2,,,,,SGDA 220V 1F Fotovoltaica de 2.2kW,SDD-1F2.2,,
SPS0024,,,0,0,,Secc. 6 kV 2F con interruptor 100A BIL 125,SPS-2I100_125,,
ESV0061,,,0,0,,Est. 22 kV 3F Centrada Doble Retención deriv. 1F Centrada Retención,ESV-3CD+1CR,,
ESS0137,,,0,0,,Est. 6 kV 3F Semiaislado o Ecologico Pasante,ESS-3MP,,
ECT0018,100,E,0,0,,Regulador de voltaje bobina fija 13kV 1F 100 kVA ctrl electrónico,ECT-1RE100,,
SDD0213,7,,,,,SGDA 220V 3F Fotovoltaica de 7kW,SDD-3F7,,
SDD0254,26,,,,,SGDA 220V 3F Fotovoltaica de 26kW,SDD-3F26,,
AOD0089,15,C,0,10,C,Proy. 240 V Ornamental Led 15 W en piso Hilo Piloto. pot. cte.,AOD-0IPL15PC,1.5,
TRS0126,630,C,0,0,,Transformador 6 kV 3F conv. 630 kVA en cámara,TRS-3O630,,
TUS0013,300,C,0,0,,Transformador  6kV 3F conv. frente muerto 300 kVA,TUS-3M300,,
SPV0050,,,0,0,,Secc. 22kV 3F con reconectador 600A BIL 150,SPV-3R600_150,,
TRR0388,47.5,C,0,0,,Banco de 2 transformadores en paralelo 34.5 kV monofásicos 47.5 KVA en cámara,TRR-1V47.5,,
TRR0216,25,C,0,0,,Transformador 34.5 kV 2F conv. 25 kVA en poste,TRR-2C25,,
COO0173,,,0,0,,Conductor Concéntrico Al 2x2,CO0-0X2x2,,
TUS0020,60,C,0,0,,Transformador  6kV 3F sumerg.  60 kVA,TUS-3S60,,
COO0199,,,0,0,,Conductor TTU Cu. 3X8 AWG,CO0-0P3X8,,
TRV0066,125,C,0,0,,Transformador 22 kV 3F conv. 125 kVA en cámara,TRV-3O125,,
TRV0325,200,C,0,0,,Banco de 2 transformadores en paralelo 22 kV monofásicos  200 kVA en poste,TRV-1B200,,
SDT0299,150,,,,,"SGDA 13,8kV 3F Fotovoltaica de 150kW",SDT-3F150,,
COO0209,,,0,0,,Conductor Clase 35KV Cu 2 AWG,CO0-0R2,,
COO0298,,,0,0,,Conductor Al. Preesamblado 3x95 + Nx95 mm,CO0-0T3X95(95),,
SPT0012,,,0,0,,Secc. 13kV 1F con seccionador de cuchilla   con disp. rompearco 600A,SPT-1O600,,
AOD0103,18,C,0,10,C,Proy. 240 V Ornamental Led 18 W en piso Autocont. pot. cte.,AOD-0IPL18AC,1.8,
TRR0133,75,C,0,0,,Banco de 2 transformadores 34.5 kV monofásicos 75 KVA en cámara,TRR-3V75,,
TRR0414,350,C,0,0,,Banco de 3 transformadores 34.5 kV monofásicos 350 kVA en poste,TRR-3N350,,
SDD0172,9.4,,,,,SGDA 220V 2F Fotovoltaica de 9.4kW,SDD-2F9.4,,
ECS0023,200,M,0,0,,Regulador de voltaje bobina fija 6kV 3F 200 kVA ctrl manual,ECS-3RM200,,
MED0015,,,0,0,,Medidor 240V 1F3H - Especiales Electrónico. Energía A-D - 20 A_Forma 3S,MED-1D20_3S,,
APO0756,155,C,0,10,,Lum. 240 V Led 155 W en fachada con red subt Autocontrolada pot. cte. C,APD-0ALCL155AC,15.5,
TRV0400,330,C,0,0,,Transformador 22 kV 1F conv. 330 kVA en poste,TRV-1C330,,
SPV0080,,,0,0,,Secc. 22kV 3F con interruptor 600A BIL 75,SPV-3I600_75,,
TRT0484,4000,C,0,0,,Transformador 13 kV 3F conv. 4000 kVA en cámara,TRT-3O4000,,
APO0425,100,C,0,15,,Proy. 240 V Hg 100 W en fachada con red subt hilo piloto pot. cte. C,APD-0APCM100PC,15,
APO0316,250,D,150,12,S,Lum. 240V Na 250 W en poste con red aerea  hilo piloto Dob. niv. pot. C,APD-0PLCS250PD,30,19.5
APO0332,150,C,0,13,,Lum. 240 V  Na150 W en poste con red subt Autocontrolada pot. cte. C,APD-0SLCS150AC,19.5,
TRV0337,65,C,0,0,,Banco de 2 transformadores en paralelo 22 kV monofásicos 65 kVA en cámara,TRV-1V65,,
TRV0163,217,C,0,0,,Banco de 3 transformadores 22 kV monofásicos 217 kVA en cámara,TRV-3I217,,
TUT0102,200,C,0,0,,Banco de 3 transformadores 13 kV 1F convenc. Frente muerto  200 kVA,TUT-3R200,,
SPT0067,,,0,0,,Protección 13kV 1F con descargador 10kV,SPT-1P10,,
ESR0086,,,0,0,,Est. 34.5 kV 1F Centrada Retención tres deriv.1F Centrada Retención,ESR-1CR+1CR+1CR+1CR,,
APO0930,220,C,0,10,,Lum. 240 V Led 220 W en fachada con red preen hilo piloto pot. cte. C,APD-0FLCL220PC,22,
TAT0011,,,0,0,,Tensor en V a tierra Doble en redes de dist. 13 kV,TAT-0VD,,
SPT0015,,,0,0,,Secc. 13kV 1F con interruptor 200A BIL 95,SPT-1I200_95,,
SPR0016,,,0,0,,Secc. 34.5kV 1F con interruptor 200A BIL 125,SPR-1I200_125,,
TRV0407,375,C,0,0,,Transformador 22 kV 3F conv. 375 kVA en poste,TRV-3C375,,
TRT0416,47.5,C,0,0,,Banco de 2 transformadores en paralelo 13 kV monofásicos 47.5 KVA en cámara,TRT-1V47.5,,
TRR0398,100,C,0,0,,Banco de 2 transformadores en paralelo 34.5 kV monofásicos 100 KVA en cámara,TRR-1V100,,
TRT0379,62.5,C,0,0,,Banco de 2 transformadores en paralelo 13 kV monofásicos 62.5 KVA en poste,TRT-1B62.5,,
TRV0024,100,C,0,0,,Transformador 22 kV 3F conv. 100 kVA en poste,TRV-3C100,,
COO0316,,,0,0,,Conductor Clase 25kV Cu 700 MCM,CO0-0Y700,,
ECT0046,76.2,E,0,0,,Regulador de voltaje bobina fija 13kV 1F 76.2 kVA ctrl electrónico,ECT-1RE76.2,,
TRV0321,150,C,0,0,,Banco de 2 transformadores en paralelo 22 kV monofásicos 150 kVA en poste,TRV-1B150,,
CSP0002,14,,0,0,,Sem. 110V en poste vehicular 2 modulo,CSC-0PV14M2,,
APO0510,250,C,0,12,,Proy. 240 V Na 250 W en fachada con red preen hilo piloto pot. cte. C,APD-0FPCS250PC,30,
ECS0016,300,M,0,0,,Regulador de voltaje bobina fija 6kV 1F 300 kVA ctrl manual,ECS-1RM300,,
SDD0095,13,,,,,SGDA 240V 1F Fotovoltaica de 13kW,SDD-1F13,,
APO0432,1000,C,0,12,,Proy. 240 V  Hg 1000 W en fachada con red subt Autocontrolado pot .cte. C,APD-0APCM1000AC,120,
ESR0107,,,0,0,,Est. 34.5 kV 3F Dos Postes Angular deriv. 1F Centrada Pasante,ESR-3HA+1CP,,
APO0410,150,C,0,13,,Proy. 240 V Hg 150 W en poste con red subt hilo piloto pot. cte. C,APD-0SPCM150PC,19.5,
AOD0081,70,C,0,16,C,Proy. 240 V Ornamental Na 70 W en poste Hilo Piloto. pot. cte.,AOD-0PPS70PC,11.2,
TRT0434,182,C,0,0,,Banco de 2 transformadores en paralelo 13 kV monofásicos 182 KVA en cámara,TRT-1V182,,
COO0010,,,0,0,,Conductor TW Al # 3/0 AWG,CO0-0I3/0,,
TRT0381,65,C,0,0,,Banco de 2 transformadores en paralelo 13 kV monofásicos 65 KVA en poste,TRT-1B65,,
TRT0395,112.5,C,0,0,,Banco de 2 transformadores en paralelo 13 kV monofásicos 112.5 KVA en poste,TRT-1B112.5,,
MEC0015,,,0,0,,Medidor 120V 1F2H - Masivo Electrónico. Energía Activa - 60 A_ Forma 13A,MEC-1E60_13A,,
ESD0055,,,0,0,,Est. 240V 5 vías Centrada Doble retención,ESD-5CD,,
ESV0070,,,0,0,,Est. 22 kV 3F Semi Centr. Doble Retenc. deriv. 3F Semi Centr. Retenc.,ESV-3SD+3SR,,
TUS0002,30,C,0,0,,Transformador  6kV 3F conv. frente muerto 30 kVA,TUS-3M30,,
EST0074,,,0,0,,Est. 13 kV 3F Semi Centrada Doble Retenc. deriv. 3F Semi Centr. Retenc.,EST-3SD+3SR,,
TRR0364,60,C,0,0,,Banco de 2 transformadores en paralelo 34.5 kV monofásicos 60 KVA en poste,TRR-1B60,,
AOD0102,18,C,0,10,C,Proy. 240 V Ornamental Led 18 W en piso Hilo Piloto. pot. cte.,AOD-0IPL18PC,1.8,
SSD0027,,,0,0,,"Secc. red subt. 220 V 3F con tablero de distribución,  600A, 4 circuitos",SSD-3L600_4,,
APO0602,100,C,0,15,,Lum. 240 V Na 100 W en poste con red preen Autocontrolada pot. cte. A,APD-0OLAS100AC,15,
SDD0231,9.63,,,,,SGDA 220V 3F Fotovoltaica de 9.63kW,SDD-3F9.63,,
TRS0196,37.5,C,0,0,,"Transformador 6 kV 3F conv. 37,5 kVA en cámara",TRS-3O37.5,,
EST0059,,,0,0,,Est. 13kV 3F Semi Cen. Pasante deriv. 1F Semi Cen. Retención,EST-3SP+1SR,,
TRV0146,50,C,0,0,,Banco de 3 transformadores 22 kV monofásicos 50 kVA en cámara,TRV-3I50,,
TUT0116,434,C,0,0,,Banco de 3 transformadores 13 kV 1F convenc. Frente muerto 434 kVA,TUT-3R434,,
COO0252,,,0,0,,Conductor TW Cu # 18 AWG,CO0-0O18,,
MET0001,,,0,0,,Medidor 13kV 1F3H - Espec. Electr.  Energía A-R-D-M - 20 A_ Forma 3S,MET-1R20_3S,,
SPR0027,,,0,0,,Secc. 34.5kV 2F con seccionador de cuchilla   300A,SPR-2C300,,
TRT0184,384,C,0,0,,Banco de 3 transformadores 13 kV monofásicos 384 KVA en cámara,TRT-3I384,,
